trial_type.gas	trans_x	trans_x_derivative1	trans_x_derivative1_power2	trans_x_power2	trans_y	trans_y_derivative1	trans_y_derivative1_power2	trans_y_power2	trans_z	trans_z_derivative1	trans_z_derivative1_power2	trans_z_power2	rot_x	rot_x_derivative1	rot_x_derivative1_power2	rot_x_power2	rot_y	rot_y_derivative1	rot_y_derivative1_power2	rot_y_power2	rot_z	rot_z_derivative1	rot_z_derivative1_power2	rot_z_power2	cosine00	cosine01	cosine02	cosine03	intercept
-0.0090905095690709	4.406320075977227e-05	2.478860038461272e-16	-6.511917198011806e-16	1.9415654402305103e-09	3.2751277416371246e-05	-1.2140942014410503e-16	-3.036003079897103e-16	1.0726451915439234e-09	0.1040967955248525	-5.59300656339729e-16	-8.044629495195865e-16	0.0108361428385417	-0.001358094411033	-2.1809653156416042e-16	-1.8140019692814279e-16	1.8444204298873729e-06	-0.000344121511392	3.49766435011352e-17	-4.501916973120845e-16	1.1841961444001185e-07	-0.0005577339584297	2.6568077759250885e-17	-3.622935882375771e-16	3.110671673876887e-07	0.1290883846000026	0.1290552057000012	0.1289999139000017	0.128922518600001	1
0.1113877255355622	0.0083349127837374	0.0082908495829769	6.873818680687018e-05	6.947077111176594e-05	-0.0226652327804977	-0.0226979840579137	0.0005151984802936	0.0005137127769942	0.1426992044512176	0.0386024089263656	0.001490145974918	0.0203630629510092	-0.0017241206292761	-0.0003660262182429	1.3397519216142324e-07	2.9725919459601093e-06	-0.0003659213691112	-2.179985771951691e-05	4.752328670628964e-10	1.338984478644183e-07	-0.0006713159155236	-0.000113581957094	1.2900860720053417e-08	4.506650579875363e-07	0.1289999139000022	0.1287014744000012	0.1282045865000019	0.1275100165000008	1
0.6609336974490088	-5.89879753368379e-05	-0.0083939007590743	7.045756995295248e-05	3.479581538776143e-09	0.0002300908872712	0.0228953236677686	0.0005241958458519	5.294181544529941e-08	0.0952216772629414	-0.0474775271882787	0.0022541155879134	0.009067167820767	-0.0012109593173839	0.000513161311892	2.6333453202903104e-07	1.466422467528804e-06	9.606723520758462e-05	0.0004619886043194	2.134334715684447e-07	9.228913311554871e-09	-0.0009369418292667	-0.0002656259137422	7.055712613461534e-08	8.778599927449027e-07	0.1288230331000007	0.1279949812000012	0.1266188352000015	0.1247004880000007	1
1.064441190449614	0.0001587718680573	0.0002177598433943	4.7419348731363386e-08	2.5208506487145323e-08	-0.0133841243683991	-0.0136142152556713	0.0001853468570272	0.0001791347851086	0.1606667486108026	0.0654450713478606	0.0042830573637272	0.0258138041091659	-0.0019331606955225	-0.0007222013781381	5.215748302397019e-07	3.737110276976369e-06	-0.0003150148151465	-0.0004110820503534	1.6898845257635865e-07	9.923433397174886e-08	-0.0010198052751139	-8.286344584633694e-05	6.866349957688926e-09	1.0400028000902e-06	0.1285578633999995	0.1269376627000014	0.1242524367000013	0.1205247148000005	1
1.1430363843713784	0.0058617148690128	0.0057029430009555	3.2523558871836626e-05	3.435970120561439e-05	-0.0178911880447	-0.0045070636763004	2.03136229819102e-05	0.0003200946096511	0.1226503603430958	-0.0380163882677078	0.0014452457769206	0.0150431108922907	-0.0013050259708136	0.0006281347247095	3.945532323190492e-07	1.7030927837992792e-06	-6.602755214951686e-05	0.0002489872629976	6.199465713848493e-08	4.359637611343402e-09	-0.0007240429351745	0.0002957623399399	8.747536171517834e-08	5.24238172069288e-07	0.1282045864999992	0.1255324169000015	0.1211199807000014	0.1150284477000005	1
1.1088466860107489	0.000208772775863	-0.0056529420931502	3.195575430832027e-05	4.3586072478544214e-08	-0.021336963608405	-0.0034457755637046	1.1873369235130413e-05	0.0004552660160267	0.1544342831737797	0.0317839228306841	0.0010102177505066	0.0238499478193985	-0.0018551456082822	-0.0005501196374689	3.02631615526983e-07	3.441565229649427e-06	-0.0002669981252354	-0.0002009705730859	4.0389171163815686e-08	7.12879992339232e-08	-0.001080751868661	-0.0003567089334861	1.272412635345694e-07	1.1680246030943178e-06	0.1277634446999993	0.1237830955000012	0.1172407796000014	0.1082719048000004	1
1.0543698534087158	0.0118980278921303	0.011689255116267	0.000136638685173	0.0001415630677217	-0.0394614379409586	-0.0181244743325529	0.0003284965698312	0.0015572050843697	0.1014845420827878	-0.0529497410909927	0.0028036750816028	0.0102991122817529	-0.0012400579849164	0.0006150876233663	3.78332784769894e-07	1.5377438044574626e-06	-0.000132955794687	0.0001340423305475	1.7967345984129398e-08	1.7677242807586025e-08	-0.0008780826407621	0.0002026692278986	4.1074815825842465e-08	7.71029125411782e-07	0.1272347400999988	0.1216944932000013	0.1126387502000014	0.1003291122000004	1
1.020731587741526	-0.0050536476073263	-0.0169516754994567	0.0002873593022397	2.5539354140083107e-05	-0.0035150057949242	0.0359464321460346	0.0012921459840301	1.2355265737796676e-05	0.0413352078728981	-0.0601493342098899	0.003617942405893	0.001708599409896	-0.000749450835541	0.0004906071493741	2.406953736929453e-07	5.616765532664706e-07	0.0001527410107673	0.0002856968054535	8.162266457234395e-08	2.3329816800431066e-08	-0.0006419429821757	0.0002361396585866	5.576193798423054e-08	4.120907925024313e-07	0.1266188351999991	0.1192723348000011	0.1073422654000013	0.0912870929000003	1
1.0061098124887558	0.0019773586056708	0.0070310062129977	4.943504836691787e-05	3.90994705557412e-06	-0.0211321378948239	-0.0176171320999001	0.0003103633434249	0.0004465672520061	0.1075582870592352	0.0662230791863378	0.0043854962169206	0.0115687851151164	-0.0013000642074165	-0.0005506133718753	3.031750850867852e-07	1.690166942869762e-06	-0.0001689822098834	-0.0003217232206509	1.0350583089424183e-07	2.8554986649765306e-08	-0.0007976100107756	-0.0001556670286008	2.423222315769516e-08	6.361817301534228e-07	0.1259161520999993	0.1165232592000012	0.1013839798000013	0.0812449131000002	1
1.0014424502721555	0.0152338296072693	0.0132564710015977	0.0001757340234164	0.0002320695645027	-0.02621851758903	-0.0050863796942049	2.5871258393469948e-05	0.0006874106645671	0.1023776937159801	-0.0051805933432549	2.683854738745288e-05	0.0104811921706026	-0.0012010003662354	9.906384118117236e-05	9.813644381133033e-09	1.4424018798922678e-06	-2.1963940925210728e-05	0.0001470182689575	2.1614371320173395e-08	4.824145549500463e-10	-6.0013159461016185e-05	0.0007375968513149	5.4404911768859e-07	3.6015777442743782e-09	0.1251271723999993	0.1134548014000012	0.0948006283000013	0.0703125971000001	1
1.000192227880046	-5.192340492484359e-05	-0.0152857530121942	0.0002336542451506	2.696040477618387e-09	-0.0025657375389015	0.0236527800501284	0.0005594540040998	6.583009118006402e-06	0.0708520829591002	-0.0315256107568803	0.0009938641335938	0.0050200176596431	-0.0007989997115408	0.0004020006546942	1.6160452548966336e-07	6.384005385991329e-07	-0.0001030034413662	-8.103950044136002e-05	6.567400850063393e-09	1.0609708672602987e-08	7.95880818172623e-06	6.797196764210244e-05	4.620187696066683e-09	6.33408017408954e-11	0.1242524366999995	0.1100753719000012	0.0876327994000012	0.0586099215	1
0.9999909556146356	0.0228876769027423	0.0229396003076671	0.0005262252622769	0.0005238457540035	-0.0105133643608887	-0.0079476268219871	6.31647721011249e-05	0.0001105308301848	0.1184748605900064	0.0476227776309068	0.0022679289492828	0.0140362925918208	-0.001170027047073	-0.0003710273355328	1.3766128422381806e-07	1.3689632916834049e-06	-0.0003019085389569	-0.0001989050975907	3.956323843301274e-08	9.114876577167008e-08	-0.0001561763533237	-0.0001641351615067	2.694035079600013e-08	2.4391052895236153e-08	0.1232925446999998	0.1063942335000008	0.0799246852000011	0.0462651032999999	1
1.0000070326249864	0.0254676729243811	0.0025799960216366	6.656379471165599e-06	0.0006486023641831	-0.012911463073891	-0.0023980987130016	5.750877436961947e-06	0.0001667058787086	0.1005567139631234	-0.0179181466268833	0.0003210599785419	0.0101116527230609	-0.0011840214815651	-1.3994434491578494e-05	1.958447666732704e-10	1.4019068702669177e-06	-0.0002689077994907	3.300073946537535e-05	1.0890488310165351e-09	7.231140518105528e-08	-0.0001561589199044	1.7433419977487194e-08	5.207780339233753e-16	2.438560744778881e-08	0.1222481540999998	0.1024214758000007	0.0717238087000012	0.0334133949999997	1
0.9999869918975618	0.0209866853945497	-0.004480987529832	2.007924924212611e-05	0.0004404409638494	0.0042445006100425	0.0171559636839337	0.000294327089924	1.8015785428176625e-05	0.0594222547670858	-0.0411344591960376	0.0016920437333502	0.0035310043616043	-0.0001940074800311	0.0009900140015339	9.801277253483311e-07	3.763890069101267e-08	-0.0001179876250413	0.0001509201744486	2.2776899278633143e-08	1.3921079709023032e-08	-0.0001250117832634	3.1147136640519976e-05	9.701442158184282e-10	1.5627946109361703e-08	0.1211199806999998	0.0981679880000006	0.0630807310000011	0.0201956025999997	1
1.0000343594715912	0.0065618921091765	-0.0144247932853721	0.0002080746613259	4.305842805220521e-05	0.0440307144177452	0.0397862138077018	0.0015829428091515	0.0019387038121364	-0.048704086272345	-0.1081263410394312	0.011691305626577	0.0023720880196257	0.0005089990580671	0.0007030065380978	4.9421819180168e-07	2.590800400329379e-07	-7.300554794938512e-05	4.498207709193193e-05	2.0233867118304093e-09	5.329810011712871e-09	-2.198139571411714e-05	0.0001030303875488	1.0615260953723864e-08	4.831809341069496e-10	0.1199087976999999	0.0936454286000006	0.0540487397000011	0.0067565428999995	1
0.9999044179405336	0.0120117830941533	0.0054498909849768	2.970131174776139e-05	0.0001442829331001	0.0252257441933373	-0.018804970224409	0.00035362690514	0.0006363381701071	0.020668802731791	0.0693728890041372	0.0048125977287808	0.000427199406366	0.0001620120071116	-0.0003469870509557	1.2040001361977894e-07	2.624788879119733e-08	0.0001169837291186	0.000189989277069	3.6095925265304444e-08	1.3685193144866004e-08	-0.0002060092930136	-0.0001840278973004	3.3866266870198775e-08	4.2439828956200016e-08	0.1186154352000002	0.0888661936000007	0.0446835199000009	-0.0067565429000006	1
1.000263966294294	0.0129868730400358	0.0009750899458813	9.508004021630872e-07	0.0001686588713574	-0.0075396245186986	-0.0327653687120357	0.0010735693868366	5.684593788331387e-05	0.0574481395499905	0.0367793368181999	0.0013527196167861	0.0033002887377552	-0.0003490022640107	-0.0005110142711222	2.611355851027729e-07	1.2180257971001174e-07	0.0001159927733555	-9.90955763475584e-07	9.812931026510308e-13	1.3454323401084657e-08	4.202022508580412e-05	0.0002480295181001	6.151864204988634e-08	1.7656985987427622e-09	0.1172407795999996	0.0838433825000007	0.0350428114000009	-0.0201956026000007	1
0.9992826143011994	-0.0001047513286776	-0.0130916243687123	0.0001713906286116	1.0972840971942324e-08	0.0416219640259228	0.0491615885446216	0.0024168617882321	0.0017323878893741	-0.0243183943854321	-0.0817665339354227	0.006685766071813	0.0005913843054867	0.0008029985021728	0.0011520007661833	1.3271057651740515e-06	6.448065932870516e-07	0.0001030151558773	-1.2977617477791274e-05	1.6841784981202495e-10	1.0612122437492218e-08	3.695862638713493e-05	-5.061598698087747e-06	2.5619836871819023e-11	1.3659393588943387e-09	0.1157857730999998	0.0785907625000006	0.0251860523000009	-0.0334133950000006	1
1.0018802570873695	-0.000319073038242	-0.0002143217095643	4.593379459318224e-08	1.0180760407380452e-07	-0.0092420485611615	-0.0508640125870858	0.0025871477764617	8.541546160704823e-05	0.0559109579101434	0.0802293522955766	0.0064367489697684	0.0031260352144298	-0.0006650627079552	-0.0014680612101283	2.1552037175567306e-06	4.423084059566866e-07	-0.0003078659293832	-0.0004108810852587	1.6882326580729618e-07	9.478143025456897e-08	-0.0004036019764908	-0.0004405606028785	1.9409364551665998e-07	1.6289455527047989e-07	0.1142514126999995	0.0731227308000008	0.0151740128000006	-0.0462651033000009	1
0.9953399301637652	0.0091359571167121	0.009455030154954	8.939759523143142e-05	8.34657124379149e-05	-0.0017057101166811	0.0075363384444814	5.679639714921444e-05	2.909447002169286e-06	0.022960629333852	-0.0329503285762914	0.0010857241532849	0.0005271904994072	-0.0003389965112808	0.0003260661966751	1.063191645755856e-07	1.1491863511161626e-07	8.001389446826293e-05	0.0003878798238519	1.5045075902167266e-07	6.402223965361119e-09	-8.198646199432977e-05	0.0003216155144975	1.0343653926554604e-07	6.721779281956705e-09	0.1126387501999992	0.0674542747000005	0.0050684204000006	-0.0586099215000009	1
1.0109091410365374	0.0043837710591396	-0.0047521860575728	2.258327232604441e-05	1.9217448698684316e-05	0.0062465608165498	0.0079522709332307	6.323861299463321e-05	3.901952203497128e-05	-0.0138939453154737	-0.0368545746493255	0.001358259672582	0.0001930417164306	-0.0004800002399158	-0.0001410037286344	1.9882051484329494e-08	2.304002321070678e-07	1.1004040333286956e-05	-6.90098541361481e-05	4.762360433389566e-09	1.2108958268721064e-10	-1.699736973007951e-05	6.498909226426151e-05	4.223581873003014e-09	2.8890960272267725e-10	0.1109488905999991	0.0616009311000005	-0.0050684203999994	-0.070312597100001	1
0.8234786068922234	-0.0004824025825201	-0.0048661736416586	2.3679645910815937e-05	2.3271225136492867e-07	0.0320050771358364	0.0257585163192863	0.0006635011629708	0.0010243249624703	-0.0342870286457721	-0.0203930833302973	0.0004158778477154	0.0011756003333573	0.0007059965402625	0.001185996780179	1.4065883642015362e-06	4.984311145517328e-07	-4.0058204206357e-05	-5.106224453918546e-05	2.6073531624935352e-09	1.6046604083841466e-09	-0.0001649859084441	-0.0001479885387136	2.190060739793529e-08	2.7220349903070963e-08	0.1091829923	0.0555787436000004	-0.0151740127999995	-0.0812449131000011	1
0.2470041062292615	-0.0027688633678914	-0.0022864607853703	5.227902923218337e-06	7.666604349652065e-06	0.0219365976139726	-0.0100684795218639	0.0001013742798807	0.0004812143148776	-0.0818001318448686	-0.0475131031990949	0.0022574949756069	0.0066912615698393	0.0007690043470575	6.300780679531575e-05	3.969983762092261e-09	5.913676864477545e-07	2.5880433481896604e-05	6.593863768800841e-05	4.347904355338784e-09	6.697973364247566e-10	-0.0003110096497939	-0.0001460237413499	2.132293316946428e-08	9.672700188105604e-08	0.1073422654000013	0.0494042187000003	-0.0251860522999994	-0.0912870929000011	1
-0.0922007162904611	0.0063422230031449	0.0091110863710355	8.301189486030024e-05	4.022379262056502e-05	-0.0115686154064192	-0.0335052130203912	0.0011225992995422	0.000133832862422	-0.0220497711091423	0.0597503607357278	0.0035701056080495	0.0004861924059655	0.0001579385743041	-0.0006110657727543	3.734013790910425e-07	2.4944593673310032e-08	-0.0002930331966648	-0.0003189136301478	1.0170590351998657e-07	8.586845389275454e-08	-0.0004189767255888	-0.0001079670757951	1.1656889268060412e-08	1.755414977431277e-07	0.1054279714000018	0.0430942802000001	-0.0350428113999994	-0.100329112200001	1
-0.1419394175132033	-0.0067109532596995	-0.0130531762628441	0.0001703854105494	4.5036893654521904e-05	0.0125791425132311	0.0241477579196508	0.0005831142125459	0.0001582348263671	-0.0059400093506134	0.0161097617585291	0.0002595244239157	3.52837110851754e-05	0.0001900073363335	3.206876202912686e-05	1.0284049495591223e-09	3.610278865596636e-08	2.594753826530608e-05	0.0003189807349312	1.0174870981194857e-07	6.732753296745967e-10	-0.0005520019696716	-0.0001330252440814	1.7695715017987542e-08	3.047061756537959e-07	0.1034414224000021	0.0366662233000001	-0.0446835198999994	-0.108271904800001	1
-0.0996473144639591	-0.0046660161438027	0.0020449371158978	4.181767807810614e-06	2.1771706654702424e-05	0.0043416706623128	-0.0082374718509189	6.785594249404489e-05	1.885010413916928e-05	0.026836005978762	0.0327760153293756	0.0010742671808709	0.0007201712168916	0.0003119908138263	0.0001219834774932	1.4879968796789985e-08	9.733826776703685e-08	-2.511573152679183e-05	-5.106326979173887e-05	2.6074570513368623e-09	6.308000077638275e-10	-0.0007419962201002	-0.0001899942504281	3.6097814994113466e-08	5.505583929734016e-07	0.1013839798000023	0.0301376669000002	-0.0540487396999996	-0.1150284477000011	1
-0.0473170194319849	0.0131498580931863	0.0178158742369878	0.0003174053748285	0.0001729187678705	-0.0333354573642752	-0.0376771280265874	0.0014195659763329	0.0011112527176859	0.101882816196441	0.0750468102176792	0.0056320237238492	0.0103801082361169	0.0002349199092457	-7.707090458152848e-05	5.93992305080628e-09	5.518736303054447e-08	-0.0004230446778964	-0.00039792894637	1.583474458996174e-07	1.789667991803776e-07	-0.0003799505879524	0.0003620456321482	1.3107703990009057e-07	1.4436245112140666e-07	0.0992570537000018	0.0235265052000001	-0.0630807309999997	-0.1205247148000011	1
-0.0173267893491623	0.0062544193515353	-0.0068954387416523	4.754707543980677e-05	3.91177614255017e-05	-0.0369533798167955	-0.003617922452519	1.3089362871533777e-05	0.0013655522798847	0.1703378726284708	0.0684550564320302	0.0046860947511134	0.0290149908515924	-0.000505006665763	-0.0007399265750092	5.47491336618171e-07	2.550317330916885e-07	-9.196335627176056e-05	0.0003310813216253	1.0961484171231656e-07	8.457258690976626e-09	-0.0001450231399209	0.0002349274480316	5.519090504205824e-08	2.1031711288404468e-08	0.0970621018000017	0.016850859	-0.0717238086999998	-0.124700488000001	1
-0.0049128989415268	-0.0011391784547936	-0.0073935978063281	5.466528852193265e-05	1.297727553029148e-06	-0.0367810743524348	0.0001723054643609	2.9689172360046764e-08	0.0013528474305197	0.2191517540502077	0.0488138814217371	0.0023827950194558	0.0480274913032823	0.0006360329765571	0.0011410396423211	1.301971465332474e-06	4.045379453882105e-07	-0.0001528622481612	-6.089889188942148e-05	3.708674563279154e-09	2.3366866248442632e-08	0.0004330485852811	0.0005780717252017	3.3416691993213374e-07	1.8753107598514545e-07	0.0948006283000019	0.0101290257	-0.0799246851999999	-0.1275100165000011	1
-0.0011094327948591	-0.0055555484081842	-0.0044163699533897	1.9504323565651504e-05	3.086411811716769e-05	-0.0463586102326039	-0.0095775358801689	9.172919353567772e-05	0.0021491207426997	0.2416859307682972	0.022534176718089	0.0005077891203617	0.058412089131338	-0.00044101219724	-0.0010770451737982	1.1600263075116536e-06	1.944917579231615e-07	-0.0004049863745423	-0.0002521241263799	6.356657568194181e-08	1.6401396390989317e-07	-6.108930738148005e-05	-0.0004941378926633	2.441722576992257e-07	3.731902352278255e-09	0.0924741833000017	0.0033794295000001	-0.0876327993999999	-0.1289225186000013	1
-0.000117913809183	0.0074487615276825	0.0130043099358668	0.0001691120769086	5.548404829632375e-05	-0.0549681618320814	-0.0086095515994767	7.412437874389716e-05	0.0030214988151999	0.2599492829316067	0.0182633521633089	0.0003335500322405	0.0675736296966567	-0.0002709969379987	0.0001700152592423	2.8905187435047927e-08	7.34393397381004e-08	-0.0004420016775562	-3.701530301385367e-05	1.370132487615307e-09	1.9536548351271466e-07	1.494008826596958e-05	7.60293956477139e-05	5.780468232529479e-09	2.2320550541630052e-10	0.0900843610000017	-0.0033794294999999	-0.0948006283000001	-0.1289225186000011	1
7.266348122904239e-06	0.0034710816188684	-0.0039776799088145	1.582193745709473e-05	1.204840760534661e-05	-0.0355445202797305	0.0194236415523512	0.0003772778511543	0.0012634129219164	0.2363189913385701	-0.0236302915930375	0.0005583906807715	0.0558466656672789	5.898279630416858e-05	0.000329979734302	1.088866244347916e-07	3.4789697095429424e-09	-0.0002940033710662	0.00014799830649	2.1903498491367516e-08	8.643798227780429e-08	-0.0001169917388264	-0.0001319318270921	1.7406006834254157e-08	1.3687066986144909e-08	0.0876327994000018	-0.0101290257	-0.1013839798000002	-0.127510016500001	1
-4.467892959706826e-06	0.0073638741287132	0.0038927925098454	1.5153833524557586e-05	5.422664218323945e-05	-0.0156203080058794	0.0199242122738508	0.0003969742347338	0.0002439940221979	0.2544982016911198	0.0181792103525495	0.0003304836890418	0.0647693346640135	-4.40116853341798e-05	-0.0001029944816382	1.0607862817514144e-08	1.9370288424538636e-09	-0.0001939972348893	0.0001000061361769	1.000122678742388e-08	3.7634927181207736e-08	-0.0001210043178513	-4.012579024633185e-06	1.6100677693904844e-11	1.46420453717304e-08	0.0851211787000025	-0.0168508590000002	-0.1073422654000003	-0.1247004880000011	1
8.650407152109113e-06	0.007322588302457	-4.128582625581599e-05	1.7045190741073414e-09	5.36202994473572e-05	0.0086736603153952	0.0242939683212739	0.0005901968967951	7.52323832651494e-05	0.1948004791598586	-0.0596977225312628	0.0035638180754197	0.0379472266809094	0.0005490003587794	0.0005930120441132	3.516632844015163e-07	3.014013944066177e-07	-1.698707977028185e-05	0.000177010155119	3.1332594334893735e-08	2.8856043399606517e-10	4.700464444724695e-05	0.0001680089622987	2.822701174135365e-08	2.209437145776456e-09	0.0825512202000028	-0.0235265052000002	-0.1126387502000005	-0.120524714800001	1
-2.5742560849534497e-05	0.0073849369613578	6.234865890061901e-05	3.887355154300995e-09	5.4537293923224894e-05	0.0007360035961879	-0.007937656719208	6.300639419172859e-05	5.417012926136106e-07	0.1765995017857936	-0.0182009773740653	0.0003312755773707	0.0311873840309895	0.0009960066059395	0.0004470062471597	1.9981458497347733e-07	9.9202915946781e-07	-8.79332730575563e-06	8.193752463941832e-06	6.713706857588265e-11	7.732190072764571e-11	0.0004150043185541	0.0003679996741063	1.354237608272881e-07	1.7222858430624013e-07	0.0799246852000026	-0.0301376669000003	-0.1172407796000006	-0.1150284477000009	1
7.952453799241244e-05	0.0165564291943672	0.0091714922330085	8.411626978014723e-05	0.0002741153476675	-0.0120746606445725	-0.01281066424076	0.0001641131182891	0.0001457974296811	0.2249630993471915	0.0483635975613984	0.0023390375690811	0.0506083960678938	0.0006489636694782	-0.0003470429364618	1.204388001170711e-07	4.211538441572298e-07	0.0001661414205985	0.0001749347479035	3.0602165721533013e-08	2.760297093413926e-08	0.0004369458249263	2.1941506371366383e-05	4.814294366832973e-10	1.9092165422537054e-07	0.0772433738000026	-0.0366662233000005	-0.1211199807000006	-0.1082719048000009	1
-0.0002398835158095	0.0146234551047265	-0.0019329740896416	3.736388831085633e-06	0.0002138454391995	-0.0111286498379863	0.0009460108065863	8.949364459168227e-07	0.0001238468472159	0.2169501728966371	-0.0080129264505549	6.420699030161656e-05	0.0470673775198801	0.000277951519894	-0.0003710121495841	1.376500162557808e-07	7.725704801886345e-08	0.0001900706796297	2.3929259029868312e-05	5.726092539493123e-10	3.6126862729995856e-08	0.0005089736453571	7.202782043087564e-05	5.188006992948475e-09	2.590541719853629e-07	0.0745091236000024	-0.0430942802000005	-0.1242524367000008	-0.1003291122000007	1
0.0007063279545903	0.0073788498502551	-0.0072446052544716	5.248430529321136e-05	5.444742511253544e-05	-0.0184720790149139	-0.0073434291769276	5.392595207629175e-05	0.000341217703133	0.2264726789985748	0.0095225061019373	9.067812246114012e-05	0.051289874332791	0.0002900026899424	1.2051170049179524e-05	1.4523100410008842e-10	8.410156024610529e-08	-0.0001249930158969	-0.0003150636955273	9.926513274078756e-08	1.5623252768653112e-08	4.701808280207855e-05	-0.0004619555625553	2.134029429416366e-07	2.210700956473558e-09	0.0717238087000021	-0.0494042187000005	-0.1266188352000008	-0.0912870929000006	1
-0.0019783169288046	0.0073932356901021	1.4385839846575574e-05	2.0695191844038282e-10	5.465993396924602e-05	-0.0458902937325854	-0.0274182147176707	0.0007517584983048	0.0021059190588647	0.2742863333734027	0.0478136543748279	0.0022861455446756	0.0752329926754258	-0.0007929931877668	-0.001082995877708	1.1728800719088183e-06	6.288381978788618e-07	-0.0002880184124684	-0.0001630253965713	2.6577279263142008e-08	8.295460561138117e-08	4.6385760649303713e-05	-6.323221525286476e-07	3.991446740123515e-13	2.15163824283025e-09	0.0688893378000017	-0.0555787436000004	-0.1282045865000009	-0.0812449131000004	1
0.0050574373356135	0.0041194003489402	-0.0032738353411611	1.071799784042071e-05	1.696945923485883e-05	-0.0031145881600038	0.0427757055725819	0.0018297609872341	9.700659405082992e-06	0.2118166504400412	-0.0624696829333628	0.0039024612857951	0.0448662934036379	0.0003318365669088	0.0011248297546758	1.2652419766574945e-06	1.1011550780214621e-07	0.0005071071643857	0.0007951255768538	6.322246858833443e-07	2.57157677199372e-07	0.000645916356704	0.0005995305960542	3.594369368433854e-07	4.172079391817255e-07	0.066007653600002	-0.0616009311000005	-0.1289999139000011	-0.0703125971000003	1
-0.0090848734377978	-0.0027278090531425	-0.0068472094020818	4.688427659591714e-05	7.440942230772964e-06	0.0151746493870919	0.0182892375470947	0.000334496210054	0.0002302699840197	0.2396622059736865	0.0278455555336454	0.0007753749629771	0.0574379729721731	0.000983921355197	0.0006520847882885	4.2521457099927853e-07	9.68101232832068e-07	0.0004741638450695	-3.294331931713629e-05	1.085261418529049e-09	2.2483135304900614e-07	0.0003337667742489	-0.0003121495824561	9.74373618658222e-08	1.1140025966846745e-07	0.0630807310000027	-0.0674542747000006	-0.1289999139000011	-0.0586099215000002	1
0.2554226136280138	0.006964561651471	0.0096923707046139	9.394204987587008e-05	4.850511899686857e-05	0.0099423614975366	-0.0052322878895561	2.737683655862733e-05	9.885055214682798e-05	0.1917602321169979	-0.0479019738566904	0.0022945990993668	0.036771986621564	0.0010353146194412	5.139326424354051e-05	2.641267828375552e-09	1.0718763613220885e-06	0.0005698384946676	9.56746495978904e-05	9.153637715910644e-09	3.247159117468799e-07	0.0006532054336289	0.0003194386593798	1.0204105755701605e-07	4.266773386705717e-07	0.0601105761000018	-0.0731227308000005	-0.1282045865000014	-0.0462651033000002	1
0.836129982352454	0.0074276196853588	0.0004630580338862	2.1442274253321786e-07	5.516953419010276e-05	-0.0119408066535127	-0.0218831681510496	0.0004788730483268	0.0001425828635369	0.255503119189585	0.0637428870725866	0.0040631556523493	0.065281843915607	0.0004400015782005	-0.0005953130412398	3.5439761677751545e-07	1.9360138828503283e-07	-6.902551653675007e-06	-0.0005767410463215	3.3263023654120545e-07	4.7643659473692825e-11	0.0004430013623188	-0.0002102040713096	4.4185751180561735e-08	1.962502070620969e-07	0.0570992243999998	-0.0785907625000006	-0.1266188352000017	-0.0334133950000001	1
1.112444345701733	0.0074160768753587	-1.154281000033068e-05	1.3323664027072396e-10	5.499819622114231e-05	-0.0136098617522578	-0.0016690550987447	2.7857449224139988e-06	0.0001852283369161	0.253732511308146	-0.00177060788144	3.135052269523066e-06	0.0643801872947382	0.0006704175408158	0.0002304159626162	5.3091515037655244e-08	4.4945967816228505e-07	0.0003046811760611	0.000311583727716	9.708441973992929e-08	9.283061984744316e-08	0.0005408978346095	9.789647229123592e-05	9.583718656813618e-09	2.925704669485943e-07	0.0540487396999988	-0.0838433825000006	-0.1242524367000017	-0.0201956026000001	1
1.1386780423692464	0.0073730998824432	-4.297699291549309e-05	1.8470220530963998e-09	5.4362601876251874e-05	-0.002228526347437	0.0113813354048208	0.0001295347955969	4.966329681370366e-06	0.2495607552464873	-0.0041717560616588	1.740354863769326e-05	0.0622805705591967	0.0008199016371659	0.0001494840963499	2.2345494689315093e-08	6.722386937438957e-07	0.0003472323273485	4.255115128657115e-05	1.8106000994090942e-09	1.2057029004051472e-07	0.0005668577767798	2.5959942170159277e-05	6.739182282337895e-10	3.213277390238034e-07	0.0509612126999989	-0.0888661936000007	-0.1211199807000018	-0.0067565428999999	1
1.0903001130058705	0.0007330197943243	-0.0066400800881183	4.409066357691827e-05	5.373180193848769e-07	0.0147507160276922	0.0169792423751289	0.0002882946716329	0.0002175836233288	0.202497106074548	-0.0470636491719397	0.0022149870733794	0.0410050779685661	0.000838986853282	1.908521611577513e-05	3.6424477578560057e-10	7.038989397138673e-07	5.918161659791699e-05	-0.0002880507107504	8.297321229514852e-08	3.502463257632044e-09	0.0004329748690657	-0.000133882907714	1.792463282545127e-08	1.874672371930201e-07	0.0478387594999991	-0.0936454286000006	-0.1172407796000018	0.0067565429000001	1
1.040921487690449	-0.0008322685269213	-0.0015652883212446	2.45012752860018e-06	6.926709014398777e-07	0.0334672040200429	0.0187164879923501	0.0003503069227675	0.0011200537449182	0.1692939443900292	-0.0332031616845188	0.0011024499458479	0.0286604396071337	0.0020619741543793	0.0012229873010971	1.495697939431866e-06	4.251737414051631e-06	9.51050612917391e-05	3.592344469484236e-05	1.290493440041549e-09	9.044972594454104e-09	0.0005869024083674	0.0001539275393017	2.369368695997465e-08	3.444544363903444e-07	0.0446835198999995	-0.0981679880000006	-0.1126387502000019	0.0201956026000002	1
1.014379952603343	0.0076291830254148	0.008461451552336	7.15961623727851e-05	5.82044336348037e-05	0.017372639226978	-0.0160945647930651	0.000259035015878	0.0003018085937104	0.1943736479390967	0.0250797035490681	0.0006289915301088	0.0377811150131514	0.0015240645869992	-0.0005379095673812	2.8934670282564185e-07	2.322772865244708e-06	-0.000237080197245	-0.0003321852585363	1.1034704652556666e-07	5.6207019330660207e-08	0.0005501812797401	-3.672112862732707e-05	1.3484410590367671e-09	3.026994405899399e-07	0.0414976564999994	-0.1024214758000007	-0.1073422654000019	0.0334133950000004	1
1.0039308314306474	0.0098980710595532	0.0022688880341377	5.147852911346832e-06	9.797181069944968e-05	0.0235692725602811	0.0061966333333035	3.83982646670021e-05	0.0005555106090203	0.2092380489175786	0.0148644009784821	0.0002209504164487	0.0437805611148345	0.0011570423092896	-0.0003670222777093	1.347053524620956e-07	1.3387469051860478e-06	-0.0001792062595111	5.787393773469424e-05	3.349392361281751e-09	3.2114883446493135e-08	0.0005076039107003	-4.257736903904529e-05	1.812832135363261e-09	2.5766173022391705e-07	0.0382833526999995	-0.1063942335000009	-0.1013839798000019	0.0462651033000005	1
1.0008405769292203	0.007393095016369	-0.0025049760431839	6.274904976540289e-06	5.465785392102624e-05	0.0456457890070409	0.0220765164467593	0.0004873725784235	0.0020835380540745	0.1482483205841676	-0.0609897283334115	0.0037197469621836	0.0219775645560256	0.0016589894966171	0.0005019471873272	2.519509785613708e-07	2.752246150227206e-06	4.940055837615938e-05	0.0002286068178874	5.2261076872768626e-08	2.44041484060391e-09	0.0004829586271505	-2.4645283549752365e-05	6.073899814814699e-10	2.332490356720469e-07	0.0350428113999997	-0.1100753719000008	-0.0948006283000019	0.0586099215000008	1
1.000064559220164	0.0076043199574092	0.0002112249410398	4.4615975362862425e-08	5.782568201424774e-05	0.0326040901983346	-0.0130416988087068	0.0001700859078166	0.0010630266976608	0.1746345981987875	0.0263862776146203	0.0006962356463555	0.0304972428880514	0.0012150561469637	-0.0004439333496532	1.9707681923119906e-07	1.4763614400112476e-06	-0.0003738224833535	-0.0004232230417295	1.791177438779155e-07	1.397432492032162e-07	0.0002927274002751	-0.000190231226875	3.618791967090218e-08	8.568933144523309e-08	0.0317782534999996	-0.1134548014000009	-0.0876327994000019	0.0703125971000008	1
0.9999968033006644	0.014938982933104	0.0073346629756938	5.379728096674912e-05	0.0002231732110747	0.0075811157858254	-0.0250229744125087	0.0006261492484495	5.747331655841892e-05	0.1927711749091345	0.0181365767103473	0.0003289354147699	0.0371607258758478	0.0010371385268909	-0.0001779176200722	3.16546787175883e-08	1.0756563236871154e-06	-0.0005507408226059	-0.0001769183392518	3.1300097728050054e-08	3.033154551326561e-07	0.0004997856819303	0.0002070582816557	4.28731319436108e-08	2.497857277961208e-07	0.028491916299999	-0.116523259200001	-0.0799246852000019	0.0812449131000009	1
1.0000001987888996	0.0075951982141201	-0.0073437847189845	5.393117399886655e-05	5.768703591160982e-05	0.01802982777815	0.0104487119923251	0.000109175582298	0.0003250746897094	0.1763051706551778	-0.0164660042539566	0.000271129296091	0.031083513199751	0.0011515578793905	0.0001144193524992	1.3091787692843274e-08	1.3260855491813727e-06	-0.0002201965342094	0.0003305442883968	1.09259526938967e-07	4.8486513613373466e-08	0.0005271269261594	2.734124422890469e-05	7.475430079216433e-10	2.778627961143851e-07	0.0251860522999989	-0.1192723348000009	-0.0717238087000019	0.0912870929000011	1
0.9999996960995702	0.0075074446713196	-8.775354279986307e-05	7.700683645510561e-09	5.636172549259462e-05	0.0481004777217612	0.030070649943611	0.0009042439880312	0.0023136559570611	0.1173873477864771	-0.0589178228687011	0.0034713098515877	0.0137797894203432	0.0011515225506168	-3.532877404452386e-08	7.737725185075033e-16	1.326004184530586e-06	-8.970010541131275e-05	0.0001304964287974	1.7029317187328875e-08	8.04610840851274e-09	0.0005210518347715	-6.07509138838331e-06	3.690667753711378e-11	2.714950147283178e-07	0.0218629268999992	-0.121694493200001	-0.0630807310000019	0.1003291122000012	1
1.0000062998364307	0.0074548998237568	-5.2544847563552007e-05	2.7609605192797194e-09	5.557553138173599e-05	0.0211769549173935	-0.0269235228043682	0.0007248760801977	0.0004484634195735	0.1207205285937941	0.0033331808073172	1.1110094293726283e-05	0.014573446023965	0.0011516227206571	1.001700415576153e-07	9.135539533502876e-15	1.3262348907118088e-06	-0.0003931472440843	-0.0003034471386737	9.208016565550713e-08	1.5456475538287548e-07	0.0006137269672424	9.26751324705085e-05	8.588679718927577e-09	3.766607901213749e-07	0.0185248177999987	-0.1237830955000009	-0.0540487397000019	0.1082719048000012	1
0.9999662733598014	0.0128516066586728	0.0053967068349152	2.912444466182153e-05	0.0001651637937085	0.0248007901225258	0.003623835205133	1.3132181593262809e-05	0.0006150791907017	0.1054916074734686	-0.0152289211203254	0.0002319200384886	0.0111284792473364	0.0017281314885503	0.0005765087678922	3.323623598631351e-07	2.9864384419793487e-06	-0.0003152878900005	7.785935408342508e-05	6.062078641815049e-09	9.94064533255843e-08	0.0008242737576987	0.0002105467904556	4.4329950660039384e-08	6.794272275790867e-07	0.0151740127999984	-0.125532416900001	-0.0446835199000018	0.1150284477000013	1
1.0001350858460325	-0.0030716532614287	-0.0159232599201008	0.0002535502064832	9.435053759210447e-06	0.0704488873607547	0.0456480972382288	0.0020837487814707	0.0049630457303688	0.0006599547553916	-0.1048316527180771	0.0109896754116052	4.3554028064827413e-07	0.0021319703564021	0.0004038388678512	1.630858285434565e-07	4.545297602265766e-06	9.968424231922456e-05	0.0004149721323195	1.72201870667647e-07	9.936947472410684e-09	0.0006413944192748	-0.0001828793384248	3.3444852073359365e-08	4.113868000275838e-07	0.0118128081999986	-0.1269376627000011	-0.0350428114000017	0.1205247148000014	1
0.999519964008199	-0.0092579721253124	-0.006186318863883	3.827054108539884e-05	8.57100478741904e-05	0.0409468584439029	-0.029502028916853	0.0008703697102107	0.0016766452164254	0.0480617736568264	0.0474018189014356	0.0022469324351643	0.0023099340870407	0.0017119953753759	-0.0004199749810253	1.7637898324413177e-07	2.930928165234708e-06	-0.0002340201678695	-0.0003337044101883	1.1135863305728249e-07	5.476543852848043e-08	-2.3799785787774117e-05	-0.0006651942050627	4.424833322640766e-07	5.664297441703414e-10	0.0084435076999983	-0.1279949812000009	-0.0251860523000018	0.1247004880000014	1
1.001521609187223	0.0073928246290793	0.0166507967543913	0.0002772490325564	5.4653855995599686e-05	0.0140684728066836	-0.026878385637218	0.000722447614463	0.0001979219271128	0.1134131168476534	0.065351343190828	0.004270798056846	0.0128625350730997	0.0003541297705701	-0.001357865604806	1.843799002711704e-06	1.2540789430813094e-07	-0.0003488684043687	-0.000114848236499	1.3190116083697112e-08	1.2170916349211085e-07	0.0007440618753316	0.00076786166112	5.896115323796759e-07	5.536280742647097e-07	0.0050684203999979	-0.1287014744000009	-0.0151740128000017	0.1275100165000013	1
0.9960263387854402	-0.0125433881951274	-0.0199362128242061	0.0003974525817729	0.0001573365874156	0.061753909057302	0.0476854362506189	0.0022739008304137	0.0038135452838574	0.0865038906013077	-0.0269092262463455	0.0007241064571764	0.0074829230891633	0.0024360079531179	0.0020818781825488	4.334216770308558e-06	5.934134748289852e-06	-5.615889308062683e-05	0.0002927095112891	8.567885779595586e-08	3.1538208554449073e-09	0.000280569129733	-0.0004634927455983	2.148255248591399e-07	7.871903606006958e-08	0.0016898594999985	-0.1290552057000009	-0.0050684204000016	0.1289225186000014	1
0.9998523581548914	0.0076337424058009	0.0201771306009291	0.000407116599288	5.827402311721932e-05	0.0407450106907562	-0.0210088983665465	0.0004413738105757	0.0016601558961904	0.0798282524839853	-0.006675638117322	4.456414427264045e-05	0.0063725498946473	0.0017430771339424	-0.0006929308191771	4.801531212974195e-07	3.038317894887738e-06	-0.0003586242494739	-0.0003024653563934	9.148529227517685e-08	1.2861135184249956e-07	0.0004313124589571	0.0001507433292237	2.2723550777716242e-08	1.8603043779227928e-07	-0.0016898595000015	-0.1290552057000009	0.0050684203999985	0.1289225186000015	1
0.6546814859486232	0.0002138351401584	-0.0074199072656432	5.5055023830474825e-05	4.572546733888884e-08	0.0525486264957063	0.011803615804951	0.00013932534607	0.0027613581465854	0.0805246445344419	0.0006963920504579	4.849618874387177e-07	0.0064842183773983	0.0014620201093035	-0.0002810570246387	7.899305114089817e-08	2.1375027997245007e-06	-6.911687010329141e-05	0.00028950737937	8.3814522985133e-08	4.777141169779261e-09	0.0005240504915084	9.27380325515863e-05	8.600341747515581e-09	2.746289174858991e-07	-0.0050684204000005	-0.1287014744000011	0.0151740127999986	0.1275100165000016	1
0.0914612891813452	-0.0080562035968525	-0.008270038737009	6.839354071071827e-05	6.490241639497442e-05	0.0884023372984476	0.0358537108027412	0.0012854885783268	0.0078149732398296	0.0516974414927184	-0.028827203041722	0.0008310076352077	0.0026726254568929	0.0023560038887805	0.0008939837794771	7.992069980225968e-07	5.5507543246018e-06	3.922967788316018e-05	0.0001083465479856	1.1738973796228528e-08	1.538966675736597e-09	0.0001949542509746	-0.0003290962405338	1.0830433564382295e-07	3.8007159809903614e-08	-0.0084435076999985	-0.1279949812000011	0.0251860522999989	0.1247004880000017	1
-0.1265434084041023	0.0011696935029578	0.0092258970998103	8.511717729525268e-05	1.3681828903189298e-06	0.0435307531816129	-0.0448715841168352	0.002013459061156	0.0018949264725583	0.1026582009349516	0.0509607594422338	0.002596999002929	0.0105387062192002	0.0018820608294201	-0.0004739430593609	2.2462202243753305e-07	3.542152966004241e-06	-0.0007738465496275	-0.0008130762275108	6.610929544759013e-07	5.988384832649711e-07	0.0001637280704638	-3.122618051026662e-05	9.750737832279076e-10	2.6806881410764665e-08	-0.0118128081999983	-0.1269376627000011	0.035042811399999	0.1205247148000016	1
-0.1336031603026397	0.002512665433897	0.0013429719309388	1.8035736064202896e-06	6.313487582536202e-06	0.053001872343457	0.0094711191618449	8.970209817711724e-05	0.0028091984719118	0.1243097556972025	0.021651554762251	0.0004687898236224	0.0154529153614975	0.0017710465822519	-0.0001110142471691	1.2324163134350317e-08	3.1366059962781397e-06	-0.0003177529440143	0.0004560936056144	2.0802137776643882e-07	1.0096693279022615e-07	0.0002792812003192	0.0001155531298559	1.3352524997023152e-08	7.79979889479586e-08	-0.0151740127999983	-0.1255324169000011	0.0446835198999992	0.1150284477000017	1
-0.0810654769029121	-0.0067277491435804	-0.009240414577477	8.538526156333029e-05	4.5262608540034046e-05	0.044340487844379	-0.0086613844990781	7.50195814400872e-05	0.0019660788622771	0.146299459271594	0.0219897035743913	0.0004835470632892	0.0214035317831602	0.0012889940523346	-0.0004820525299169	2.3237464172562066e-07	1.6615056659492196e-06	-0.0004840132387524	-0.0001662602947382	2.764248475316641e-08	2.3426881557316198e-07	-2.0188141395031565e-05	-0.0002994693417138	8.968188616029199e-08	4.0756153322832176e-10	-0.0185248177999987	-0.123783095500001	0.0540487396999993	0.1082719048000016	1
-0.035172255069172	0.0035106000169651	0.0102383491605458	0.0001048237935328	1.232431247873669e-05	0.0313374103333484	-0.0130030775110303	0.0001690800247574	0.0009820332864003	0.1308532410828585	-0.0154462181887361	0.0002385856563334	0.0171225707018882	0.0005755985279531	-0.0007133955243811	5.089331753749916e-07	3.313136651719656e-07	-0.0005674000827617	-8.338684400990858e-05	6.953364566633703e-09	3.219428547042295e-07	0.0003476632519957	0.000367851393391	1.3531464744696873e-07	1.2086973683934156e-07	-0.0218629268999992	-0.1216944932000009	0.0630807309999994	0.1003291122000015	1
-0.0118514972648099	-0.0006647433358758	-0.0041753433528411	1.7433492113343904e-05	4.418837028796876e-07	0.0481270520424443	0.0167896417090962	0.0002818920687192	0.0023162131382957	0.1048218409831684	-0.0260314000996903	0.0006776337911497	0.0109876183471002	0.0010501447852126	0.00047454625726	2.251941497924741e-07	1.1028040697773728e-06	-0.000376089015375	0.0001913110673858	3.659992372468535e-08	1.414429470538026e-07	0.0007836979475894	0.0004360346955931	1.901262555232545e-07	6.141824723205375e-07	-0.0251860522999992	-0.119272334800001	0.0717238086999995	0.0912870929000014	1
-0.0031294493983366	0.0078910668772773	0.0085558102131531	7.320188840254256e-05	6.226893646122253e-05	0.0384475216757482	-0.0096795303666957	9.369330811834866e-05	0.0014782119230064	0.1882409409627057	0.0834190999795382	0.0069587462413979	0.0354346518545245	0.0004821274363253	-0.0005680173488868	3.22643708842396e-07	2.324468641933732e-07	-0.0008489279766418	-0.0004728389612669	2.2357668300614327e-07	7.206787123315268e-07	0.0002997042513381	-0.0004839936962522	2.342498980366104e-07	8.982263862386272e-08	-0.0284919162999989	-0.116523259200001	0.0799246851999997	0.0812449131000013	1
-0.0006243717443302	0.0216147024336246	0.0137236355563471	0.0001883381728826	0.0004671953612934	0.065402820609392	0.0269552989336444	0.0007265881406022	0.0042775289436642	0.1577995914031462	-0.0304413495595602	0.0009266757630068	0.0249007110469992	0.0012746200512964	0.0007924926149712	6.280445455553975e-07	1.6246562749586957e-06	-0.0002253310849812	0.0006235968916605	3.888730851875325e-07	5.077409645496456e-08	0.0010501409235653	0.0007504366722276	5.631552012752655e-07	1.1027959597423896e-06	-0.0317782534999984	-0.1134548014000011	0.0876327993999998	0.0703125971000012	1
-2.8527997113008036e-05	-0.0035516788191226	-0.0251663812527472	0.0006333467453602	1.2614422435413696e-05	0.0777464361966342	0.012343615587241	0.0001523648457643	0.0060445083412774	0.1737092303808782	0.0159096389777321	0.0002531166124014	0.0301748967195163	0.0011690491549455	-0.0001055708963509	1.1145213880160977e-08	1.3666759258183852e-06	-0.0005919035302018	-0.0003665724452203	1.3437535811622566e-07	3.503497898681361e-07	0.000165345874368	-0.0008847950491977	7.828622824154489e-07	2.7339259049797812e-08	-0.0350428113999982	-0.110075371900001	0.0948006283000001	0.0586099215000011	1
-1.3843571913261588e-06	0.0374333169284296	0.0409849957475522	0.0016797698764315	0.0014012532162642	0.0446580097603541	-0.0330884264362795	0.0010948439640292	0.0019943378357558	0.2500116961945614	0.0763024658136838	0.0058220662892495	0.0625058482340815	0.0005481713614095	-0.0006208777935353	3.854892336400081e-07	3.004918419654575e-07	-0.0004037682508312	0.0001881352793706	3.5394882416930206e-08	1.6302879981100857e-07	0.0008471104472149	0.0006817645728468	4.6480293310341757e-07	7.175961107425619e-07	-0.0382833526999983	-0.1063942335000013	0.1013839798000002	0.0462651033000009	1
4.944692545446114e-06	0.0080350731841466	-0.0293982437442843	0.0008642567352505	6.456240107491182e-05	0.0828783309223413	0.0382203211619873	0.0014607929497262	0.0068688177364732	0.2243351162841584	-0.0256765799104034	0.0006592867558949	0.0503262443982263	0.0017377485179241	0.0011895771565146	1.4150938118121012e-06	3.019769911538262e-06	-0.0004540623024422	-5.029405161111939e-05	2.529491149084164e-09	2.061725739823013e-07	0.0010793949519351	0.000232284504721	5.39560897968911e-08	1.1650934630296845e-06	-0.0414976564999979	-0.102421475800001	0.1073422654000003	0.0334133950000008	1
-1.0923274583665652e-05	0.0239877982465658	0.0159527250624196	0.0002544894369167	0.000575414464717	0.041427704330999	-0.041450626591343	0.0017181544448168	0.0017162546861366	0.2578985167219859	0.0335634004378275	0.0011265018489496	0.0665116449274005	0.0009888994668097	-0.0007488490511142	5.607749014224082e-07	9.779221553440197e-07	-0.0008730500168963	-0.0004189877144535	1.7555070413025272e-07	7.622163348397259e-07	0.0009119329100959	-0.0001674620418402	2.8043535197414988e-08	8.31621632323302e-07	-0.0446835198999984	-0.0981679880000008	0.1126387502000004	0.0201956026000006	1
2.213477666347632e-05	0.0081280504551266	-0.0158597477914399	0.0002515316000085	6.606520420112632e-05	0.0433433360932712	0.0019156317622728	3.669645047899008e-06	0.0018786447836937	0.2564185933497064	-0.00147992337228	2.1901731877189947e-06	0.0657504950154422	0.0014258044986969	0.0004369050318872	1.9088600609184026e-07	2.0329184683241503e-06	-0.0006162944668209	0.0002567555500766	6.59234121888094e-08	3.798188709138799e-07	0.0009899399955013	7.800708540570771e-05	6.085103980541629e-09	9.799811939053986e-07	-0.0478387594999989	-0.0936454286000008	0.1172407796000004	0.0067565429000006	1
-3.910144759953716e-05	0.0074470991828816	-0.0006809512722433	4.636946344346938e-07	5.545928623951334e-05	0.0640180595237322	0.0206747234304607	0.0004274441889259	0.0040983119451837	0.247596821793443	-0.0088217715562638	7.782365339052177e-05	0.0613041861622138	0.0019620517367029	0.0005362472380052	2.875611001365923e-07	3.849647017200759e-06	-0.0001367640978465	0.0004795303689749	2.2994937595368506e-07	1.8704416709380336e-08	0.0007501342355614	-0.0002398057599406	5.7506802053318226e-08	5.627013707172537e-07	-0.0509612126999985	-0.0888661936000006	0.1211199807000005	-0.0067565428999995	1
4.8888087288087725e-05	0.0255488309420568	0.0181017317591745	0.0003276726926812	0.000652742762505	0.0346721251245004	-0.0293459343992316	0.0008611838657645	0.0012021562606487	0.2910528960953222	0.0434560743018794	0.0018884303937306	0.0847117883254749	0.0014808143972515	-0.0004812373394515	2.315893770553008e-07	2.192811278824705e-06	-0.0008229325516468	-0.0006861684538016	4.708271492473609e-07	6.772179865128529e-07	0.000767110023327	1.6975787766026232e-05	2.8817669604089936e-10	5.884577879386899e-07	-0.0540487396999988	-0.0838433825000007	0.1242524367000006	-0.0201956025999997	1
2.843220470828011e-05	0.0244188372999764	-0.0011299936420812	1.2768856300963864e-06	0.0005962796150824	0.0630736092371358	0.0284014841126359	0.0008066442998006	0.0039782801821985	0.2642183166231711	-0.0268345794721518	0.000720094655447	0.0698113188391823	0.0015832349300893	0.0001024205328368	1.0489965122356181e-08	2.5066328439796627e-06	-0.0003690029798587	0.0004539295717887	2.060520566817447e-07	1.3616319862386285e-07	0.0012597945507334	0.0004926845274067	2.427380445259705e-07	1.5870823099074837e-06	-0.0570992243999985	-0.0785907625000008	0.1266188352000008	-0.0334133949999998	1
-0.0004483642556906	0.0214559261833925	-0.0029629111165836	8.778842283864132e-06	0.0004603567683866	0.0667876670398472	0.0037140578027107	1.379422536099676e-05	0.0044605924686254	0.298239667430216	0.0340213508070452	0.0011574523107362	0.0889468992288863	0.0016011280080866	1.7893077998231527e-05	3.2016241831708986e-10	2.5636108978358398e-06	-0.0002682523219061	0.0001007506579521	1.015069465011314e-08	7.195930707574792e-08	0.0009342157409425	-0.0003255788097916	1.0600156149484499e-07	8.727590503993599e-07	-0.0601105760999982	-0.0731227308000008	0.1282045865000009	-0.0462651033	1
0.0012049650750547	0.0318225482747609	0.0103666220913681	0.0001074668535844	0.0010126745786989	0.0455703036503219	-0.0212173633895248	0.0004501765092026	0.0020766525747826	0.362074351500666	0.0638346840704505	0.0040748668903752	0.1310978360146298	0.0014990932346419	-0.0001020347734429	1.0411094153083393e-08	2.247280525799708e-06	-0.0002073080977527	6.09442241531563e-05	3.71419739791606e-09	4.297664621915906e-08	0.0009236558444972	-1.0559896444648303e-05	1.1151079865927416e-10	8.531401182913051e-07	-0.0630807309999984	-0.0674542747000008	0.128999913900001	-0.0586099215000001	1
0.0197962819770276	0.0232242201184927	-0.0085983281562678	7.393124708198902e-05	0.0005393644001113	0.0806836198016191	0.0351133161512974	0.0012329449711417	0.0065098465042929	0.3665070354943011	0.0044326839936345	1.964868738693685e-05	0.1343274070668226	0.0021040571546876	0.0006049639200454	3.659813443408832e-07	4.4270565103109165e-06	-0.0001371895873612	7.011851039211103e-05	4.9166049013005745e-09	1.8820981945967865e-08	0.0007701456384196	-0.000153510206076	2.3565383590299153e-08	5.931243038290232e-07	-0.0660076535999979	-0.0616009311000007	0.1289999139000011	-0.0703125971000003	1
0.4424448416652471	0.035791210076923	0.0125669899584298	0.0001579292366149	0.0012810107187709	0.0576310360239066	-0.0230525837777139	0.0005314216188283	0.003321336313189	0.3215199519261141	-0.0449870835681894	0.0020238376879711	0.1033750794865713	0.0015961024581814	-0.0005079546965069	2.580179740831233e-07	2.547543057157623e-06	-0.0001991850669013	-6.199547953988169e-05	3.843438824326376e-09	3.967469021223294e-08	0.00102116028601	0.0002510146475904	6.300835378585213e-08	1.0427683291814291e-06	-0.0688893377999995	-0.0555787436000005	0.128204586500001	-0.0812449131000005	1
0.969404783194305	0.0362216209440206	0.000430410867096	1.852535138732304e-07	0.0013120058238131	0.0630497840106451	0.0054187479867382	2.9362829743227432e-05	0.0039752752637893	0.3203563538180442	-0.0011635981080714	1.353960557003708e-06	0.1026281934315921	0.0019352204702281	0.0003391180120469	1.1500102595576494e-07	3.7450782684716016e-06	0.000415824745774	0.0006150098126749	3.782370721320989e-07	1.7291022058905586e-07	0.0013680994588691	0.0003469391728594	1.2036678971744512e-07	1.8716961289685876e-06	-0.0717238087000011	-0.0494042187000005	0.1266188352000009	-0.0912870929000008	1
1.1357178243870212	0.0148894135761845	-0.0213322073678352	0.0004550630711857	0.000221694636643	0.0890258053523513	0.0259760213417051	0.0006747536847443	0.0079255940186351	0.2745215164888561	-0.0458348373291888	0.0021008323129932	0.0753620630153409	0.0029108229024699	0.0009756024322404	9.518001062062874e-07	8.472889971570807e-06	0.0003629299339557	-5.289481181809867e-05	2.7978610059587726e-09	1.3171813714899438e-07	0.0009819740668357	-0.0003861253920336	1.490928187279292e-07	9.642730678256742e-07	-0.0745091236000015	-0.0430942802000003	0.1242524367000009	-0.1003291122000009	1
1.1270308053368103	0.0290620559151475	0.0141726423389636	0.0002008637908685	0.0008446030940152	0.0586650114687196	-0.0303607938836324	0.0009217778052452	0.0034415835706248	0.2400592581380629	-0.0344622583507936	0.0011876472506364	0.0576284474177966	0.0021732992557951	-0.0007375236466761	5.439411302165283e-07	4.723229656005175e-06	0.0003228628303518	-4.00671036041813e-05	1.605371935236002e-09	1.0424040708603981e-07	0.0012531524795937	0.0002711784127578	7.353773188442455e-08	1.5703911372375796e-06	-0.0772433738000021	-0.0366662233000001	0.1211199807000009	-0.1082719048000011	1
1.0721580580951018	0.027361983795544	-0.0017000721196043	2.890245211486545e-06	0.0007486781572275	0.0700261566010177	0.0113611451322989	0.0001290756187165	0.0049036626083101	0.2795580925458574	0.0394988344077956	0.0015601579195747	0.078152727107878	0.0019921186968832	-0.0001811805589116	3.282639490164796e-08	3.968536902353243e-06	0.0005090037687961	0.0001861409384434	3.4648448476181214e-08	2.5908483840677544e-07	0.0015089943655831	0.0002558418859895	6.545507022441198e-08	2.2770639957501605e-06	-0.0799246852000018	-0.0301376669000002	0.1172407796000009	-0.115028447700001	1
1.0300416026961017	0.024790272021306	-0.0025717117742371	6.613701449413773e-06	0.0006145575868903	0.0839939533893255	0.0139677967883073	0.0001950993471187	0.0070549842059682	0.239394825797897	-0.0401632667479608	0.0016130879958678	0.0573098826188049	0.0019350840026245	-5.703469425905848e-05	3.2529568424360166e-09	3.744550097047352e-06	0.0005260345248315	1.7030756034899342e-05	2.9004617552089183e-10	2.7671232275412534e-07	0.0015849926264467	7.599826086322547e-05	5.775735307127286e-09	2.512201626589985e-06	-0.0825512202000016	-0.0235265052	0.1126387502000009	-0.1205247148000011	1
1.0097026134272655	0.020761710035372	-0.0040285619859333	1.6229311674364282e-05	0.0004310486035924	0.0755629203786737	-0.0084310330106523	7.108231762622096e-05	0.0057097549361536	0.2551912761450289	0.0157964503471323	0.0002495278435692	0.065122587420528	0.0019353232544034	2.392517796067858e-07	5.740326340185611e-14	3.74547609889378e-06	0.0003041437727371	-0.0002218907520942	4.923550586107406e-08	9.250343421823804e-08	0.0011812092559607	-0.0004037833704858	1.630410107434062e-07	1.3952553062581353e-06	-0.0851211787000017	-0.0168508589999999	0.1073422654000009	-0.1247004880000012	1
1.0024777050760694	0.0239131061252341	0.0031513960898622	9.93129731506852e-06	0.0005718366445558	0.0527652491537085	-0.022797671224965	0.0005197338132819	0.0027841715182523	0.2819757114094607	0.026784435264432	0.0007174059724344	0.0795103018248713	0.0010720826907383	-0.0008632405636644	7.451842715114692e-07	1.1493612955193545e-06	-0.000103171001082	-0.0004073147738186	1.6590532561158782e-07	1.0644254245708384e-08	0.0015460564013767	0.0003648471454169	1.331134393318943e-07	2.390290396151739e-06	-0.0876327994000023	-0.0101290256999998	0.1013839798000009	-0.1275100165000013	1
1.000451777857109	0.0297191756647235	0.0058060695394893	3.371044349733543e-05	0.0008832294021906	0.0595868252560189	0.0068215761023111	4.653390051879065e-05	0.0035505897440902	0.2198616859078243	-0.0621140255016367	0.0038581521640186	0.0483391609302304	0.0010719279427147	-1.547480237374943e-07	2.3778387810983065e-14	1.1490295144308165e-06	8.690469858559057e-05	0.0001900756996674	3.6128771293865e-08	7.552425813779448e-09	0.0016879570244613	0.0001419006230835	2.013578610482904e-08	2.8491989165603445e-06	-0.0900843610000025	-0.0033794294999998	0.0948006283000009	-0.1289225186000013	1
1.000006396376953	0.0395858721533113	0.0098666964885874	9.735169959746234e-05	0.0015670412741389	0.0872994950893833	0.0277126698333646	0.0007679920692934	0.0076212018428611	0.2150965596171958	-0.0047651262906279	2.270642856521681e-05	0.0462665299591534	0.0012613593227524	0.0001894313800375	3.5884247669342496e-08	1.5910273409090872e-06	0.000153144795749	6.624009716208532e-05	4.387750068231218e-09	2.345332850627093e-08	0.0018144069278452	0.0001264499033835	1.5989577505860742e-08	3.292072500574821e-06	-0.092474183300002	0.0033794295	0.087632799400001	-0.1289225186000013	1
1.00000517443318	0.0309245573085097	-0.0086613148448021	7.501837484082328e-05	0.000956328244727	0.0737402478025333	-0.0135592472868506	0.0001838531869855	0.0054376241459783	0.1991208152609203	-0.0159757443562754	0.0002552244077367	0.0396490990701729	0.0009311089879498	-0.0003302503348014	1.0906528383738161e-07	8.669639478559603e-07	-0.000114117850467	-0.0002672626462161	7.142932235749322e-08	1.3022882843909231e-08	0.0018950535112688	8.064658342324441e-05	6.503870510247289e-09	3.5912278113630504e-06	-0.0948006283000022	0.0101290257000001	0.0799246852000008	-0.1275100165000012	1
0.9999901862530074	0.0286805463361474	-0.0022440109723615	5.035585243809564e-06	0.0008225737381394	0.0864453726185845	0.0127051248160512	0.0001614201965906	0.0074728024471654	0.1528532362544521	-0.0462675790064683	0.0021406888671198	0.0233641118334589	0.0015911131705135	0.0006600041825635	4.3560552128005146e-07	2.531641121754437e-06	-0.0001128988239088	1.2190265586962675e-06	1.4857299438175902e-12	1.274614354064574e-08	0.0020120942419119	0.0001170407306421	1.3698531694062084e-08	4.04852323918039e-06	-0.0970621018000024	0.0168508590000002	0.0717238087000009	-0.1247004880000013	1
1.0000227465108846	0.0382507932524454	0.0095702469162981	9.158962603888136e-05	0.0014631231844415	0.0911154019242422	0.0046700293056575	2.180917371500519e-05	0.0083020164678162	0.1463337735535655	-0.0065194627008859	4.250339390777295e-05	0.0214135732824256	0.001926943247412	0.0003358300768979	1.1278184077507465e-07	3.713110279498188e-06	5.598375694457172e-05	0.0001688825808532	2.8521326310330825e-08	3.1341806451266516e-09	0.0020589496710592	4.68554291463554e-05	2.195430353243624e-09	4.239273748796501e-06	-0.0992570537000023	0.0235265052000002	0.0630807310000008	-0.1205247148000012	1
0.9999456212855916	0.0257877178406997	-0.0124630754117464	0.0001553282487193	0.0006650063914304	0.0622751524751093	-0.0288402494491328	0.0008317599882884	0.0038781946157966	0.2105919024221605	0.0642581288685962	0.0041291071256941	0.0443489493657842	0.0012722634123665	-0.0006546798350447	4.286056859721575e-07	1.6186541906368317e-06	-0.0004227103068694	-0.0004786940638131	2.2914800698259562e-07	1.786840032826916e-07	0.001242771123693	-0.000816178547366	6.661474241992749e-07	1.544480065069273e-06	-0.1013839798000029	0.0301376669000003	0.0540487397000007	-0.1150284477000011	1
1.0001271907614837	0.0383312736239816	0.0125435557832824	0.0001573407916887	0.0014692865376362	0.0583325931029029	-0.0039425593722052	1.554377440322167e-05	0.0034026914181074	0.2162619330388593	0.005670030616699	3.214924719410049e-05	0.0467692236817036	0.0012719651446018	-2.982677642966045e-07	8.81294546877408e-14	1.6178953294230471e-06	3.5245894177099605e-05	0.0004579562010473	2.097238827132985e-07	1.2422731131121201e-09	0.0019589803826863	0.0007162092589938	5.129557043181439e-07	3.837604139617477e-06	-0.103441422400003	0.0366662233000004	0.0446835199000006	-0.1082719048000011	1
0.9997136686535256	0.038299053944798	-3.2219679183403574e-05	1.0381067745932071e-09	0.0014668175330662	0.1059004555893926	0.0475678624864902	0.002262701541536	0.011214906494041	0.1891387560825009	-0.027123176956358	0.0007356667282052	0.0357734690524351	0.0018182996315979	0.0005463344869954	2.984813707734509e-07	3.30621355013221e-06	0.0002013386586891	0.0001660927645108	2.758680535842052e-08	4.0537255547679175e-08	0.0020218224540204	6.284207133357074e-05	3.949125727482552e-09	4.087766036189992e-06	-0.1054279714000022	0.0430942802000004	0.0350428114000007	-0.1003291122000011	1
1.000595463831765	0.038630744573908	0.0003316906291098	1.1001867302772501e-07	0.0014923344263341	0.0806738371154273	-0.0252266184739662	0.0006363822796313	0.0065082679949255	0.2276418408563019	0.0385030847738016	0.0014824875370985	0.0518208077084452	0.0014130366779489	-0.0004052629536477	1.642380611308629e-07	1.9966726531515533e-06	-3.516748456338379e-05	-0.000236506143252	5.593515526923137e-08	1.2367513519493854e-09	0.0018860260992676	-0.000135796354753	1.8440649365601546e-08	3.5570944468783805e-06	-0.1073422654000023	0.0494042187000005	0.0251860523000005	-0.0912870929000011	1
0.9988621032723204	0.041759848963324	0.0031291043894161	9.791294279550748e-06	0.0017438849854397	0.0930033332256815	0.0123294961102547	0.0001520164743321	0.0086496199910865	0.1934481521180885	-0.0341936887382134	0.0011692083495255	0.0374221875579024	0.0016358242209072	0.0002227875429578	4.963428909698704e-08	2.6759208816244013e-06	0.0001588639138783	0.0001940313984418	3.7648183263533744e-08	2.5237743348307027e-08	0.00227837004702	0.0003923439477524	1.5393377347268708e-07	5.190970072053533e-06	-0.1091829923000024	0.0555787436000005	0.0151740128000004	-0.0812449131000009	1
1.0029433086874535	0.0360569713291455	-0.0057028776341776	3.2522813309498665e-05	0.0013001051814302	0.1329106742261123	0.0399073410004304	0.0015925958657258	0.0176652473232416	0.197713970081553	0.0042658179634653	1.819720289639677e-05	0.0390908139654084	0.0019662472185656	0.0003304229976583	1.0917935674119193e-07	3.8661281233063496e-06	0.0002659167467739	0.0001070528328961	1.1460308474587689e-08	7.07117168688877e-08	0.0019487431280182	-0.0003296269190018	1.0865390603475079e-07	3.797599779059216e-06	-0.1109488906000016	0.0616009311000006	0.0050684204000004	-0.0703125971000009	1
0.9475808146792194	0.0529249011964915	0.0168679298673465	0.0002845270580097	0.0028010451666603	0.1217658776826361	-0.011144796543477	0.0001242064899945	0.0148269289678241	0.2061334993399569	0.0084195292584045	7.088847293225224e-05	0.0424910195501351	0.0019422201262196	-2.4027092346107756e-05	5.773006440274721e-10	3.772219018432409e-06	-0.0001842420803868	-0.0004501588271602	2.026429713301077e-07	3.3945144610797116e-08	0.0023251839007911	0.0003764407727738	1.4170765540869536e-07	5.406480172965319e-06	-0.1126387502000012	0.0674542747000005	-0.0050684203999995	-0.0586099215000008	1
0.4574628094540834	0.055720381602926	0.0027954804064329	7.814710701875777e-06	0.003104760925978	0.1056483830962809	-0.0161174945863546	0.0002597736317406	0.0111615808508587	0.1972795791663983	-0.0088539201735573	7.839190243908811e-05	0.0389192323560702	0.0016298695436026	-0.0003123505826171	9.756288633417497e-08	2.6564747291651515e-06	0.0001099615193685	0.0002942035997551	8.655575820244588e-08	1.2091536340835995e-08	0.0024069154408565	8.173154006506447e-05	6.68004414722865e-09	5.793241939745504e-06	-0.1142514127000004	0.0731227308000005	-0.0151740127999995	-0.0462651033000006	1
-0.0188080824673529	0.038480162347753	-0.0172402192551724	0.0002972251599663	0.0014807228943087	0.1362692163890819	0.0306208332928012	0.0009376354315455	0.0185692993352962	0.1758206337104567	-0.0214589454559401	0.00046048634008	0.0309128952383455	0.0019492852756814	0.0003194157320785	1.0202641038495824e-07	3.799713085110568e-06	0.0002313470249829	0.0001213855056136	1.4734440700872248e-08	5.3521445739225604e-08	0.0018947777696267	-0.0005121376712301	2.622849954416828e-07	3.5901827962818017e-06	-0.1157857730999988	0.0785907625000005	-0.0251860522999994	-0.0334133950000002	1
-0.1409486196573625	0.0582834050531182	0.0198032427053652	0.0003921684216474	0.0033969553045876	0.0946536929585589	-0.0416155234305234	0.0017318517903978	0.0089593215906922	0.2405956771003358	0.06477504338988	0.0041958062461612	0.0578862798393683	0.0013931367578378	-0.0005561485178429	3.0930117246839817e-07	1.9408300261961483e-06	-0.0001411615978089	-0.0003725086227924	1.3876267316718965e-07	1.992659625220816e-08	0.0019211036365276	2.632586690143842e-05	6.930505778217945e-10	3.690639180802387e-06	-0.1172407795999988	0.0838433825000004	-0.0350428113999995	-0.0201956026000002	1
-0.1192805164524381	0.0376349841505997	-0.0206484209025191	0.0004263572857685	0.0014163920320146	0.116012334360334	0.0213586414017754	0.000456191562529	0.0134588617237338	0.1955592784848206	-0.0450363986155161	0.0020282772002552	0.0382434314015026	0.0020793168628307	0.0006861801049925	4.7084313715990245e-07	4.323558616091219e-06	0.0002137853170444	0.0003549469148541	1.259873126569238e-07	4.5704161544791566e-08	0.0017162839102487	-0.0002048197262783	4.195111973854252e-08	2.945630459705067e-06	-0.1186154351999991	0.0888661936000006	-0.0446835198999996	-0.0067565428999999	1
-0.0637357323716153	0.0358902730035011	-0.0017447111470968	3.044016986038108e-06	0.0012881116962637	0.1174769593831687	0.0014646250228338	2.145126456610968e-06	0.0138008359859147	0.2295859034188569	0.0340266249340365	0.001157811204401	0.0527096870486518	0.0020189574975658	-6.035936526489683e-05	3.64325340480705e-09	4.076189376164618e-06	5.8087758104792776e-05	-0.0001556975589391	2.4241729232934973e-08	3.374187108362456e-09	0.0015724389641973	-0.0001438449460509	2.0691368203026642e-08	2.472564294483741e-06	-0.1199087976999991	0.0936454286000007	-0.0540487396999998	0.0067565428999999	1
-0.0254941363057319	0.0572066354826291	0.0213163624791277	0.0004543873093423	0.0032725991432435	0.1009060137697586	-0.0165709456134097	0.0002745962385222	0.010182023614902	0.2520858734543895	0.0224999700355326	0.0005062486515991	0.0635472875952618	0.0018489606384622	-0.0001699968591037	2.889893145738929e-08	3.418655442543855e-06	4.186002133275742e-05	-1.6227736772329123e-05	2.633384111886998e-10	1.7522619494931295e-09	0.0020119637305852	0.0004395247663887	1.931820206890032e-07	4.047998051598042e-06	-0.1211199806999993	0.0981679880000006	-0.0630807309999999	0.0201956026000001	1
-0.0078938035974657	0.0318321576721687	-0.0253744778104602	0.0006438641241554	0.0010132862620633	0.1297846829820632	0.0288786692123044	0.0008339775354737	0.0168440639367554	0.2379576720660017	-0.0141282013883882	0.0001996060744698	0.05662385369507	0.002433075571753	0.0005841149332906	3.411902552596609e-07	5.9198567375472095e-06	0.0004543113296478	0.0004124513083157	1.701160824188014e-07	2.0639878528915506e-07	0.0018989530489658	-0.0001130106816191	1.2771413147875545e-08	3.606022681446253e-06	-0.1222481540999992	0.1024214758000008	-0.0717238086999999	0.0334133950000004	1
-0.0019488673788227	0.0574368962365946	0.0256047385644268	0.0006556026369538	0.0032989970492939	0.0970650569262263	-0.032719626055837	0.0010705739292336	0.0094216252760907	0.3268075921533145	0.0888499200873138	0.0078943082995234	0.1068032022890477	0.0010490960759068	-0.0013839794958452	1.9153992466265498e-06	1.1006025752551003e-06	-9.39521185861612e-05	-0.0005482634482343	3.005928097623656e-07	8.827000059929507e-09	0.0019980518035219	9.909875455670398e-05	9.820561788486041e-09	3.99221100788106e-06	-0.1232925446999993	0.1063942335000007	-0.0799246852	0.0462651033000001	1
-0.0003151581471583	0.0398147254135203	-0.0176221708230742	0.0003105409045165	0.0015852123597539	0.1536264685537393	0.0565614116275129	0.0031991932852968	0.0236010918402951	0.1717205588634902	-0.1550870332898269	0.0240519878946442	0.029487950336388	0.0029512573744996	0.0019021612985915	3.618217607301599e-06	8.709920090511275e-06	0.0006001758443523	0.0006941279629394	4.818136292292336e-07	3.6021104491513e-07	0.0024891202577833	0.0004910684542605	2.411482269267899e-07	6.195719658222098e-06	-0.124252436699999	0.1100753719000009	-0.0876327994	0.0586099215000005	1
3.4764896637570484e-06	0.0576047074035557	0.0177899819900356	0.0003164834592056	0.0033183023150503	0.1236381882978613	-0.0299882802558793	0.0008992969527051	0.0152864016055781	0.2288009636476349	0.0570804047841455	0.0032581726103217	0.0523498809660853	0.0026359346572502	-0.0003153227172503	9.942841512054903e-08	6.94815151774611e-06	5.884099854022824e-05	-0.0005413348458134	2.9304341665667e-07	3.462261910774948e-09	0.0025349324972192	4.58122394352402e-05	2.098760709317486e-09	6.425882765457459e-06	-0.125127172399999	0.1134548014000008	-0.0948006283000002	0.0703125971000004	1
-2.867857967963746e-06	0.0472247273563935	-0.0103799800471633	0.0001077439857794	0.0022301748738846	0.1069061905543545	-0.0167319977435064	0.0002799597484883	0.0114289335788433	0.2500437648525196	0.0212428012048847	0.0004512566030296	0.0625218843416214	0.0028059309216716	0.0001699962644214	2.8898729305266567e-08	7.87324833840788e-06	0.0004421626567056	0.0003833216581661	1.4693549349636117e-07	1.9550781575629989e-07	0.002609891224483	7.495872726419302e-05	5.618810241754146e-09	6.811532203876065e-06	-0.1259161520999995	0.1165232592000009	-0.1013839798000003	0.0812449131000007	1
1.1443937339979988e-06	0.0571397088032486	0.0099149814468552	9.830685709122532e-05	0.0032649463221206	0.1097194143641499	0.0028132238097958	7.914228203226119e-06	0.0120383498884115	0.2729731234759987	0.022929358623479	0.0005257554868835	0.0745143261402423	0.0027631252966906	-4.28056249822465e-05	1.832321687088261e-09	7.634861405928472e-06	0.0003376267616047	-0.0001045358951021	1.0927752675021132e-08	1.1399183103939001e-07	0.0022620433987113	-0.0003478478257717	1.2099811071845018e-07	5.116840336157609e-06	-0.1266188351999995	0.1192723348000008	-0.1073422654000004	0.0912870929000007	1
-4.034348293783037e-07	0.057841175190163	0.0007014663869133	4.920550913585038e-07	0.0033456015473793	0.0841365779660907	-0.0255828363980588	0.00065448151817	0.0070789637518425	0.3220801351148445	0.0491070116388459	0.0024114985920979	0.1037356134355968	0.0017761965947683	-0.0009869287019213	9.740282635191118e-07	3.1548743424650465e-06	-0.0001497379334653	-0.0004873646950708	2.3752434648711585e-07	2.24214482071343e-08	0.0025471351904534	0.0002850917917431	8.127732977947836e-08	6.48789767792772e-06	-0.1272347400999998	0.1216944932000009	-0.1126387502000004	0.1003291122000008	1
1.299501031441091e-07	0.0583004767664477	0.0004593015762849	2.109579370487555e-07	0.0033989455911952	0.1090185132450467	0.0248819352789572	0.0006191107032254	0.0118850362301605	0.3860715097132035	0.0639913745983602	0.0040948960229882	0.1490512106122343	0.0033321024831845	0.0015559058884174	2.4208431342818724e-06	1.110290696104368e-05	-0.000386913754025	-0.0002371758205584	5.6252369084887e-08	1.497022537910275e-07	0.0030546561634393	0.0005075209729862	2.575775386932079e-07	9.33092427721829e-06	-0.1277634446999991	0.1237830955000007	-0.1172407796000004	0.1082719048000009	1
-4.015411515242145e-08	0.067565153375114	0.0092646766086655	8.583423266312103e-05	0.0045650499506046	0.0729957282162545	-0.0360227850287922	0.0012976410412319	0.0053283763378204	0.4144819496147455	0.0284104399015413	0.0008071530953986	0.1717952865564433	0.0017850467083529	-0.0015470557748314	2.3933815723848976e-06	3.1863917501142627e-06	-2.3184043695024785e-05	0.0003637297103306	1.322993022089124e-07	5.375002795450656e-10	0.0031550323199239	0.0001003761564834	1.0075372404148558e-08	9.954228940262786e-06	-0.1282045864999995	0.1255324169000007	-0.1211199807000006	0.1150284477000009	1
1.1518157830928677e-08	0.044585358214845	-0.0229797951602686	0.0005280709856093	0.0019878541671438	0.1201769572680286	0.0471812290517743	0.0022260683748374	0.0144425010582015	0.345635618375702	-0.0688463312390453	0.0047398173250762	0.1194639806899546	0.0028898824358631	0.0011048357275093	1.2206619843088498e-06	8.351420493495113e-06	0.0004252797337102	0.0004484637774049	2.011197598883676e-07	1.808628515436196e-07	0.0029608979738364	-0.0001941343460888	3.768814401822143e-08	8.7669168132321e-06	-0.1285578633999992	0.126937662700001	-0.1242524367000004	0.1205247148000011	1
-2.765522286761661e-09	0.0556163874569778	0.0110310292421342	0.0001216836061406	0.0030931825537638	0.1087785989599868	-0.0113983583080427	0.0001299225721176	0.0118327835916978	0.3849106402832158	0.0392750219075141	0.0015425273458352	0.1481562010032369	0.0026568516853256	-0.000233030750537	5.430332997868864e-08	7.058860877738071e-06	0.0001160759607679	-0.0003092037729424	9.560697355036152e-08	1.3473628051335032e-08	0.0026918531954173	-0.0002690447784194	7.238509311496564e-08	7.246073624769075e-06	-0.1288230330999989	0.127994981200001	-0.1266188352000005	0.1247004880000009	1
-4.1804412487297845e-11	0.0579695535714102	0.0023531661144319	5.537390761767155e-06	0.0033604691412684	0.1045986250030635	-0.004179973956923	1.7472182279800688e-05	0.0109408723525315	0.3798982761600623	-0.0050123641231545	2.5123794102222208e-05	0.1443227002293885	0.0025691569600576	-8.769472526814154e-05	7.690363908125139e-09	6.600567485201184e-06	0.0002132102448203	9.71342840526392e-05	9.43506847169568e-09	4.545860862402828e-08	0.0032762367490781	0.0005843835536613	3.415041395536967e-07	1.0733727238212078e-05	-0.128999913899999	0.128701474400001	-0.1282045865000005	0.1275100165000009	1
3.975763754412957e-09	0.0620271028981845	0.0040575493267735	1.6463706538965258e-05	0.0038473614939424	0.0922743582435991	-0.0123242667594641	0.0001518875511578	0.0085145571892676	0.3962922853694546	0.0163940092093918	0.000268763537957	0.1570475754433472	0.0022469988548923	-0.0003221581051647	1.0378584398811922e-07	5.049003853160666e-06	7.134620921725248e-06	-0.0002060756238993	4.246716271190929e-08	5.0902205450456634e-11	0.0032350051578087	-4.123159127039477e-05	1.7000439263888866e-09	1.046525837276152e-05	-0.1290883845999994	0.1290552057000009	-0.1289999139000005	0.128922518600001	1
