trial_type.stimulus_random	trans_x	trans_x_derivative1	trans_x_derivative1_power2	trans_x_power2	trans_y	trans_y_derivative1	trans_y_derivative1_power2	trans_y_power2	trans_z	trans_z_derivative1	trans_z_derivative1_power2	trans_z_power2	rot_x	rot_x_derivative1	rot_x_derivative1_power2	rot_x_power2	rot_y	rot_y_derivative1	rot_y_derivative1_power2	rot_y_power2	rot_z	rot_z_derivative1	rot_z_derivative1_power2	rot_z_power2	cosine00	cosine01	cosine02	intercept
-3.299797611107321e-09	8.010030002150894e-06	-8.652060754251185e-16	2.3409944361846163e-16	6.41625839169219e-11	-8.144909997406695e-06	-6.408793492980022e-16	-8.073599179372414e-16	6.633951513533455e-11	-4.97400000906305e-06	1.1841271072435785e-15	-1.077702651575791e-15	2.4747510011515e-11	0.0001881260000025	9.841079889021901e-16	-1.4371528682350434e-15	3.539139557668098e-08	-0.0001086959999987	-6.146303128572771e-17	-8.851843101270275e-16	1.1814819841737091e-08	0.0004809340000006	1.0617215957646454e-15	-2.520450292458644e-15	2.312975158309263e-07	-1.5714866804539205e-15	-1.6953889368639453e-15	-1.1217399266627829e-15	1
9.255981855423562e-09	2.9999300020591424e-06	-5.0101000013714096e-06	2.510076523131465e-11	8.999991827871035e-12	-0.0178686999999991	-0.0178605550900016	0.000318999428122	0.0003192904396897	0.0202438999999937	0.0202488740000043	0.0004100168982697	0.0004098154872098	3.103450998552517e-15	-0.0001881260000022	3.539139161907429e-08	6.032573625281879e-16	-0.0003010380000019	-0.0001923420000005	3.6995444488265364e-08	9.062387908501135e-08	-1.876062390314196e-15	-0.0004809340000027	2.3129751762174726e-07	-3.1767941103096348e-15	-1.236265394320567e-15	-1.5791623702903345e-15	-1.0683994636120417e-15	1
-2.546671433478853e-08	-7.286550020572865e-07	-3.728584999557273e-06	1.3901215994885668e-11	5.305089586739384e-13	-0.0023144699999994	0.0155542300000009	0.0002419340708926	5.356771380444233e-06	0.019688599999997	-0.0005553000000004	3.08358089263063e-07	0.0003876409699641	-0.0006106510000009	-0.0006106510000031	3.728946505741558e-07	3.728946397360579e-07	-0.0004056449999997	-0.0001046070000012	1.094262339969763e-08	1.6454786589483487e-07	5.19859753532013e-17	2.028913118530929e-16	-1.779135601407188e-16	-2.1403536336095031e-16	0.1166357094000011	0.1166157323000006	0.1165824397000015	1
6.882492376004672e-08	0.0043910399999989	0.0043917686550012	1.92876319192048e-05	1.9281232280945885e-05	-0.0170240000000002	-0.0147095300000008	0.0002163702728203	0.0002898165759996	0.0199924999999969	0.0003039	9.235520961050089e-08	0.000399700056254	-0.0005480560000028	6.259500000120431e-05	3.918131567070825e-09	3.003653756352528e-07	-0.0001314389999976	0.0002742060000016	7.518893196336473e-08	1.7276207231845522e-08	8.95867936732129e-16	8.712783909736432e-16	-1.2059912550686536e-15	-2.202016433462384e-15	0.1165824397000017	0.1164027144000006	0.1161033775000014	1
-1.828203962660175e-07	-7.286550013132605e-07	-0.0043917686550011	1.928763191884454e-05	5.29415142535101e-13	-0.0346132000000026	-0.0175892000000003	0.0003093799566387	0.0011980736142411	0.0297538999999985	0.0097614000000018	9.52849299607684e-05	0.0008852945652113	-0.0001301529999986	0.000417903000002	1.7464291903233718e-07	1.6939806529028333e-08	-0.0004056449999996	-0.0002742060000029	7.518893228864862e-08	1.645478660422205e-07	2.1497178082966337e-15	3.478221107080119e-17	-1.6777299659981638e-15	-1.879071329849856e-15	0.1164759247000021	0.1159770678000007	0.1151472216000014	1
4.773236154581744e-07	-7.296170023963529e-07	-9.619997548399267e-10	-1.0791121703605908e-15	5.310423954116557e-13	0.0107646000000002	0.045377800000003	0.0020591447328453	0.0001158766131593	0.0433566999999998	0.0136028000000015	0.0001850361678412	0.0018798034348896	-0.0005534869999984	-0.0004233340000016	1.7921167702393053e-07	3.0634785871190694e-07	-0.0004056450000004	1.0222008639634533e-15	-1.871918031391133e-15	1.6454786676984102e-07	1.1028046748488748e-15	-1.0674028675513793e-15	-1.3403538513442845e-15	2.5706402618969395e-16	0.1163162130000019	0.1153395698000007	0.1137179010000015	1
-1.2241552753230547e-06	-7.298730023497903e-07	-2.559995128413593e-10	-8.463380491502867e-16	5.311800307592651e-13	-0.0289865000000011	-0.0397511000000024	0.0015801499512125	0.0008402171822498	0.0401849999999999	-0.0031716999999998	1.0059680889409169e-05	0.0016148342250003	-0.0003200469999987	0.0002334399999995	5.4494231858371194e-08	1.024300835421378e-07	-0.0004056450000009	-1.5655728090116947e-16	-1.359032345332473e-15	1.6454786630962338e-07	2.1455603184299795e-15	7.720058169187257e-16	-7.486259308929819e-16	1.5784209527594935e-16	0.1161033775000022	0.1144913851000009	0.1118212892000016	1
3.079659949053826e-06	0.0087998699999999	0.0088005998730019	7.74505581257002e-05	7.743771201630798e-05	-0.0189013000000022	0.0100852000000013	0.0001017112590387	0.0003572591416893	0.0449041000000002	0.0047191000000001	2.226990480989802e-05	0.0020163781968099	-0.0005776820000001	-0.0002576350000016	6.637579278575305e-08	3.337164933624895e-07	-0.000405645000002	1.1075734364607937e-16	-2.063755189778358e-15	1.645478661517919e-07	3.657824650392579e-15	-8.463472857191413e-16	-1.0354128521631618e-15	-3.0455121130206903e-16	0.115837515400002	0.1134340629000007	0.1094651797000015	1
-7.580282096194771e-06	3.5913899998711414e-05	-0.0087639561000021	7.680692652379345e-05	1.2898063543503372e-09	-0.0188994000000016	1.9000000005829652e-06	3.608406425878864e-12	0.0003571873203598	0.0449041000000003	3.5008097452491294e-17	-6.800029972972785e-16	0.0020163781968096	-0.0005776820000009	3.023234873357428e-16	-1.3558230097652769e-15	3.337164933130871e-07	-0.000405645000002	4.766225983778297e-16	-3.115041391046292e-15	1.645478679468278e-07	-0.0003163609999994	-0.0003163610000031	1.0008428453098437e-07	1.000842827734525e-07	0.1155187483000021	0.1121695347000008	0.1066592543000014	1
1.818714435184522e-05	0.0112121000000005	0.0111761861000025	0.0001249071357444	0.0001257111864099	-0.0188981000000016	1.3000000006089498e-06	1.68860828487546e-12	0.0003571381836094	0.0449187000000001	1.4599999999374088e-05	2.1315991286792863e-10	0.0020176896096903	-0.0004775470000002	0.0001001350000008	1.0027016653582215e-08	2.2805113769820714e-07	-0.0004056450000026	4.543177828276396e-17	-1.2012294067936205e-15	1.6454786759228177e-07	-0.0001907889999995	0.0001255720000016	1.576832694655063e-08	3.6400441649631145e-08	0.1151472216000018	0.1107001104000006	0.1034150432000015	1
-4.2385076995958994e-05	0.0112167000000016	4.599999999228652e-06	2.115794928497715e-11	0.0001258143588902	-0.0188947000000019	3.4000000007309586e-06	1.1558843695682752e-11	0.0003570096880897	0.0449097	-9.000000000140506e-06	8.099925079136054e-11	0.0020168811540897	-0.0005776820000009	-0.0001001350000006	1.00270175891652e-08	3.337164931563015e-07	-4.410989999924001e-05	0.0003615351000032	1.3070763092385393e-07	1.945679996815261e-09	-0.0004221360000001	-0.0002313470000019	5.352143406853852e-08	1.781988034678443e-07	0.1147231050000017	0.1090284739000005	0.0997458775000013	1
9.48802268451579e-05	1.956599999881888e-05	-0.0111971340000029	0.0001253758098168	3.8282596180316135e-10	-0.0061660700000003	0.012728630000001	0.000162018021676	3.802041924401768e-05	0.0449042	-5.500000000284816e-06	3.025013657003293e-11	0.0020163871776395	-0.0005776820000007	1.0893033807367197e-15	-1.8756495884251592e-15	3.3371649270532733e-07	-0.0003028569999995	-0.0002587471000025	6.695006360907159e-08	9.172236231266398e-08	-0.0001637119999995	0.0002584240000024	6.678296596928525e-08	2.680161696863852e-08	0.1142465923000018	0.1071576790000006	0.0956668345000013	1
-0.0001926349485894	0.0057741899999986	0.0057546240000017	3.311569738045574e-05	3.334127015457939e-05	0.0072846900000014	0.0134507600000004	0.0001809229445766	5.306670839604871e-05	0.0448917999999997	-1.2400000000521818e-05	1.5375902925758135e-10	0.0020152737072399	-0.0006894890000012	-0.0001118069999995	1.2500803777218221e-08	4.75395080672945e-07	-0.0004056450000015	-0.0001027880000009	1.0565371105222309e-08	1.6454786821613366e-07	-0.0003879520000018	-0.0002242400000018	5.0283578717052115e-08	1.5050675631441312e-07	0.1137179010000017	0.1050911429000007	0.0911946760000012	1
0.0003500644042143	0.0144493000000015	0.0086751100000016	7.525753351221416e-05	0.0002087822704916	-0.0188929000000004	-0.0261775900000017	0.0006852662182085	0.0003569416704091	0.0449144999999998	2.2699999999739605e-05	5.152891596809616e-10	0.0020173123102498	-0.0004688670000008	0.0002206220000009	4.8674066984095535e-08	2.1983626324264758e-07	-0.000575935000004	-0.000170290000001	2.8998684578224387e-08	3.317011310202596e-07	-0.0003898090000017	-1.8569999983019304e-06	3.4472159081701534e-12	1.519510578571318e-07	0.1131372727000014	0.1028326404000006	0.0863477791000011	1
-0.0008956880225258	0.0111977000000017	-0.0032516000000017	1.0572902558700273e-05	0.0001253884852902	-0.0101749000000013	0.008718000000001	7.60035239991683e-05	0.0001035285900094	0.0483265000000001	0.0034120000000003	1.1641743999665587e-05	0.0023354506022489	-0.0003942779999993	7.458900000060816e-05	5.563518701052428e-09	1.554551430272078e-07	-0.0001325580000007	0.0004433770000049	1.9658317004843264e-07	1.757162229401107e-08	-0.0004015540000008	-1.1744999999550792e-05	1.3794194339147169e-10	1.6124561518099953e-07	0.1125049725000016	0.1003862972000002	0.081146060600001	1
0.0288739506857556	0.0156200000000017	0.0044223000000003	1.9556737287739637e-05	0.0002439844000017	0.0310859000000029	0.041260800000002	0.0017024536166437	0.0009663331788128	0.0539613000000001	0.0056347999999999	3.175097103979785e-05	0.0029118218976888	-0.0005776819999985	-0.0001834039999999	3.3637026525566706e-08	3.337164931342515e-07	-0.0004056450000006	-0.0002730870000016	7.457651105673819e-08	1.645478678058583e-07	-0.000142267999999	0.0002592860000009	6.722923135215702e-08	2.0240182430398672e-08	0.1118212892000011	0.0977565817000006	0.075610895500001	1
0.2887774907193936	0.0125634000000015	-0.003056600000001	9.3428035585689e-06	0.0001578390195608	-0.0050199999999987	-0.0361059000000028	0.0013036360148123	2.520039999882188e-05	0.0448597999999989	-0.009101500000001	8.28373022498804e-05	0.0020124016560393	-0.0008276820000024	-0.0002500000000024	6.250000008392402e-08	6.850574921458566e-07	-0.0004056450000013	2.4278194483686393e-16	-1.3907314639263532e-15	1.6454786798784613e-07	3.7150854820517785e-15	0.0001422680000017	2.0240183337189142e-08	-1.2410893125565905e-15	0.1110865350000015	0.0949482978000012	0.0697650290000012	1
0.7022326623905196	0.0096294800000007	-0.0029339200000005	8.607886565754887e-06	9.27268850702706e-05	-0.001744420000001	0.0032755800000006	1.0729424335715376e-05	3.0430011360382603e-06	0.0449203999999979	6.06000000001418e-05	3.6723591754282075e-09	0.0020178423361594	-0.0005034760000001	0.000324206000003	1.051095319466627e-07	2.5348808165601537e-07	-0.0001034209999992	0.0003022240000025	9.133934700731357e-08	1.0695902305619854e-08	-0.0003141929999995	-0.0003141930000035	9.871724151541454e-08	9.871723869680153e-08	0.1103010456000021	0.0919665751000023	0.0636324831000015	1
0.959355459827356	0.0138965000000008	0.0042670200000012	1.8207459679808053e-05	0.0001931127122506	0.0113961000000001	0.0131405200000006	0.0001726732658698	0.0001298710952102	0.0609578999999991	0.0160375000000015	0.000257201406252	0.0037158655724078	-0.0006388039999983	-0.0001353280000009	1.831366546277153e-08	4.080705488324865e-07	-0.000405645000001	-0.0003022240000025	9.133934923834852e-08	1.645478676978141e-07	2.834472369497496e-15	0.0003141930000017	9.871724237829832e-08	-2.954507743431458e-15	0.1094651797000021	0.0888168602000032	0.0572384576000018	1
0.8217871207896583	0.0096740000000007	-0.0042225000000005	1.782950624987694e-05	9.35862760000586e-05	-0.0079058800000012	-0.0193019800000008	0.0003725664319208	6.250293857389843e-05	0.0490956999999982	-0.0118622000000013	0.0001407117888402	0.0024103877584896	-0.0003933409999982	0.0002454630000009	6.025208439164182e-08	1.5471714137793313e-07	3.143920000143209e-05	0.0004370842000034	1.9104260234278082e-07	9.8842197137512e-10	-0.0005585810000014	-0.0005585810000046	3.1201274060181017e-07	3.120127359689828e-07	0.1085793190000023	0.0855049067000025	0.0506092271000014	1
0.4349705525242964	0.0001010919999985	-0.0095729080000019	9.16405675787884e-05	1.0219590550803789e-08	-0.0050096600000002	0.0028962200000002	8.388090287472052e-06	2.5096693314859132e-05	0.0449073999999984	-0.0041883000000008	1.7541856889471387e-05	0.0020166745747598	-0.0005776819999998	-0.0001843410000009	3.398160312992612e-08	3.337164912903739e-07	-3.823469999776502e-05	-6.967390000115748e-05	4.8544521840439385e-09	1.4618910447571327e-09	-0.000558581000005	1.5733162187013819e-15	-1.5960749282200577e-15	3.12012737152909e-07	0.107643868100002	0.0820367644000015	0.0437720323000008	1
0.1624000394202334	0.0081276499999989	0.008026558000002	6.442563332840988e-05	6.605869452071696e-05	0.0194536000000023	0.0244632600000007	0.0005984510898279	0.000378442552961	0.0567534999999998	0.0118461000000008	0.0001403300852106	0.0032209597622486	-0.000881252000002	-0.0003035700000005	9.215474575642564e-08	7.7660508838465e-07	3.143920000288212e-05	6.967390000052247e-05	4.854451275281169e-09	9.884213260130907e-10	-0.000374913000003	0.0001836680000023	3.373393505507476e-08	1.4055975853080945e-07	0.1066592543000015	0.0784187683000005	0.0367549689000004	1
0.270897794163278	0.0174093000000013	0.0092816500000015	8.614902672316192e-05	0.0003030837264914	0.0179006000000025	-0.0015530000000012	2.4118089981115315e-06	0.0003204314803612	0.0736869000000013	0.0169334000000019	0.0002867400355621	0.0054297592316078	-0.0006573210000008	0.0002239310000018	5.0145093167705115e-08	4.320708964693159e-07	-9.668149999848258e-05	-0.0001281207000016	1.6414913069843416e-08	9.347311187199636e-09	-0.0003783009999996	-3.3880000001218936e-06	1.1476533341047508e-11	1.431116451807506e-07	0.1056259273000013	0.0746575274000009	0.0295868715000006	1
0.6248117400886044	0.0180978000000024	0.0006884999999995	4.740322464978138e-07	0.0003275303648432	0.0065450500000007	-0.0113555500000011	0.0001289485158015	4.283767950245468e-05	0.0788597000000012	0.0051727999999999	2.6757859838766347e-05	0.0062188522840889	-0.000787500000001	-0.0001301790000013	1.6946572000886802e-08	6.201562497060084e-07	-0.0003747890000025	-0.0002781075000024	7.734378322842267e-08	1.404667974452699e-07	-0.0005585810000011	-0.0001802800000017	3.2500877314488925e-08	3.1201273705237245e-07	0.1045443589000018	0.0707599123000018	0.0222971952000009	1
0.8675488264118693	0.0087937400000001	-0.009304060000002	8.656553248576464e-05	7.732986318640845e-05	0.0335838000000024	0.027038750000001	0.0007310940015633	0.001127871622444	0.0739327	-0.0049270000000015	2.4275328999942135e-05	0.0054660441292893	-0.0010721200000018	-0.0002846200000003	8.100854595407447e-08	1.1494412994227158e-06	-0.0001555650000009	0.0002192240000037	4.8059162190707846e-08	2.420047090977637e-08	-0.000216678	0.000341903000002	1.1689766351533804e-07	4.694935512781096e-08	0.103415043200002	0.0667330424000026	0.0149158950000011	1
0.7368588660979932	0.0055799399999989	-0.0032137999999999	1.032851043976979e-05	3.113573040206876e-05	-0.0110429000000003	-0.0446267000000032	0.0019915423528946	0.0001219456404081	0.0706236000000003	-0.0033091	1.0950142809209393e-05	0.004987692876959	-0.000723545000002	0.0003485750000012	1.2150453163124373e-07	5.235173666200355e-07	2.979470000233733e-05	0.0001853597000008	3.4358219199853185e-08	8.877226632469482e-10	-0.0002024999999991	1.4178000000920973e-05	2.0101443661191447e-10	4.10062485156977e-08	0.1022384959000023	0.0625842736000021	0.0074733022000007	1
0.3742112095766166	0.0172780000000018	0.0116980600000027	0.0001368446077658	0.0002985292840025	0.0142649000000002	0.0253078000000017	0.0006404847408409	0.00020348737201	0.0705331000000005	-9.050000000075863e-05	8.190249307606375e-09	0.0049749181956095	-0.0005927150000002	0.0001308300000023	1.7116488214680443e-08	3.5131107081037485e-07	2.979470000168087e-05	-8.893654501946934e-16	-1.7592605730936888e-15	8.877227914498496e-10	-0.0004517800000004	-0.0002492800000031	6.214051870259628e-08	2.0410516828943745e-07	0.1010152545000014	0.0583211844000008	3.478160861325394e-16	1
0.133401400095151	0.0082870000000006	-0.0089910000000026	8.08380810012089e-05	6.867436899830992e-05	0.0243227000000033	0.0100577999999995	0.0001011593408383	0.0005915937352922	0.0610886999999999	-0.0094444000000014	8.91966913604016e-05	0.0037318292676882	-0.0006967600000008	-0.0001040449999996	1.0825361750935134e-08	4.854744976046247e-07	2.9794700002556025e-05	-1.5007045744877954e-16	-1.663123264748883e-15	8.877233203201284e-10	-0.0003643620000001	8.74180000006409e-05	7.641905700293629e-09	1.327596670872509e-07	0.099745877500001	0.0539515618	-0.0074733022000002	1
0.2698247642228357	0.0208881000000028	0.0126011000000023	0.0001587877212127	0.0004363127216146	-0.0033831399999991	-0.0277058400000024	0.0007676135701064	1.144563625834243e-05	0.0691671000000003	0.0080784000000007	6.526054655915027e-05	0.0047840877224083	-0.0007688220000024	-7.206200000104582e-05	5.192931831234125e-09	5.910872662536005e-07	2.9794700001600453e-05	-6.526052690726308e-16	-8.455697177850608e-16	8.877231834974888e-10	-0.0005585810000017	-0.0001942190000005	3.7721019343106855e-08	3.120127351981619e-07	0.098430944700001	0.0494833878000002	-0.0149158950000001	1
0.632797288892054	0.0136755000000026	-0.0072126000000024	5.202159875994192e-05	0.0001870193002509	0.0033138899999994	0.0066970300000006	4.485021082026798e-05	1.0981866931526231e-05	0.0684347999999995	-0.0007323000000003	5.362632893616274e-07	0.0046833218510385	-0.0006543300000014	0.0001144920000016	1.3108418296678838e-08	4.2814774815338164e-07	0.000113363000002	8.356830000040193e-05	6.983659702337564e-09	1.2851169812544788e-08	-0.0005585810000022	2.8145736487788697e-16	-2.096522749111613e-15	3.120127355509403e-07	0.0970710567000016	0.0449248242000012	-0.0222971951999998	1
0.867934383724413	0.0119406000000008	-0.0017349000000004	3.009878008972565e-06	0.0001425779283601	0.0103838999999999	0.0070700100000001	4.9985041399174734e-05	0.0001078253792102	0.0846024000000004	0.0161676000000016	0.0002613912897621	0.0071575660857587	-0.0003555219999977	0.0002988080000017	8.928622158130274e-08	1.263958929101726e-07	2.9794700001943146e-05	-8.356830000118886e-05	6.983660286115156e-09	8.877230467381392e-10	-0.0003692560000011	0.0001893250000017	3.584395498676503e-08	1.3634999216128441e-07	0.095666834500002	0.040284198000002	-0.0295868714999996	1
0.7242670472999928	0.0077593999999995	-0.0041812000000008	1.7482433439308797e-05	6.0208288359073534e-05	0.0182052000000012	0.0078212999999999	6.117273368873705e-05	0.0003314293070414	0.0879485000000011	0.0033461	1.1196385209451958e-05	0.0077349386522496	-0.0005189259999977	-0.0001634040000016	2.670086637108406e-08	2.692841938056569e-07	2.9794700001568435e-05	-2.457783398639722e-16	-1.3443155146242714e-15	8.877221501410958e-10	-0.0002253579999989	0.0001438980000004	2.0706634008784447e-08	5.0786227253307934e-08	0.0942189196000019	0.0355699861000016	-0.0367549688999998	1
0.3604086539890901	0.0095768000000002	0.0018174000000008	3.302942758485605e-06	9.171509823949773e-05	0.0044930500000009	-0.0137121500000012	0.0001880230576214	2.018749830197322e-05	0.0727534000000003	-0.0151951000000024	0.0002308910640114	0.0052930572115591	-0.0003807849999985	0.0001381410000005	1.9082934400295097e-08	1.449972162197671e-07	-4.227089999940972e-05	-7.206560000195145e-05	5.193449410386653e-09	1.7868281271995214e-09	-0.0005050170000011	-0.0002796590000019	7.82091575653577e-08	2.5504217350264855e-07	0.0927279731000014	0.0307907997000003	-0.0437720323000005	1
0.130980813944865	0.0194477000000027	0.0098709000000011	9.743466681109876e-05	0.0003782130352941	-0.0033740200000002	-0.0078670700000008	6.18907903835335e-05	1.1384010959610106e-05	0.0916006000000023	0.0188472000000023	0.0003552169478429	0.0083906699203596	-0.0003021209999988	7.86639999994708e-05	6.188024623203967e-09	9.127709962487469e-08	2.9794700000265536e-05	7.206560000060762e-05	5.193450172521552e-09	8.877229984473618e-10	-0.000486198000001	1.881900000126245e-05	3.5415254340875356e-10	2.3638849614437035e-07	0.0911946760000011	0.0259553687999994	-0.0506092271000007	1
0.2818482956927447	0.011729500000002	-0.0077182000000024	5.9570611239773776e-05	0.0001375811702506	0.0162832000000009	0.0196572200000011	0.0003864062981283	0.0002651426022406	0.0838536000000013	-0.0077470000000016	6.001600900006616e-05	0.0070314262329596	-0.0004638029999987	-0.0001616820000006	2.61410693606101e-08	2.151132233528545e-07	2.9794700000644312e-05	5.2173834687283376e-17	-1.3562584808325574e-15	8.877239033089752e-10	-0.0004986300000012	-1.2432000000348765e-05	1.545530662426447e-10	2.4863187985037265e-07	0.0896197287000012	0.0210725261999999	-0.0572384576000007	1
0.6462940824471806	0.0193642000000026	0.0076347000000015	5.828864408991937e-05	0.000374972241644	0.0179540000000016	0.0016707999999994	2.7915726386706813e-06	0.000322346116001	0.0826799000000002	-0.0011737000000009	1.3775716892007475e-06	0.0068359658640094	-0.0006666779999999	-0.0002028750000014	4.1158266168923664e-08	4.444595545619641e-07	2.9794700000531467e-05	-2.321437169375126e-16	-9.874060394490366e-16	8.877228831093593e-10	-0.0002399379999991	0.000258692000002	6.692155244650599e-08	5.757024120690519e-08	0.0880038504000012	0.0161511911000008	-0.0636324831000004	1
0.8699466318627179	0.009757110000001	-0.0096070900000027	9.22961782696932e-05	9.52011955526143e-05	-0.0033695100000009	-0.0213235100000016	0.0004546920787202	1.1353597639488489e-05	0.0987508000000013	0.0160709000000023	0.0002582738268114	0.0097517205006405	-0.0003301949999991	0.0003364830000012	1.132208115608048e-07	1.0902873771360622e-07	-0.0001404950000006	-0.0001702897000014	2.8998582086602342e-08	1.9738846991578917e-08	-0.0005585820000017	-0.0003186440000024	1.0153399940223877e-07	3.120138538469944e-07	0.086347779100002	0.0112003532000015	-0.0697650290000002	1
0.7120248895874814	0.0144751000000015	0.0047179900000011	2.2259429639428504e-05	0.0002095285200126	0.005145429999999	0.0085149400000007	7.250420320301359e-05	2.6475449884505225e-05	0.0992188000000016	0.000467999999999	2.190239999300235e-07	0.0098443702734422	-0.0002870819999974	4.311299999967435e-05	1.8587296579441166e-09	8.241607648799148e-08	2.979479999917095e-05	0.0001702898000014	2.899861612214008e-08	8.877288045768881e-10	-0.0001958039999996	0.0003627780000031	1.3160788179515953e-07	3.8339204918060315e-08	0.0846522712000018	0.0062290560000009	-0.0756108955000004	1
0.3470031843644952	0.0130172000000017	-0.0014579000000007	2.125472407773062e-06	0.0001694474958413	0.0177694000000011	0.0126239700000004	0.0001593646185598	0.000315751576361	0.0941539000000017	-0.0050649000000012	2.5653212009642765e-05	0.0088649568852109	-0.0005298179999994	-0.0002427360000015	5.892076646076908e-08	2.807071130908199e-07	2.9794800000454685e-05	-3.398265724064134e-16	-1.7897829291361448e-15	8.877283373365505e-10	-0.0001683039999969	2.7499999998787443e-05	7.56249340481695e-10	2.832623548661568e-08	0.0829181010000012	0.0012463803999997	-0.081146060600001	1
0.1291331721544092	0.0050357500000001	-0.0079814500000022	6.37035441032051e-05	2.5358778061533296e-05	-0.0058414799999999	-0.0236108800000017	0.0005574736543741	3.412288858930534e-05	0.0866335000000017	-0.0075204000000005	5.655641615984303e-05	0.0075053633222494	-0.000242147999999	0.0002876700000009	8.27540303692975e-08	5.863565678004629e-08	2.9794800000659616e-05	-6.812037139980205e-16	-1.4270353880828432e-15	8.877297682947762e-10	-0.0003606689999993	-0.0001923650000012	3.700429367701662e-08	1.300821282233317e-07	0.0811460606000012	-0.0037385719000009	-0.0863477791000014	1
0.2941714125557638	8.281289999818558e-05	-0.004952937100001	2.4531585916225832e-05	6.857975379519714e-09	0.0063442400000002	0.0121857200000004	0.0001484917719171	4.024938117725519e-05	0.0946342000000019	0.0080007000000007	6.40112004900327e-05	0.0089556318096404	-0.0003239199999982	-8.177200000088716e-05	6.686658678348839e-09	1.0492416799069221e-07	-0.000118909000001	-0.0001487038000011	2.2112820499345056e-08	1.41393503684267e-08	-0.0002857570000013	7.491200000073442e-05	5.611807662939189e-09	8.165706385892189e-08	0.0793369593000016	-0.0087166951000005	-0.0911946760000013	1
0.6596023162642825	0.0089015099999993	0.0088186971000028	7.776941854351031e-05	7.923688028015237e-05	0.0186217000000012	0.0122774600000002	0.0001507360240505	0.0003467677108911	0.0948322000000008	0.000197999999999	3.9203999403813575e-08	0.0089931461568413	-0.0007081870000002	-0.0003842670000025	1.476611298597862e-07	5.015288266151973e-07	2.9794699999505764e-05	0.0001487037000015	2.2112790540884823e-08	8.877234350900322e-10	-6.886739999888725e-05	0.0002168896000013	4.704109999791366e-08	4.742718853981587e-09	0.0774916233000016	-0.0136788957999995	-0.0956668345000009	1
0.8713811280887304	0.0063069399999998	-0.0025945699999999	6.731793484332767e-06	3.977749216330334e-05	-0.0033726800000009	-0.0219943800000013	0.0004837527515845	1.1374970381387864e-05	0.0899620000000002	-0.0048702000000005	2.3718848039329453e-05	0.0080931614440003	-0.0003114429999989	0.0003967440000019	1.574058040427791e-07	9.699674304477703e-08	2.979470000026403e-05	-9.231236491627149e-16	-9.484857851606311e-16	8.877240710899362e-10	-0.0002555899999993	-0.0001867226000018	3.486532912163355e-08	6.532624684104309e-08	0.0756108955000019	-0.018616109799999	-0.0997458775000008	1
0.6995037304088357	7.149459999864706e-05	-0.0062354454000008	3.88807793370422e-05	5.111477099500221e-09	-0.0077596000000016	-0.00438692	1.9245067085047945e-05	6.021139215908841e-05	0.0928081000000007	0.0028461	8.100285209184398e-06	0.0086133434256105	-0.0004681149999994	-0.0001566720000018	2.454611464693119e-08	2.191316527972391e-07	-2.307650000092851e-05	-5.2871200000489344e-05	2.795363581494968e-09	5.325246743985974e-10	-0.0002960410000012	-4.045100000022753e-05	1.6362824718397416e-09	8.76402741306073e-08	0.073695634800002	-0.0235193183999996	-0.1034150432000011	1
0.3338370599912024	4.995549999777594e-05	-2.153909999935912e-05	4.6393210082113756e-10	2.49555102807936e-09	0.0256895000000017	0.0334491000000016	0.0011188422908117	0.0006599504102517	0.0949219000000012	0.0021137999999996	4.468150439617794e-06	0.0090101670996113	-0.0005084359999997	-4.032099999907378e-05	1.6257814606752646e-09	2.585071663426968e-07	2.9794700000007865e-05	5.287120000094066e-05	2.795362922986667e-09	8.877240679442676e-10	-0.0001208080000008	0.0001752330000006	3.070660583068815e-08	1.4594573307496328e-08	0.0717467159000014	-0.0283795650000007	-0.1066592543000016	1
0.1281045716709328	4.581449999822233e-05	-4.140999999528538e-06	1.7147253533284518e-11	2.0989674143690382e-09	-0.0117770999999998	-0.0374666000000028	0.001403746115562	0.0001387000844082	0.0859758000000012	-0.0089461000000006	8.003270520991651e-05	0.0073918381856398	-0.0002435009999991	0.0002649350000001	7.019055399605761e-08	5.929273921151264e-08	2.979480000028765e-05	9.999913769368735e-11	-1.9829299217228316e-16	8.877292143856365e-10	-0.0001454469999995	-2.463899999910657e-05	6.070805368952702e-10	2.1154829831943537e-08	0.0697650290000013	-0.0331879717000014	-0.1094651797000019	1
0.3068211265584675	4.134449999841685e-05	-4.469999999661144e-06	1.9980087397549297e-11	1.7093668387505166e-09	0.0049821499999997	0.016759250000001	0.0002808724605616	2.4821818621778812e-05	0.091006500000001	0.0050307000000002	2.530794248956228e-05	0.0082821830422501	-0.000508436	-0.0002649350000015	7.019055455301323e-08	2.5850716587378097e-07	-3.0745200000836535e-05	-6.054000000049741e-05	3.6650908689565614e-09	9.452664835946416e-10	-4.514929999896711e-05	0.0001002977000002	1.005962949715998e-08	2.0384594086699573e-09	0.0677514791000013	-0.037935755000001	-0.1118212892000017	1
0.6727096997125436	6.342599999829818e-05	2.2081500000999e-05	4.875923788976978e-10	4.022856505782984e-09	0.0023421299999997	-0.0026400200000002	6.969705598878138e-06	5.485572936223108e-06	0.0838328999999996	-0.0071736000000011	5.146053695944488e-05	0.0070279551224097	-0.000508436	7.610036892292549e-17	-1.817053227435641e-15	2.585071652300304e-07	2.9794699999208344e-05	6.053990000016536e-05	3.6650787119482355e-09	8.877242422915501e-10	-0.0002257240000005	-0.0001805747000017	3.260722235695055e-08	5.09513238268726e-08	0.0657069859000016	-0.0426142425	-0.1137179010000014	1
0.8722343284366539	6.0269499998162185e-05	-3.1564999991346417e-06	9.963541443476553e-12	3.6324119854019878e-09	-0.0033469700000013	-0.0056891000000002	3.2365858808685055e-05	1.1202208180090835e-05	0.0934256	0.0095927000000012	9.201989329009713e-05	0.0087283427353602	-0.0001762419999975	0.0003321940000014	1.1035285457744021e-07	3.1061245437277065e-08	2.9794799999317466e-05	9.999981345029923e-11	-1.2066233639514878e-16	8.877304669193467e-10	-0.0002386310000019	-1.2906999999698404e-05	1.6658918309021732e-10	5.6944753104185955e-08	0.0636324831000019	-0.0472148879999995	-0.1151472216000011	1
0.6867192236216478	6.831639999835303e-05	8.046900001024303e-06	6.475217981699394e-11	4.6671298200881686e-09	0.0170162000000008	0.0203631700000011	0.0004146586924488	0.0002895510624406	0.0850723999999994	-0.0083532000000016	6.97759502396193e-05	0.0072373132417601	-0.0005480779999987	-0.0003718360000021	1.3826201245169772e-07	3.003894930039866e-07	2.9794699999073957e-05	-9.999979301808396e-11	-2.6456079065931023e-16	8.877244465730936e-10	-0.0002694770000025	-3.084600000034604e-05	9.51474780656751e-10	7.261785468596923e-08	0.0615289181000014	-0.0517292876000001	-0.1161033775000014	1
0.3208877261768766	0.00406615	0.0039978336000013	1.5982673493623908e-05	1.6533575821898006e-05	-0.0160687000000007	-0.033084900000002	0.0010946106080114	0.0002582031196883	0.0697650999999987	-0.0153073000000017	0.0002343134332914	0.0048671691780089	-0.0002667599999997	0.0002813180000011	7.913981709606667e-08	7.116089809494776e-08	2.9794699999258373e-05	-6.536759005804071e-16	5.919967038723824e-16	8.877250278753048e-10	-0.0003457160000029	-7.62389999984185e-05	5.812384297293091e-09	1.1951955373047898e-07	0.0593972518000009	-0.0561491953000014	-0.116582439700002	1
0.1276679465121176	3.752699999945605e-05	-0.0040286230000014	1.6229803276586574e-05	1.4082746885223607e-09	0.0056613099999999	0.0217300100000012	0.0004721933345998	3.2050430915394086e-05	0.0842573000000002	0.0144922000000021	0.0002100238608415	0.0070992926032881	-0.0003598239999996	-9.30640000001406e-05	8.660907671205893e-09	1.294733118312434e-07	0.0002108830000011	0.0001810883000023	3.2792972859213545e-08	4.4471640017297307e-08	-0.0001272490000009	0.0002184670000022	4.7727831391056574e-08	1.619230682658113e-08	0.0572384576000007	-0.0604665371000021	-0.1165824397000021	1
0.3197843121896327	6.087869999829069e-05	2.3351700000265815e-05	5.453006951732642e-10	3.7062150465143293e-09	0.0251915000000026	0.0195301900000002	0.0003814283214349	0.0006346116722521	0.0940548000000006	0.009797500000001	9.599100624987922e-05	0.00884630540304	-0.0005480780000001	-0.0001882540000006	3.543956803699603e-08	3.0038949314183256e-07	-7.515070000081112e-05	-0.0002860337000022	8.181528054767528e-08	5.6476280026096275e-09	-0.0001052620000003	2.1986999999337835e-05	4.834278617441977e-10	1.1080088739803232e-08	0.0550535216000008	-0.0646734268000014	-0.1161033775000019	1
0.6855148478868685	4.494409999832373e-05	-1.5934599999397937e-05	2.5391136461738046e-10	2.019972200031117e-09	-0.0101542000000007	-0.0353457000000026	0.001249318508492	0.0001031077776387	0.103557000000001	0.0095022000000016	9.029180483999168e-05	0.0107240522490019	-0.0002886539999994	0.0002594239999999	6.730081168796314e-08	8.332113223343014e-08	5.043199998645125e-06	8.019390000092047e-05	6.431062070818169e-09	2.5433939809565277e-11	4.773320000355802e-06	0.0001100353200018	1.2107771721275502e-08	2.2784484209610496e-11	0.0528434416000016	-0.0687621798000004	-0.1151472216000013	1
0.8724297784844309	0.0058568400000003	0.0058118959000021	3.377813395312925e-05	3.4302574786192395e-05	-0.0033434200000022	0.0068107800000012	4.638672420768318e-05	1.117845729559103e-05	0.0970779000000001	-0.0064791000000014	4.197873680979179e-05	0.0094241186684121	-0.0002625409999978	2.6112999999907693e-05	6.818866276449438e-10	6.892777820404994e-08	0.0001546229999989	0.0001495798000008	2.2374117122947683e-08	2.3908271670072225e-08	-0.0001077639999991	-0.0001125373200015	1.2664646868977506e-08	1.161307868811728e-08	0.0506092271000015	-0.0727253274	-0.113717901000001	1
0.6736869830891782	2.7809099999383985e-05	-0.005829030900001	3.397760123367014e-05	7.733456118029477e-10	0.0117406	0.0150840200000009	0.0002275276593598	0.0001378416883603	0.0951268000000001	-0.0019511000000004	3.806791209200513e-06	0.0090491080782409	-0.0005280099999996	-0.0002654690000015	7.047379048435347e-08	2.7879455923536244e-07	0.0001869660000003	3.23430000003517e-05	1.0460691118944387e-09	3.4956285070558414e-08	-8.659529999959441e-05	2.1168699999351572e-05	4.4811300938755634e-10	7.498745272073262e-09	0.0483518984000011	-0.0765556301000006	-0.1118212892000014	1
0.3081681201449471	0.0048634400000006	0.0048356309000012	2.3383326201021103e-05	2.3653048633433464e-05	-0.0214120000000017	-0.0331526000000017	0.0010990948867614	0.0004584737439988	0.0858935000000002	-0.0092333000000009	8.525382888999155e-05	0.00737769334225	-0.000166936999999	0.000361073000001	1.3037371297583054e-07	2.7867965170811454e-08	0.0001864880000002	-4.78000001031311e-07	2.284846817061448e-13	3.4777773804551915e-08	-0.0001825740000001	-9.597869999979448e-05	9.211910687031429e-09	3.3333265069703095e-08	0.0460724864000008	-0.0802460913000019	-0.1094651797000017	1
0.1278173950417138	0.0071118800000019	0.0022484399999996	5.055482432525612e-06	5.057883713471224e-05	-0.0033643000000014	0.0180477000000016	0.0003257194752897	1.1318514488946338e-05	0.093107800000001	0.0072143000000009	5.204612448998069e-05	0.0086690624208402	-0.000502864000001	-0.0003359270000017	1.1284695200056185e-07	2.528722023728622e-07	0.0004321210000022	0.0002456330000019	6.033557197315252e-08	1.8672855932649572e-07	-3.772249999836856e-05	0.0001448515000008	2.0981957890292705e-08	1.422986621347592e-09	0.0437720323000004	-0.0837899698000026	-0.1066592543000019	1
0.3329759555626509	0.0040814400000006	-0.0030304400000009	9.183566592137326e-06	1.6658152473031958e-05	0.0300244000000021	0.0333887000000016	0.0011148052876916	0.0009014645953628	0.0944085000000004	0.0013006999999999	1.6918204892655376e-06	0.0089129648722507	-0.0005101940000003	-7.329999998343283e-06	5.3727758090532956e-11	2.602979171472342e-07	0.0002091800000019	-0.0002229410000022	4.970269071306804e-08	4.375627220154506e-08	-3.5839199998731586e-05	1.883299998103056e-06	3.54640240229169e-12	1.2844474582110146e-09	0.0414515868000003	-0.0871807920000019	-0.1034150432000017	1
0.6980603145588169	0.0077257100000012	0.0036442700000009	1.3280703832167265e-05	5.968659500491069e-05	-0.0081208100000003	-0.0381452100000026	0.001455057045947	6.594755505468938e-05	0.0912335999999997	-0.0031749	1.007999000860941e-05	0.0083235697689602	-0.0003393319999993	0.0001708619999994	2.9193822201742505e-08	1.1514620587596197e-07	0.0001922420000005	-1.6938000000919864e-05	2.8689603402898656e-10	3.6956986400457147e-08	-0.0001652560000002	-0.0001294168000002	1.674870771156885e-08	2.7309544329455405e-08	0.0391122095000008	-0.0904123641000008	-0.0997458775000011	1
0.8718620487073798	6.327490000035002e-05	-0.0076624351000015	5.871291166339149e-05	4.0037124551130035e-09	0.0106366999999996	0.0187575100000013	0.0003518441814	0.0001131393868899	0.0846066999999986	-0.0066269000000011	4.391580360979971e-05	0.0071582936848896	-0.0006356800000001	-0.0002963480000011	8.7822137928128e-08	4.04089060740457e-07	4.4581399998686834e-05	-0.0001476606000008	2.180365378714052e-08	1.9875017389036874e-09	7.17685000010163e-05	0.0002370245000013	5.6180614910983824e-08	5.150716967371118e-09	0.036754968900001	-0.0934787832000004	-0.0956668345000009	1
0.6603611057377664	2.3166399998999487e-05	-4.010849999961645e-05	1.6086912015276e-09	5.366813544464438e-10	0.0223792000000018	0.0117424999999999	0.0001378863062484	0.000500828592642	0.0938365999999997	0.0092299000000013	8.519105400960615e-05	0.0088053074995599	-0.0005192070000001	0.0001164730000013	1.3565959199126442e-08	2.695759081174501e-07	8.607649999888777e-05	4.14951000010974e-05	1.721842056288567e-09	7.409164633628113e-09	-5.944800000010661e-05	-0.0001312165000021	1.7217769156114053e-08	3.534063720660388e-09	0.0343809417000007	-0.096374447800001	-0.091194676000001	1
0.2957112506989768	-3.661670000100096e-06	-2.682806999982381e-05	7.197449923975553e-10	1.3407068574345846e-11	-0.0081344299999995	-0.030513630000002	0.0009310816157777	6.616895142362204e-05	0.0812642999999995	-0.0125723000000014	0.0001580627272905	0.0066038864544892	-0.0005192070000011	-7.275306500695672e-16	-1.5934207670658721e-15	2.695759076370664e-07	0.0002216879999999	0.0001356115000009	1.8390479667352823e-08	4.9145569300478195e-08	-5.731649999350674e-06	5.371635000160423e-05	2.8854460193970878e-09	3.285173415127499e-11	0.0319912121000004	-0.0990940685000021	-0.0863477791000015	1
0.1285538914201608	0.0057762200000015	0.0057798816700006	3.340703211882014e-05	3.336471748818824e-05	-0.0081377300000008	-3.2999999998229377e-06	1.0888268439053411e-11	6.622264955208675e-05	0.0916655000000008	0.0104012000000015	0.0001081849614401	0.0084025638902496	-0.0005192070000022	4.56896974393964e-16	-4.24303169821877e-16	2.6957590825412644e-07	0.0002178929999997	-3.795000000287455e-06	1.4400978876429084e-11	4.747735894388404e-08	-8.007079999909081e-05	-7.433915000079664e-05	5.5263094816733e-09	6.4113321247180835e-09	0.0295868715000002	-0.1016326775000028	-0.0811460606000015	1
0.3463806006048687	2.628590000100457e-05	-0.0057499341000016	3.3061742154114884e-05	6.909477573591742e-10	0.0042339800000001	0.0123717100000008	0.000153059208323	1.7926586639773045e-05	0.0786162999999992	-0.013049200000002	0.0001702816206407	0.0061805226256894	-0.0008328680000035	-0.000313661	9.838322431503525e-08	6.936691046251164e-07	-6.672380000301551e-05	-0.0002846168000022	8.10067263403022e-08	4.45206667388673e-09	-8.878430000015254e-05	-8.713500000211276e-06	7.59244084009256e-11	7.882651594106333e-09	0.0271690180000002	-0.1039856377000021	-0.0756108955000012	1
0.7103468510928796	3.847579999928602e-05	1.2189900000156593e-05	1.4859353546288756e-10	1.480386440185764e-09	0.0301964000000023	0.0259624200000008	0.0006740472522565	0.0009118225729635	0.0976393999999997	0.0190231000000025	0.0003618783336129	0.0095334524323604	-0.0006315740000013	0.0002012940000029	4.051927445317232e-08	3.988857160201186e-07	-6.672380000314377e-05	2.0295583340790787e-15	-7.283872731070949e-16	4.452067977828442e-09	7.301929999940502e-05	0.0001618036000006	2.6180404502779567e-08	5.331818390220457e-09	0.0247387560000005	-0.106148651000001	-0.0697650290000006	1
0.8707073304979952	1.8352899999409125e-05	-2.012289999929481e-05	4.049306618503707e-10	3.3682871194307596e-10	0.007751220000001	-0.0224451800000021	0.0005037861052324	6.008141148867078e-05	0.0943744999999995	-0.0032649000000002	1.0659572008583307e-05	0.0089065462502506	-0.0006129770000005	1.859699999933067e-05	3.458472016024272e-10	3.7574080121347787e-07	0.0001456229999981	0.0002123468000024	4.5091164833760294e-08	2.1206058702356908e-08	-1.839250000008792e-05	-9.141180000063184e-05	8.35611587416072e-09	3.382836326264737e-10	0.0222971952000008	-0.1081177662000005	-0.0636324831000003	1
0.6468161557569302	-2.3698899999856256e-05	-4.205179999979646e-05	1.768353011884669e-09	5.616375277312662e-10	-0.0056216500000007	-0.0133728700000006	0.0001788336520359	3.160294872193667e-05	0.0941436000000001	-0.0002308999999999	5.3314808970376717e-08	0.0088630174209606	-0.0004877940000005	0.0001251830000004	1.567078266331168e-08	2.379429857856773e-07	0.0001911579999987	4.553500000035202e-05	2.073435859874214e-09	3.654138070873305e-08	-1.2030399997354648e-06	1.718946000027426e-05	2.954772142381373e-10	1.4466775436613649e-12	0.0198454510000007	-0.1098893864000013	-0.0572384576000005	1
0.283615086241886	0.0111320000000028	0.0111556989000021	0.0001244496179501	0.0001239214240012	0.0192788000000011	0.0249004500000014	0.000620032410203	0.0003716721294411	0.0925519000000003	-0.0015917000000004	2.5335088895478723e-06	0.0085658541936107	-0.000487794	1.188851025715874e-15	-3.569919605884557e-16	2.3794298662372865e-07	0.0003910770000008	0.0001999190000017	3.996760740912879e-08	1.5294122119827564e-07	0.0001147710000025	0.0001159740399998	1.3449977375776202e-08	1.3172382140336142e-08	0.0173846429999997	-0.1114602755000024	-0.0506092271000007	1
0.1300314475355498	1.232240000157382e-05	-0.0111196776000038	0.0001236472299301	1.5184136004022383e-10	-0.0186822000000007	-0.0379610000000024	0.0014410375210023	0.0003490245968394	0.0984747000000016	0.0059228000000016	3.507955983891724e-05	0.0096972665400905	-0.000406583000001	8.12109999990013e-05	6.595226549377839e-09	1.6530973564481477e-07	0.0003194780000012	-7.159900000069544e-05	5.126416075727296e-09	1.020661927542368e-07	-0.0001912979999997	-0.0003060690000021	9.367823551873521e-08	3.6594924046590154e-08	0.0149158950000001	-0.1128275641000029	-0.0437720323000008	1
0.3599870878414692	8.728800001044317e-06	-3.5935999999928995e-06	1.2912799315922854e-11	7.619129806502941e-11	0.0069546999999998	0.0256369000000021	0.0006572506416112	4.836785208954533e-05	0.0836261999999997	-0.0148485000000026	0.0002204779522515	0.0069933413264406	-0.0007377950000016	-0.0003312120000002	1.097013899954283e-07	5.443414610428847e-07	0.0003910770000005	7.159900000036752e-05	5.126416840336305e-09	1.529412210787153e-07	-0.000152580000002	3.8718000000698725e-05	1.4990831767232064e-09	2.3280656792676462e-08	0.0124403348000001	-0.1139887544000022	-0.0367549689000005	1
0.7223613217708765	1.4860100000548036e-05	6.131299999946125e-06	3.7591773519125975e-11	2.2082171964538054e-10	-0.0056530000000004	-0.0126077000000008	0.0001589540992892	3.1956408999512545e-05	0.0926434999999998	0.0090173000000012	8.131169928956124e-05	0.0085828180922502	-0.0008236760000031	-8.588100000037297e-05	7.37554526655979e-09	6.784421521684575e-07	0.0003910770000011	-3.4037976506964835e-16	-1.6817992294559439e-16	1.5294122088517624e-07	-0.0001028020000016	4.9778000001099466e-05	2.477849083716228e-09	1.0568250134862e-08	0.0099590927000005	-0.1149417255000011	-0.0295868714999999	1
0.868966799155278	3.488440000053072e-05	2.0024300000408257e-05	4.0097168296820507e-10	1.2169204602636243e-09	0.0179148000000006	0.0235678000000016	0.0005554411968408	0.0003209400590411	0.0901186999999991	-0.0025248000000008	6.374615039356484e-06	0.0081213800896908	-0.0008401930000023	-1.651699999823974e-05	2.728098025630314e-10	7.059242770821689e-07	0.0003910770000012	-2.261536537572276e-16	-5.583592960551787e-16	1.5294122125126748e-07	9.256829999998824e-05	0.0001953703000008	3.8169555330442956e-08	8.568889829884352e-09	0.0074733022000005	-0.1156847365000008	-0.0222971951999996	1
0.6330924719872142	-0.0063999500000006	-0.0064348344000012	4.140709375633807e-05	4.095936000219125e-05	-0.0093807500000003	-0.0272955500000017	0.0007450470498032	8.79984705617644e-05	0.0850836999999995	-0.0050349999999999	2.535122499917241e-05	0.0072392360056893	-0.000440068	0.000400125000002	1.6010001830604669e-07	1.936598440039595e-07	0.0003910760000014	-1.0000006509297116e-09	-1.2366171825399168e-16	1.5294043873596545e-07	7.200530000068465e-05	-2.056299999989868e-05	4.228362286716722e-10	5.184761649362767e-09	0.0049840985000005	-0.1162164302000014	-0.0149158949999999	1
0.2718073398487136	-0.006920620000001	-0.0005206699999999	2.710972476344879e-07	4.78949811842515e-05	0.0064422200000006	0.0158229700000009	0.0002503663796201	4.1502198528488953e-05	0.0877865000000004	0.0027028000000003	7.305127838861466e-06	0.0077064695822498	-0.0006219310000004	-0.0001818630000006	3.30741502674235e-08	3.8679816817425513e-07	0.000391076000001	-1.7551315306330784e-16	-9.846775540200229e-16	1.5294043756660373e-07	4.654529999980381e-05	-2.5460000000765237e-05	6.482117857822221e-10	2.1664646170960893e-09	0.0024926185000001	-0.1165358354000025	-0.0074733022000002	1
0.1321883563162731	-0.0039452399999996	0.0029753800000006	8.852886144299248e-06	1.5564918656702913e-05	-0.0240111000000011	-0.0304533200000014	0.0009274046990232	0.0005765329232095	0.0699121999999993	-0.0178743000000019	0.0003194906004926	0.0048877157088391	-0.000260362999999	0.0003615680000017	1.3073141933197113e-07	6.77888928779989e-08	0.0003390070000006	-5.2069000001527606e-05	2.711181252728827e-09	1.1492574536481785e-07	0.0001027740000007	5.622870000186654e-05	3.1616663754834647e-09	1.0562495297588187e-08	-1.4655092560750924e-16	-0.1166423687000029	-3.81090830459722e-16	1
0.3738322298280405	-0.0066344799999999	-0.0026892400000008	7.232011776902272e-06	4.40163248704833e-05	-0.0103078000000015	0.0137033000000015	0.0001877804308893	0.0001062507408394	0.074694499999999	0.0047823000000008	2.28703932889489e-05	0.0055792683302481	-0.0004291129999985	-0.0001687500000012	2.8476561764925468e-08	1.8413796676716387e-07	0.0003062319999998	-3.27750000000145e-05	1.0741999157984092e-09	9.3778036753172e-08	6.335089999978201e-05	-3.94231000007076e-05	1.5541800738309156e-09	4.013335416799675e-09	-0.0024926184999999	-0.1165358354000023	0.0074733022	1
0.7340239984860754	-2.8645599999309315e-05	0.0066058344000016	4.363704812094537e-05	8.205694980256581e-10	0.0045571999999998	0.014865000000001	0.0002209682249995	2.076807184001856e-05	0.0864742999999994	0.0117798000000014	0.0001387636880403	0.0074778045604892	-0.0008051920000009	-0.000376079000002	1.4143541644104285e-07	6.483341562036715e-07	0.0002613689999994	-4.4863000000021874e-05	2.012688373665157e-09	6.831375319308909e-08	0.0002452420000014	0.0001818911000009	3.3084373069783044e-08	6.014364072818679e-08	-0.0049840984999998	-0.1162164302000012	0.0149158950000007	1
0.8666420057332468	-0.0054597199999997	-0.0054310744000008	2.9496569138959783e-05	2.980854247782922e-05	-0.0056256300000006	-0.0101828300000002	0.0001036900268081	3.164771289659237e-05	0.0767641999999984	-0.009710100000001	9.428604200979949e-05	0.005892742401639	-0.0007448530000012	6.033900000091545e-05	3.6407933463079133e-09	5.54805990419004e-07	0.0003256759999997	6.430700000048483e-05	4.1353897763126315e-09	1.0606485722774806e-07	0.0001728680000018	-7.237400000120397e-05	5.2379941855095585e-09	2.988334492839056e-08	-0.0074733021999996	-0.1156847365000007	0.0222971952000009	1
0.6192051505874047	-0.0080902000000003	-0.0026304800000006	6.919425030120255e-06	6.545133604011341e-05	-0.0278556000000026	-0.0222299700000007	0.0004941715662006	0.0007759344513604	0.0849651999999999	0.0082010000000016	6.725640099972725e-05	0.0072190852110392	-0.000505244	0.0002396090000004	5.74124726814211e-08	2.55271498781764e-07	0.0002060759999986	-0.0001196000000007	1.4304160134998629e-08	4.2467316010793635e-08	0.0003412410000027	0.000168373000001	2.8349467996496392e-08	1.1644542330286421e-07	-0.0099590926999995	-0.1149417255000015	0.0295868715000007	1
0.2603012640344238	-0.0168628000000026	-0.0087726000000016	7.695851076174929e-05	0.0002843540238438	0.0086180000000002	0.0364736000000028	0.001330323496963	7.426992399972914e-05	0.0823334000000002	-0.0026318000000002	6.926371239037801e-06	0.0067787887555598	-0.0006531149999996	-0.0001478709999996	2.1865831460533363e-08	4.265592022786434e-07	0.0001960569999982	-1.0018999998778657e-05	1.0037958973203174e-10	3.8438346257279324e-08	0.0003436230000017	2.381999998337015e-06	5.672965645191323e-12	1.1807676829525686e-07	-0.0124403347999999	-0.1139887544000025	0.0367549689000005	1
0.1349258989551343	-0.0044010300000007	0.0124617700000032	0.0001552957115374	1.936906506007676e-05	-0.0164411000000002	-0.0250591000000015	0.00062795849281	0.0002703097692097	0.086680800000001	0.0043474000000011	1.8899886758880084e-05	0.0075135610886396	-0.0003981829999991	0.0002549320000003	6.49903250842135e-08	1.585497025847385e-07	0.0003910769999998	0.0001950200000014	3.8032801153638376e-08	1.5294121979588644e-07	0.0001111200000008	-0.0002325030000015	5.4057646101005416e-08	1.2347654795764294e-08	-0.0149158950000003	-0.1128275641000028	0.0437720323000005	1
0.3878224707625031	-0.0082922099999994	-0.0038911800000007	1.514128179223866e-05	6.876074668407187e-05	-0.0191893000000017	-0.0027481999999991	7.552603238861114e-06	0.0003682292344899	0.0699050999999991	-0.0167757000000022	0.0002814241104919	0.0048867230060093	-0.0005258989999989	-0.0001277160000009	1.6311374514852943e-08	2.765697568705172e-07	0.0003910769999998	-3.2994776600353976e-16	-1.890171022511116e-16	1.529412191436643e-07	6.798840000013253e-05	-4.313159999997748e-05	1.8603334611601754e-09	4.622421905160208e-09	-0.0173846430000001	-0.1114602755000021	0.0506092271000008	1
0.745306918026415	-0.0135472000000014	-0.0052549900000007	2.761491990052764e-05	0.0001835266278418	-0.0056289800000006	0.0135603200000013	0.0001838822785022	3.1685415839912843e-05	0.0667662999999978	-0.0031388000000004	9.852065438507137e-06	0.0044577388156889	-0.0009402880000014	-0.0004143890000019	1.7171824592735334e-07	8.841415229343043e-07	0.000391077	4.4173310295909132e-16	-1.3694870045737223e-16	1.529412200091946e-07	8.667259999782452e-05	1.8684200000224867e-05	3.4909814957606745e-10	7.512137724319061e-09	-0.0198454509999997	-0.109889386400001	0.0572384576000012	1
0.8635061963147778	-0.0161946000000027	-0.0026473999999994	7.008726760478713e-06	0.0002622650691624	-0.0056186200000001	1.0360000000122389e-05	1.0732852680898596e-10	3.1568890703951784e-05	0.0698218999999979	0.0030556000000005	9.336691358923202e-06	0.0048750977196086	-0.000940288000002	6.198968095183529e-16	-1.8017885391499668e-15	8.841415225723025e-07	0.0003910770000004	2.0010207127004704e-16	-7.450371765474018e-16	1.529412198525441e-07	0.0004337370000008	0.0003470644000028	1.2045370229268306e-07	1.881277883081163e-07	-0.0222971951999996	-0.1081177662000005	0.0636324831000015	1
0.6051499078437671	-0.0109884000000024	0.0052062000000019	2.71045184400811e-05	0.0001207449345602	0.0211541000000021	0.0267727200000012	0.0007167785361991	0.0004474959468119	0.0867947999999997	0.0169729000000024	0.0002880793344114	0.0075333373070392	-0.0006208669999993	0.0003194210000034	1.0202977543737421e-07	3.854758300274927e-07	0.0001500269999989	-0.0002410500000015	5.810510411520595e-08	2.2508099482637637e-08	0.0002466690000004	-0.0001870680000032	3.4994436139999044e-08	6.084559603326672e-08	-0.024738756	-0.1061486510000012	0.0697650290000014	1
0.2491101221927358	-0.0065686700000002	0.0044197300000012	1.953401327248651e-05	4.3147425568624745e-05	-0.0152642999999994	-0.0364184000000024	0.0013262998585623	0.0002329988544894	0.0775168	-0.0092780000000007	8.608128399909752e-05	0.006008854282239	-0.0005060539999988	0.0001148129999989	1.3182023507597485e-08	2.560906505112219e-07	0.0003910769999995	0.0002410500000021	5.810510420157792e-08	1.529412195368741e-07	2.1803099999021865e-05	-0.0002248659000005	5.0564673636048966e-08	4.753751355230946e-10	-0.0271690180000004	-0.1039856377000022	0.075610895500001	1
0.138240374574824	-6.898539998310753e-06	0.0065617714600007	4.305684469252779e-05	4.7588620172290056e-11	0.0084959000000011	0.0237602000000014	0.0005645471040406	7.218031681048604e-05	0.0904943000000012	0.0129775000000017	0.0001684155062505	0.0081892183324896	-0.0006870120000002	-0.0001809580000002	3.2745797658954455e-08	4.719854880622011e-07	0.0003910770000001	3.787482915752868e-16	-1.0149454834605349e-15	1.5294121944078712e-07	6.660119998914006e-06	-1.5142980000204729e-05	2.2930958635064224e-10	4.4357217833643425e-11	-0.0295868715000009	-0.1016326775000026	0.0811460606000012	1
0.4019431185276472	-2.953079999766969e-05	-2.263226000067691e-05	5.122169244734683e-10	8.720668498892711e-10	-0.0056482099999993	-0.0141441100000009	0.0002000558476915	3.1902276204007386e-05	0.0867133000000005	-0.0037810000000006	1.429596099893092e-05	0.0075191963968894	-0.0007380880000007	-5.1076000000667134e-05	2.6087569521148443e-09	5.447738956693325e-07	0.0003351219999993	-5.595500000066282e-05	3.130961269511189e-09	1.1230675359371945e-07	9.199060000065955e-05	8.533048000108323e-05	7.2812913149602366e-09	8.462270752760518e-09	-0.0319912121000006	-0.0990940685000017	0.0863477791000014	1
0.7562584478314296	-0.0053013499999988	-0.0052718192000014	2.779207767675142e-05	2.8104311821694568e-05	0.0005363010000001	0.0061845110000005	3.8248176308455706e-05	2.876187627829049e-07	0.0871935999999998	0.0004802999999997	2.306880888411132e-07	0.0076027238809595	-0.0009695740000017	-0.0002314860000008	5.358576858336702e-08	9.40073743249818e-07	0.0002290759999981	-0.0001060460000003	1.1245753690592369e-08	5.247581247524093e-08	0.0002238960000012	0.0001319054000004	1.7399034664886972e-08	5.0129420019023453e-08	-0.0343809417000002	-0.0963744478000006	0.091194676000002	1
0.8597843617510202	-0.0091838799999999	-0.0038825300000002	1.5074039201485938e-05	8.43436518540776e-05	-0.0056175300000003	-0.0061538309999998	3.786963597588122e-05	3.155664330069756e-05	0.0699156999999982	-0.017277900000002	0.0002985258284124	0.004888205106489	-0.0005261429999984	0.0004434310000035	1.9663105450923493e-07	2.768264547738408e-07	0.0002807109999985	5.1635000000426575e-05	2.666172895317317e-09	7.879866511018262e-08	0.0003663640000023	0.000142468000001	2.029712994819257e-08	1.342225830892644e-07	-0.0367549689000001	-0.0934787832000002	0.0956668345000021	1
0.5909445308452282	-0.0099391300000005	-0.0007552500000002	5.70402561827599e-07	9.878630515702778e-05	-0.017851000000001	-0.0122334700000006	0.0001496577882399	0.0003186582010003	0.0917613000000009	0.0218456000000034	0.0004772302393632	0.0084201361776892	-0.0007380879999996	-0.0002119450000027	4.492068219587669e-08	5.44773894257849e-07	0.0003910769999997	0.0001103660000016	1.2180653222579538e-08	1.5294121842359293e-07	0.0001876490000011	-0.0001787150000017	3.19390499518538e-08	3.5212147756789146e-08	-0.0391122095	-0.090412364100001	0.0997458775000019	1
0.2383729821016855	-4.229399999809857e-05	0.0098968360000019	9.7947362811885e-05	1.7887810696185435e-09	-0.0056451700000003	0.0122058300000011	0.0001489822859884	3.186794432876345e-05	0.0941465000000017	0.0023851999999998	5.689179039153384e-06	0.008863563462251	-0.0007380880000009	7.959571734119243e-16	-9.53857913384223e-16	5.447738962973066e-07	0.0004629379999999	7.18610000002342e-05	5.164002251386728e-09	2.1431159178061658e-07	5.228420000032716e-05	-0.0001353648000016	1.832362956074978e-08	2.733637808023869e-09	-0.0414515868000008	-0.087180792000002	0.1034150432000017	1
0.1421909018735617	-0.0089006699999986	-0.0088583760000026	7.847082535837545e-05	7.92219264481797e-05	-0.0171039000000001	-0.0114587300000001	0.0001313024932119	0.0002925433952098	0.0781459000000007	-0.016000600000002	0.0002560192003617	0.0061067816868093	-0.0007380880000007	2.1630015044304751e-16	-1.4854634751066014e-15	5.447738952007481e-07	0.0003910759999995	-7.186200000075533e-05	5.164146890031016e-09	1.5294043717887278e-07	4.230640000017785e-05	-9.977799999380315e-06	9.955552775526895e-11	1.789830532130679e-09	-0.0437720323000008	-0.0837899698000021	0.1066592543000015	1
0.4161795585523394	-0.0093561999999999	-0.0004555300000004	2.0750757989192042e-07	8.753847843971761e-05	-0.0171951000000013	-9.119999999947418e-05	8.317438915328717e-09	0.0002956714640102	0.0910287000000012	0.012882800000002	0.0001659665358409	0.0082862242236896	-0.0004012279999975	0.0003368600000015	1.1347466124782465e-07	1.609839088759915e-07	0.000561740000001	0.0001706640000016	2.9126201024237537e-08	3.155518287386356e-07	0.0001657209999999	0.0001234146000013	1.5231163207391972e-08	2.7463449701919643e-08	-0.0460724864000004	-0.0802460913000013	0.1094651797000019	1
0.7668653322832792	-0.0081811799999996	0.0011750200000006	1.380671999297769e-06	6.693170619189893e-05	-0.0102834000000011	0.0069117000000011	4.77715968897528e-05	0.00010574831556	0.0873897000000002	-0.0036390000000008	1.3242320998928437e-05	0.0076369596660902	-0.0007380879999978	-0.000336860000003	1.13474660567879e-07	5.447738956064195e-07	0.0008110020000037	0.0002492620000012	6.213154634616424e-08	6.577242495378114e-07	0.0001655540000006	-1.670000005290464e-07	2.6139124897238156e-14	2.7408127905983443e-08	-0.0483518984000001	-0.0765556301000002	0.1118212892000023	1
0.8554967828841641	-0.016465400000002	-0.0082842200000013	6.862830100902185e-05	0.0002711093971622	0.0128771000000016	0.0231605000000012	0.000536408760251	0.0001658197044109	0.0912462000000002	0.0038564999999998	1.4872592248765417e-05	0.0083258690144405	-0.0010847400000004	-0.0003466520000014	1.2016760985958156e-07	1.176660869852968e-06	0.0004448250000019	-0.0003661770000035	1.3408560130181677e-07	1.978692797582515e-07	0.0002695810000001	0.0001040269999995	1.082161552059268e-08	7.267391538966307e-08	-0.0506092271000001	-0.0727253273999997	0.1137179010000025	1
0.5766411795728793	-0.0128207000000017	0.0036447000000016	1.3283838089230442e-05	0.0001643703484906	-0.0142255999999995	-0.0271027000000018	0.000734556347291	0.0002023676953596	0.0889779000000007	-0.0022683	5.145184888525541e-06	0.0079170666884104	-0.000743774	0.0003409660000014	1.1625781420134473e-07	5.53199762335361e-07	0.0005520190000013	0.000107194	1.1490553374128593e-08	3.04724977328361e-07	0.0001418999999994	-0.0001276810000006	1.6302437916102482e-08	2.0135609537516266e-08	-0.0528434416000002	-0.0687621798000005	0.1151472216000022	1
0.2280221173500331	-0.0154614000000012	-0.0026407000000004	6.973296488781232e-06	0.0002390548899616	-0.0223980000000008	-0.0081724	6.678812175891344e-05	0.0005016704040003	0.0876406000000015	-0.0013372999999999	1.7883712888980272e-06	0.0076808747683601	-0.0006352949999988	0.0001084789999997	1.1767692247091802e-08	4.035997368119893e-07	0.0007011270000024	0.0001491080000007	2.2233195471636224e-08	4.915790729075202e-07	0.000160465	1.8565000000257565e-05	3.4465885816825735e-10	2.5749015899825423e-08	-0.0550535216000005	-0.0646734268000015	0.1161033775000018	1
0.1468787294843004	-0.0142782000000011	0.0011832000000004	1.3999622385208185e-06	0.0002038669952408	-0.0176775000000007	0.0047205000000008	2.228312024898925e-05	0.0003124940062498	0.0848383000000014	-0.0028023000000002	7.852885289151921e-06	0.0071975371468898	-0.000461334999997	0.0001739600000005	3.026208053795929e-08	2.1282998274006057e-07	0.0008110020000041	0.0001098749999995	1.2072514947282048e-08	6.577242489127658e-07	0.0001669730000003	6.50799999987193e-06	4.235378019423036e-11	2.7879982547090408e-08	-0.0572384576000007	-0.0604665371000017	0.1165824397000017	1
0.4305380822609436	-2.70596999979922e-05	0.0142511403000032	0.0002030949998547	7.322251177926272e-10	-0.0101049000000002	0.0075726000000007	5.734427075951756e-05	0.0001021090040097	0.0889547000000009	0.0041163999999997	1.6944748958897765e-05	0.00791293865209	-0.0008087099999991	-0.0003473750000025	1.2066939214985786e-07	6.540118641114185e-07	0.0006254060000029	-0.0001855960000031	3.4445876559560443e-08	3.9113266628376564e-07	-3.5452500000838725e-05	-0.0002024255000018	4.097608362968478e-08	1.2568791395183414e-09	-0.059397251800001	-0.0561491953000008	0.1165824397000021	1
0.7770904329705267	-0.0070037599999986	-0.006976700300002	4.867434707600127e-05	4.90526541362448e-05	0.0015979700000005	0.0117028700000008	0.0001369571662369	2.553508121090295e-06	0.0920270000000005	0.0030723000000001	9.439027289269728e-06	0.0084689687289999	-0.0008087099999991	3.855081358179552e-16	-1.0490939211207534e-15	6.540118640552841e-07	0.0006010080000025	-2.4398000000578577e-05	5.952615914421932e-10	3.612106182493747e-07	0.0001641990000001	0.0001996515000013	3.9860722261044225e-08	2.69613109378958e-08	-0.0615289181000007	-0.0517292875999996	0.1161033775000024	1
0.8506496050762984	-0.0140479000000012	-0.0070441400000013	4.961990834016952e-05	0.000197343494411	-0.0056556299999994	-0.0072536000000007	5.261471295936063e-05	3.198615069702248e-05	0.1025300000000014	0.0105030000000012	0.0001103130090001	0.0105124009000016	-0.0008087099999988	-8.497196234534976e-16	-1.7136593768637224e-15	6.540118626629796e-07	0.0005166140000018	-8.439400000106777e-05	7.122346775129844e-09	2.668900247423135e-07	0.0004324710000026	0.0002682720000016	7.196986821013807e-08	1.8703116996784817e-07	-0.0636324831000002	-0.0472148879999992	0.1151472216000026	1
0.562254013219285	-0.0172807000000013	-0.0032327999999996	1.045099584031426e-05	0.0002986225924917	-0.0246216000000005	-0.0189659700000005	0.0003597080180409	0.00060622318656	0.0698126999999993	-0.0327173000000048	0.0010704217192996	0.0048738130812908	-0.0012476500000026	-0.0004389400000021	1.9266832402716927e-07	1.55663052556628e-06	0.0005264940000007	9.87999999910117e-06	9.7613791328682e-11	2.771959322744783e-07	1.6294899999582306e-05	-0.0004161761000024	1.732025487021205e-07	2.6552229368615674e-10	-0.0657069859000005	-0.0426142425000001	0.113717901000002	1
0.2180454238070747	-0.0200974000000019	-0.0028167000000004	7.933798888902775e-06	0.0004039054867634	-0.031472000000001	-0.0068503999999998	4.692798015862679e-05	0.0009904867840007	0.0698583999999997	4.570000000002643e-05	2.0884885484001562e-09	0.004880196050559	-0.0010384000000033	0.0002092500000021	4.378556243079699e-08	1.0782745619972583e-06	0.0004525919999998	-7.39020000005106e-05	5.461505245093634e-09	2.048395183340048e-07	3.4144999996401525e-05	1.785010000110991e-05	3.186261118522211e-10	1.165877571395898e-09	-0.0677514791000009	-0.0379357550000011	0.1118212892000014	1
0.1521173874683379	-0.0140009000000002	0.0060965000000013	3.716731225041291e-05	0.0001960252008103	-0.0516405000000032	-0.0201685000000001	0.0004067683922487	0.0026667412402543	0.069973	0.0001146	1.3133159063361362e-08	0.004896220728999	-0.0006251679999996	0.0004132320000017	1.7076068881752318e-07	3.908350281280559e-07	0.000407165999999	-4.542600000002884e-05	2.0635209196001404e-09	1.6578415014485874e-07	0.0001652509999984	0.0001311060000019	1.7188784359843895e-08	2.7307893707392966e-08	-0.0697650290000009	-0.0331879717000013	0.1094651797000013	1
0.4449747222833257	-0.0112709999999997	0.0027299000000003	7.452354008777859e-06	0.0001270354410003	-0.0098255900000014	0.0418149100000035	0.0017484866983132	9.654221884658128e-05	0.0876703000000007	0.017697300000002	0.0003131944272921	0.0076860815020897	-0.0009797910000005	-0.0003546230000008	1.257574730900306e-07	9.599904045251412e-07	0.0003295519999993	-7.76139999998225e-05	6.023932905257395e-09	1.086045190317166e-07	0.0001920579999985	2.6806999999868116e-05	7.186144175610464e-10	3.688627607833197e-08	-0.0717467159000009	-0.0283795650000003	0.1066592543000018	1
0.7867948340733034	-0.0140684000000006	-0.0027974	7.825446759414865e-06	0.0001979198785605	-0.0088079199999996	0.0010176700000002	1.035652228264656e-06	7.75794547259222e-05	0.077256699999999	-0.0104136000000017	0.0001084430649598	0.005968597694889	-0.0009797910000001	5.067946190653777e-16	-1.9110059041217026e-15	9.599904045486254e-07	0.000367512999999	3.796100000042569e-05	1.4410369323018306e-09	1.3506580453486788e-07	0.0001897079999994	-2.3500000000027863e-06	5.520959333496597e-12	3.598912428218167e-08	-0.0736956348000007	-0.0235193183999991	0.1034150432000021	1
0.8451156199353135	-0.0163206000000016	-0.0022521999999999	5.072404839567117e-06	0.0002663619843615	-0.0121748999999998	-0.0033669800000002	1.1336554319520369e-05	0.0001482281900096	0.0845783999999997	0.007321700000001	5.360729088922987e-05	0.0071535057465587	-0.0008365199999987	0.0001432710000004	2.052657838101044e-08	6.997657094624781e-07	0.0003535039999994	-1.4008999999773558e-05	1.9625131538210118e-10	1.2496507675211588e-07	0.0003539330000005	0.0001642250000012	2.696985080253066e-08	1.2526856975005613e-07	-0.0756108955000006	-0.0186161097999988	0.0997458775000021	1
0.547796542174677	-0.0165123000000019	-0.0001916999999993	3.674888833309371e-08	0.0002726560512917	0.003438580000002	0.0156134800000005	0.0002437807577102	1.182383241617959e-05	0.0851485000000003	0.0005700999999996	3.25014008200206e-07	0.0072502670522493	-0.0012297900000014	-0.0003932700000017	1.5466129559245494e-07	1.512383450115567e-06	0.0002400789999983	-0.0001134250000004	1.2865229756681941e-08	5.7637924096243283e-08	0.0002947560000004	-5.917700000152824e-05	3.5019168630981503e-09	8.68811009220956e-08	-0.077491623300001	-0.0136788957999996	0.0956668345000016	1
0.2084559594883201	-0.0122378000000011	0.0042745000000008	1.827135024932609e-05	0.0001497637488395	-0.0122001999999984	-0.0156387800000015	0.0002445714398875	0.0001488448800397	0.0997703000000022	0.0146218000000023	0.0002137970352408	0.0099541127620907	-0.0009797910000025	0.0002499990000015	6.249950110097821e-08	9.599904051597698e-07	0.0004954540000004	0.0002553750000023	6.521639166448399e-08	2.454746669046341e-07	0.0001746460000001	-0.0001201100000006	1.4426411921870376e-08	3.0501225493106065e-08	-0.0793369593000012	-0.0087166951000005	0.0911946760000013	1
0.157898774803693	-0.0182238000000014	-0.0059860000000013	3.583219599936787e-05	0.0003321068864425	-0.0292084000000004	-0.0170082000000008	0.0002892788672393	0.0008531306305605	0.0955591000000023	-0.0042112000000005	1.7734205438984157e-05	0.009131541592811	-0.0007328139999995	0.0002469770000007	6.099763897897168e-08	5.370163577309149e-07	0.0004865340000002	-8.92000000031226e-06	7.956537670609975e-11	2.3671533268272626e-07	7.821229999922022e-05	-9.643370000050946e-05	9.299458847380277e-09	6.1171620847426625e-09	-0.081146060600001	-0.0037385719000005	0.0863477791000011	1
0.459464034375867	-0.0056232499999991	0.012600550000003	0.0001587738603059	3.162094056063713e-05	-0.0139180000000004	0.0152904000000012	0.00023379633216	0.0001937107239992	0.0973717000000014	0.0018125999999993	3.2855187592109244e-06	0.0094812479608916	-0.0008838209999997	-0.0001510070000003	2.2803112922986582e-08	7.81139560422964e-07	0.0003120299999987	-0.000174504000002	3.045164761238973e-08	9.73627191894437e-08	8.077509999858832e-05	2.562800000236294e-06	6.56786863894553e-12	6.524616958932286e-09	-0.0829181010000012	0.0012463804000003	0.0811460606000015	1
0.7960959687052183	1.3182400002710576e-05	0.0056364324000009	3.176937019872499e-05	1.7377355561765016e-10	0.0068388400000012	0.0207568400000012	0.0004308464067866	4.676973254563939e-05	0.0992841000000006	0.0019123999999994	3.6572737589894103e-06	0.0098573325128112	-0.000979791	-9.596999999956964e-05	9.210240367297577e-09	9.59990405305495e-07	0.0003697309999993	5.770100000061735e-05	3.3294044557330704e-09	1.3670101223867254e-07	8.683729999941678e-05	6.062199999550581e-06	3.6749413350520285e-11	7.540716494085424e-09	-0.0846522712000014	0.0062290560000014	0.0756108955000017	1
0.8389530994978572	-0.0036276099999979	-0.0036407924000016	1.325536929802263e-05	1.3159554310919663e-05	-0.0187058	-0.025544640000002	0.000652528632731	0.00034990695364	0.1169380000000021	0.0176539000000021	0.0003116601852117	0.0136744958440046	-0.000979791000002	-6.327803794734831e-16	-1.033358247065634e-15	9.599904027468148e-07	0.0003120299999991	-5.770100000029237e-05	3.329404824119388e-09	9.736272007423983e-08	-0.0001475670000029	-0.0002344043000009	5.494537654941125e-08	2.1776018858801724e-08	-0.0863477791000009	0.0112003532000017	0.0697650290000018	1
0.5332748204384994	1.1964200003129964e-05	0.0036395742000001	1.324650035507021e-05	1.4314063428639803e-10	-0.0124219000000004	0.0062839000000007	3.948739920992261e-05	0.0001543035996095	0.1144760000000026	-0.0024620000000012	6.061443999933966e-06	0.0131047545760052	-0.0006006739999991	0.0003791170000031	1.437297027563374e-07	3.608092527960722e-07	0.0002592359999975	-5.27940000008343e-05	2.787205793555335e-09	6.720330228457086e-08	4.9664799998826655e-05	0.0001972318000023	3.8900385809763264e-08	2.466592729397608e-09	-0.0880038504000013	0.0161511911000009	0.0636324831000014	1
0.199352103060352	-0.0163539000000005	-0.0163658642000044	0.0002678415110198	0.0002674500452123	0.0039786800000024	0.0164005800000003	0.0002689790243363	1.5829894542455416e-05	0.110950000000003	-0.0035260000000009	1.2432675999468803e-05	0.0123099025000033	-0.0007094029999978	-0.0001087290000006	1.1821995678621405e-08	5.032526148262073e-07	0.0001417409999967	-0.0001174949999993	1.3805075679142257e-08	2.009051054737145e-08	6.820629999893195e-05	1.854150000016122e-05	3.4378594330998635e-10	4.652097216262552e-09	-0.0896197287000015	0.0210725262000002	0.0572384576000009	1
0.1642144632063474	-0.0146017000000015	0.0017522000000009	3.0702048390297907e-06	0.0002132096428903	0.0018121400000034	-0.0021665400000009	4.6938955704461465e-06	3.283851379291307e-06	0.0926208000000015	-0.0183292000000027	0.000335959572642	0.0085786125926406	-0.0008160879999978	-0.0001066850000007	1.1381687881620328e-08	6.659996227456603e-07	0.0004185569999988	0.0002768160000026	7.662710031827507e-08	1.751899623743899e-07	-5.068350000281759e-05	-0.0001188897999996	1.4134783575789477e-08	2.568816306511535e-09	-0.0911946760000018	0.0259553688	0.0506092271000004	1
0.4739923838721187	-0.0154578000000015	-0.0008560999999998	7.32907208519244e-07	0.0002389435808406	-0.0050985999999973	-0.0069107400000013	4.7758327346584246e-05	2.599572195920557e-05	0.0925985000000008	-2.230000000032122e-05	4.972883931848923e-10	0.0085744822022495	-0.0009797909999993	-0.0001637030000018	2.6798671840323882e-08	9.599904041866389e-07	0.0003120299999992	-0.0001065270000008	1.1348001842805433e-08	9.736271948828357e-08	8.520649999739857e-05	0.0001358900000022	1.8466093272707612e-08	7.260146105042917e-09	-0.0927279731000015	0.030790799700001	0.0437720323000006	1
0.8049811449176033	-0.0106967	0.0047611000000017	2.2668073210370973e-05	0.0001144193908886	-0.0212704999999999	-0.016171900000001	0.0002615303496098	0.0004524341702493	0.0849888999999995	-0.0076096000000011	5.790601215936775e-05	0.0072231131232092	-0.0009797919999996	-1.0000005705983751e-09	-1.5367509778637572e-15	9.599923639749883e-07	0.00043246	0.0001204300000007	1.4503385234437798e-08	1.870216518849571e-07	0.0001919239999993	0.0001067175000017	1.1388624395760504e-08	3.683482195585085e-08	-0.0942189196000012	0.035569986100002	0.0367549689000009	1
0.8322681071110293	-0.0110301999999996	-0.0003334999999998	1.1122224898302241e-07	0.0001216653120388	-0.0109824999999998	0.0102880000000006	0.0001058429439996	0.0001206153062487	0.0874913999999993	0.0025024999999999	6.262506248882549e-06	0.0076547450739586	-0.0009797909999997	1.000000610592847e-09	-1.1600977450186225e-15	9.599904042177394e-07	0.0003120299999997	-0.0001204300000013	1.4503384720740258e-08	9.736271993487457e-08	0.0002673340000007	7.54100000000121e-05	5.6866677241358505e-09	7.146746783240179e-08	-0.0956668345000012	0.0402841980000021	0.0295868715000007	1
0.5187307721833401	-0.0125797000000002	-0.0015495000000003	2.4009502488165096e-06	0.0001582488520893	-0.0118446999999989	-0.0008622000000004	7.433888388675119e-07	0.000140296918089	0.0957666000000008	0.0082752000000012	6.847893503931032e-05	0.0091712416755593	-0.0009000489999998	7.974200000050106e-05	6.3587862183731444e-09	8.100882020695836e-07	0.0003120299999994	1.4306525522363375e-16	-1.4643537222107968e-15	9.736271996219734e-08	0.0001843790000004	-8.29550000010701e-05	6.8815317687702605e-09	3.3995614875846564e-08	-0.0970710567000015	0.0449248242000014	0.0222971952000003	1
0.1907709456823951	-0.0106709999999993	0.0019086999999999	3.643135688789545e-06	0.0001138702409987	-0.0355580000000006	-0.0237133000000014	0.0005623205968897	0.0012643713640006	0.0926521000000014	-0.0031145	9.70011024889951e-06	0.0085844116344096	-0.0006238349999981	0.0002762140000003	7.629417520077597e-08	3.891701063780879e-07	0.0004013869999997	8.935700000064638e-05	7.984672467244369e-09	1.6111152307200374e-07	9.442549999993043e-05	-8.995350000023526e-05	8.091632602698095e-09	8.916175036057746e-09	-0.0984309447000017	0.0494833878000004	0.0149158949999998	1
0.1712493225245996	-0.0108328999999991	-0.0001619000000004	2.621160826311648e-08	0.0001173517224089	-0.0129139999999997	0.0226440000000014	0.0005127507360006	0.0001667713959985	0.0926369000000012	-1.5200000000210944e-05	2.3103913851262336e-10	0.0085815952416093	-0.0006510839999973	-2.724899999986792e-05	7.425072231809678e-10	4.239103738024147e-07	0.0003120299999995	-8.935700000089443e-05	7.984672742568625e-09	9.73627192874165e-08	0.0001840460000001	8.962050000051187e-05	8.031835052767129e-09	3.387293034225691e-08	-0.099745877500002	0.0539515618000004	0.0074733021999996	1
0.4885460717132659	-0.0092205699999989	0.0016123300000002	2.599608027983458e-06	8.501891112292577e-05	-0.014815999999999	-0.0019020000000002	3.6176039989437783e-06	0.0002195138559987	0.0817654999999995	-0.0108714000000015	0.0001181873379597	0.0066855969902482	-0.0009797909999991	-0.0003287070000024	1.0804829372872839e-07	9.599904042372326e-07	0.0003120299999993	-2.1465679803809995e-16	-9.696019254773148e-16	9.736271984825885e-08	0.0001629700000004	-2.1075999999976435e-05	4.4419725518572965e-10	2.6559221171397544e-08	-0.1010152545000019	0.0583211844000014	-2.1224551496082812e-16	1
0.8134377590979948	2.5202900002579428e-05	0.0092457729000018	8.548431652023855e-05	6.351828806612609e-10	0.0098022600000021	0.0246182600000009	0.0006060587254288	9.608430110707255e-05	0.0925978999999992	0.010832400000001	0.00011734088976	0.0085743710844085	-0.0009797909999995	1.389935408142432e-15	-4.284724023609495e-16	9.5999040415247e-07	0.0002386299999996	-7.340000000044792e-05	5.387559575641886e-09	5.6944277141711096e-08	0.0002359430000007	7.297299999990834e-05	5.325057682351578e-09	5.5669099640239537e-08	-0.1022384959000021	0.0625842736000024	-0.0074733021999998	1
0.8250708143708333	-0.0105726999999991	-0.0105979029000029	0.0001123155458806	0.0001117819852888	-0.0140837999999985	-0.0238860600000023	0.0005705438623241	0.0001983534224389	0.0987668000000002	0.0061689000000012	3.8055327208769405e-05	0.0097548807822392	-0.0010477500000004	-6.795900000132193e-05	4.618425948472552e-09	1.0977800634342495e-06	0.0001411469999982	-9.74829999999736e-05	9.50293520203996e-09	1.9922475705673413e-08	0.0001574590000006	-7.848400000059936e-05	6.1597366790504556e-09	2.479333515891234e-08	-0.1034150432000016	0.0667330424000027	-0.0149158949999999	1
0.5041776301805666	-0.0136117999999999	-0.0030391000000006	9.236128809776358e-06	0.0001852810992397	-0.0304696000000005	-0.0163858000000009	0.0002684944416392	0.0009283965241599	0.0926309000000005	-0.0061359000000006	3.7649268809293785e-05	0.0085804836348096	-0.0008240099999993	0.0002237400000008	5.0059588525578326e-08	6.78992479207215e-07	0.0003120299999984	0.0001708830000018	2.920099989459816e-08	9.73627208446543e-08	0.000158728	1.2690000004203198e-06	1.6096518951667209e-12	2.519457743573244e-08	-0.1045443589000015	0.0707599123000017	-0.0222971952000004	1
0.182633568636797	-0.0162982000000003	-0.0026864000000004	7.216744959859538e-06	0.0002656313232403	-0.015730099999999	0.0147395000000008	0.0002172528602494	0.0002474360460082	0.0758424999999992	-0.0167884000000025	0.000281850374562	0.0057520848062481	-0.000979791	-0.0001557809999998	2.426771936058237e-08	9.599904033476062e-07	0.0003120299999994	-8.979601477830831e-17	-7.231817902682529e-16	9.736272039018489e-08	0.0002649290000007	0.0001062010000011	1.1278652416293691e-08	7.018737535922354e-08	-0.1056259273000022	0.0746575274000008	-0.0295868715000011	1
0.1788027196933313	-0.0111059999999989	0.0051922000000007	2.695894084039832e-05	0.0001233432359982	-0.0524951000000015	-0.0367650000000021	0.0013516652250013	0.0027557355240131	0.071523199999999	-0.0043192999999998	1.8656352488472274e-05	0.0051155681382375	-0.0008530210000001	0.0001267699999992	1.6070632726127518e-08	7.27644825782454e-07	0.0003120299999995	3.5845526305826767e-16	-1.0344700062905593e-15	9.736272018778008e-08	8.128439999911445e-05	-0.0001836446000008	3.372533994193349e-08	6.607153658275048e-09	-0.1066592543000021	0.0784187683000007	-0.0367549689000013	1
0.5030985212262501	-0.0103372999999981	0.0007686999999994	5.908996895881551e-07	0.0001068597712881	-0.0387341000000026	0.0137610000000017	0.0001893651209992	0.0015003305028106	0.0758424999999985	0.0043193000000004	1.86563524891234e-05	0.0057520848062473	-0.0009797910000004	-0.0001267700000003	1.6070633098087776e-08	9.59990404551266e-07	0.0003120299999991	6.04657850099285e-16	-1.1132042066350016e-15	9.736272065077793e-08	0.0001600409999994	7.875660000049796e-05	6.2026018321832714e-09	2.5613121185284842e-08	-0.1076438681000019	0.0820367644000017	-0.043772032300001	1
0.8212951065184257	-0.0185182000000009	-0.0081809000000016	6.692712481258285e-05	0.0003429237312418	-0.0085738099999997	0.0301602900000019	0.0009096430928864	7.351021791380635e-05	0.0828247999999984	0.0069823000000011	4.875251328951248e-05	0.0068599474950376	-0.0010738799999999	-9.40889999992347e-05	8.852739711574884e-09	1.1532182550638208e-06	0.0003120300000002	8.986917777873612e-16	-6.701580093796522e-16	9.736272184248732e-08	0.0004166680000008	0.0002566270000013	6.585741847814438e-08	1.7361222335962554e-07	-0.1085793190000015	0.0855049067000028	-0.0506092271000007	1
0.8173237385828844	-0.0166776000000021	0.0018406000000009	3.387808360174553e-06	0.0002781423417606	-0.0131807999999987	-0.0046069900000012	2.1224356858892787e-05	0.0001737334886386	0.101042	0.0182172000000025	0.0003318663758417	0.0102094857639998	-0.0011761200000014	-0.0001022400000004	1.0453016740096051e-08	1.3832582563476337e-06	0.0003120300000003	4.2040070368057915e-17	-9.871132478932452e-16	9.736272060626064e-08	0.000302361000001	-0.0001143070000013	1.3066088966844326e-08	9.142217439368076e-08	-0.1094651797000015	0.088816860200003	-0.0572384576000007	1
0.4896285893179765	-0.0193806000000018	-0.0027029999999999	7.306209000368457e-06	0.0003756076563619	-0.0249669999999995	-0.0117862000000009	0.0001389145104389	0.0006233510889987	0.0873380999999998	-0.0137039000000016	0.000187796875211	0.007627943711609	-0.0007228759999982	0.0004532440000028	2.0543012770505973e-07	5.225497081968034e-07	0.0003120299999995	-5.217568423066454e-16	-6.513383226685661e-16	9.736272079067108e-08	0.0003033720000014	1.0109999999939936e-06	1.0215539701142408e-12	9.203457013317161e-08	-0.1103010456000017	0.0919665751000022	-0.0636324831000012	1
0.1749518832285685	-0.0175438000000013	0.0018368000000007	3.3738342396952773e-06	0.0003077849184408	-0.0201268999999988	0.0048400999999999	2.342656800861142e-05	0.0004050921036084	0.0781381999999993	-0.009199900000001	8.463816000919459e-05	0.0061055782992377	-0.0009797909999994	-0.0002569150000016	6.600531841172763e-08	9.599904034747242e-07	0.0004544330000009	0.0001424030000009	2.0278613721494656e-08	2.0650935222084306e-07	0.0001004529999992	-0.0002029190000016	4.11761214664601e-08	1.0090803075128376e-08	-0.1110865350000022	0.0949482978000011	-0.0697650290000019	1
0.186843625013651	-0.0160862000000001	0.0014575999999999	2.124597759955062e-06	0.0002587658304399	-0.0630793000000023	-0.0429524000000024	0.0018449086657622	0.0039789980884955	0.0759065999999993	-0.0022315999999996	4.980038558548656e-06	0.0057618119235578	-0.0006800189999981	0.0002997719999993	8.986325332482094e-08	4.624258383924936e-07	0.00030567	-0.0001487630000007	2.2130431002895654e-08	9.343414781478115e-08	0.0001553509999988	5.48980000014134e-05	3.0137905117483477e-09	2.4133933651026868e-08	-0.111821289200002	0.0977565817000011	-0.075610895500002	1
0.517630462814738	-0.0145519	0.0015343000000001	2.35407648998314e-06	0.0002117577936102	-0.0254119000000021	0.0376674000000031	0.0014188330227637	0.000645764661608	0.0903050999999995	0.0143985000000018	0.000207316802251	0.0081550110860086	-0.0007283379999976	-4.831899999948579e-05	2.3347244414882004e-09	5.304762393436289e-07	0.0003187479999999	1.3078000000744897e-05	1.7103380989040068e-10	1.0160028744427089e-07	0.0001658399999984	1.0488999999785696e-05	1.1001811196247047e-10	2.7502904190156042e-08	-0.1125049725000018	0.1003862972000021	-0.0811460606000016	1
0.8286436197420843	-0.0116303000000002	0.0029216000000007	8.535746560581107e-06	0.0001352638780889	-0.0336786000000014	-0.0082667000000006	6.833832888891776e-05	0.0011342480979603	0.1114280000000009	0.0211229000000026	0.0004461769044135	0.0124161991840023	-0.0009797919999999	-0.0002514540000025	6.322911446067924e-08	9.59992361459137e-07	0.000448626000001	0.0001298780000013	1.6868295281304592e-08	2.0126528847730734e-07	0.0001816029999999	1.5763000000537403e-05	2.484704120767793e-10	3.297965002156867e-08	-0.1131372727000013	0.1028326404000031	-0.0863477791000011	1
0.8089396715861894	-0.0128591	-0.0012287999999998	1.5099494393255165e-06	0.0001653564528094	-0.0206918000000008	0.012986800000001	0.00016865697424	0.0004281505872384	0.1050590000000005	-0.0063690000000015	4.05641609995897e-05	0.0110373934810024	-0.0010415100000006	-6.17179999993694e-05	3.809110457760366e-09	1.0847430802132092e-06	0.0004398820000009	-8.744000001040725e-06	7.645692735904336e-11	1.934961749098153e-07	0.0001281419999998	-5.346100000101364e-05	2.858078197613939e-09	1.6420370948389763e-08	-0.1137179010000015	0.1050911429000033	-0.0911946760000012	1
0.4751133201893087	-0.015472300000001	-0.0026132000000004	6.82881423956803e-06	0.0002393920672904	-0.0206866999999995	5.099999999510394e-06	2.6008899203217568e-11	0.0004279395568886	0.1109060000000014	0.0058470000000005	3.418740899956301e-05	0.0123001408360027	-0.0009797910000011	6.171900000075688e-05	3.8092348514205445e-09	9.599904027733375e-07	0.0005359990000023	9.611700000008544e-05	9.238477089839193e-09	2.872949301230217e-07	0.0002181060000004	8.99640000006931e-05	8.093522047102195e-09	4.757022687672331e-08	-0.1142465923000018	0.1071576790000023	-0.0956668345000017	1
0.1677557314079607	-0.0171998000000004	-0.0017275000000003	2.984256250100815e-06	0.0002958331200403	-0.0601003000000021	-0.039413600000002	0.0015534318649616	0.0036120460600946	0.0916127000000008	-0.0192933000000025	0.0003722314248928	0.0083928868012908	-0.0009797910000005	-1.5798434179784605e-15	-2.049049298439976e-15	9.599904032019614e-07	0.0004769330000014	-5.9066000000972265e-05	3.488792403629888e-09	2.2746508669928946e-07	0.0002023910000014	-1.5714999999643553e-05	2.4696040447132135e-10	4.096211877277578e-08	-0.1147231050000018	0.1090284739000014	-0.0997458775000022	1
0.1953700279009799	-0.018224100000001	-0.0010243000000003	1.0491904891832414e-06	0.0003321178208118	-0.0271982000000013	0.0329021000000025	0.0010825481844123	0.000739742083238	0.1007690000000012	0.0091563000000008	8.383782969018749e-05	0.010154391361001	-0.0010514100000019	-7.161899999867022e-05	5.129280545158302e-09	1.1054629884914212e-06	0.0003560130000007	-0.0001209200000012	1.4621646241072153e-08	1.2674525588641504e-07	0.0003010780000005	9.86869999999635e-05	9.73912516728302e-09	9.064796285138357e-08	-0.1151472216000019	0.1107001104000014	-0.1034150432000022	1
0.5321219192722695	-0.0147619000000005	0.0034622000000012	1.1986828840570011e-05	0.0002179136916093	-0.0445245000000018	-0.0173263000000007	0.0003002006716889	0.0019824311002515	0.0921179999999999	-0.008651000000001	7.483980099959112e-05	0.0084857259239999	-0.0009797910000003	7.161899999985995e-05	5.129280466688267e-09	9.599904037607998e-07	0.0005418130000015	0.000185800000001	3.452164029375278e-08	2.935613292428531e-07	0.0001362320000004	-0.0001648460000015	2.7174203588972906e-08	1.8559157328796973e-08	-0.1155187483000016	0.1121695347000024	-0.106659254300002	1
0.8354738339028125	-0.0138431000000002	0.0009188000000003	8.441934397963429e-07	0.0001916314176094	-0.0294283000000017	0.0150962000000012	0.0002278952544398	0.000866024840889	0.1025389999999999	0.0104210000000009	0.0001085972410001	0.010514246521001	-0.0011571000000016	-0.0001773090000002	3.143848125603731e-08	1.3388804119814098e-06	0.0004177190000014	-0.0001240940000017	1.5399321102205888e-08	1.744891634937898e-07	0.0002552520000003	0.0001190200000002	1.4165760679799024e-08	6.515358369758879e-08	-0.1158375154000014	0.1134340629000034	-0.1094651797000016	1
0.8003218894477325	-0.0172363000000003	-0.0033932000000003	1.1513806240534671e-05	0.0002970900376909	-0.066776800000004	-0.0373485000000014	0.0013949104522511	0.0044591410182469	0.0959302999999999	-0.0066087000000009	4.367491568911692e-05	0.0092026224580911	-0.0010607900000007	9.630999999874328e-05	9.275614944734258e-09	1.1252754253086636e-06	0.0003172429999992	-0.0001004760000002	1.0095426645597518e-08	1.0064312058503021e-07	0.0001615110000001	-9.37410000012586e-05	8.78737386671489e-09	2.608580373348068e-08	-0.1161033775000011	0.1144913851000032	-0.1118212892000016	1
0.460122702826809	-0.0185094000000008	-0.0012731	1.6207836096628718e-06	0.0003425978883619	-0.0405305000000031	0.0262463000000027	0.0006888682636909	0.00164272143025	0.0966830000000003	0.0007526999999996	5.665572892205822e-07	0.009347602489001	-0.0010528700000016	7.920000001453665e-06	6.27256856959859e-11	1.1085352379354006e-06	0.0003232119999989	5.969000000462142e-06	3.5628134299602724e-11	1.0446599713715669e-07	0.0001535469999989	-7.964000000812398e-06	6.342518288093857e-11	2.3576679851718886e-08	-0.1163162130000015	0.1153395698000022	-0.1137179010000021	1
0.1479345475443936	-0.0190000000000012	-0.0004906	2.406883600132993e-07	0.0003610000000014	-0.0385065000000011	0.0020240000000002	4.0965759980667134e-06	0.0014827505422502	0.0920881000000005	-0.0045949000000005	2.1113106009516008e-05	0.0084802181616095	-0.0008960710000003	0.0001567990000012	2.4585926999423868e-08	8.029432362301205e-07	0.0004786110000008	0.0001553990000011	2.4148848863053392e-08	2.2906849068992626e-07	0.0002876730000011	0.0001341260000009	1.798978505296521e-08	8.275575559003754e-08	-0.1164759247000019	0.1159770678000013	-0.1151472216000025	1
-0.0270351568691884	-0.0149086000000005	0.0040914000000007	1.6739553959200638e-05	0.0002222663539593	-0.0280524999999998	0.0104540000000003	0.0001092861159983	0.0007869427562486	0.0929814000000008	0.0008932999999998	7.979848889247658e-07	0.008645540745959	-0.0009797910000012	-8.371999999971495e-05	7.009038181839293e-09	9.599904034712393e-07	9.682029999849356e-05	-0.0003817907000039	1.4576414420174284e-07	9.374168818043512e-09	0.0002666640000015	-2.1009000000862827e-05	4.4137897507759266e-10	7.110968996046343e-08	-0.1165824397000025	0.116402714400001	-0.1161033775000028	1
-0.0872520373288941	-0.0117173999999998	0.0031912	1.018375743994057e-05	0.0001372974627582	-0.0202382999999989	0.0078141999999998	6.106172163846134e-05	0.0004095887868884	0.1033690000000017	0.0103876000000015	0.0001079022337603	0.010685150161	-0.0009790580000019	7.330000007285784e-07	5.384125075924745e-13	9.585545679610674e-07	0.0004424720000008	0.0003456517000032	1.1947510066175566e-07	1.9578147235751298e-07	0.0003519390000029	8.527500000035616e-05	7.271826093871359e-09	1.2386106315851432e-07	-0.1166357094000025	0.1166157323000008	-0.1165824397000029	1
