trial_type.Alegr√≠a	trial_type.Enojo	trial_type.Sin_Rostro	trial_type.Tristeza	trans_x	trans_x_derivative1	trans_x_derivative1_power2	trans_x_power2	trans_y	trans_y_derivative1	trans_y_derivative1_power2	trans_y_power2	trans_z	trans_z_derivative1	trans_z_derivative1_power2	trans_z_power2	rot_x	rot_x_derivative1	rot_x_derivative1_power2	rot_x_power2	rot_y	rot_y_derivative1	rot_y_derivative1_power2	rot_y_power2	rot_z	rot_z_derivative1	rot_z_derivative1_power2	rot_z_power2	cosine00	cosine01	cosine02	intercept
-0.0010834053241438	2.248510866448743e-09	-1.7246007925312583e-16	2.0201007729293347e-06	0.0203694408332628	-2.325580834452353e-15	2.4236262998378297e-15	0.0004149141198598	-0.0760714877955771	7.816480395764649e-16	1.4976460287379504e-16	0.0057868712554338	-0.1777096188615325	7.976633156473782e-16	4.67426523449703e-16	0.0315807086359101	-0.0088791112840485	4.685874954579551e-16	-6.381785694871062e-16	7.883861719684788e-05	3.195882816174976e-06	8.469973710865923e-16	7.58329798844796e-16	1.0212047662247212e-11	-0.0003819923066742	-6.082621698946497e-16	-5.8338807184474e-16	1.4591812219932458e-07	0.1154637225000002	0.1154447293000005	0.115413076300001	1
0.0157581669283292	-7.966631169984551e-09	1.1796493293228372e-16	-5.512970404567166e-06	0.0189531309324031	-0.0014163099008631	2.0059337369020326e-06	0.0003592211721409	-0.0129418959239892	0.0631295918715887	0.0039853453698745	0.0001674926701071	-0.1601019155796368	0.0176077032818974	0.0003100312148639	0.0256326233722665	-0.0067127300157627	0.0021663812682856	4.693207800872525e-06	4.5060744266366845e-05	-0.0005196850957952	-0.0005228809786123	2.7340451824012974e-07	2.700725998560848e-07	-0.0006912514061556	-0.000309259099482	9.564119052987545e-08	4.778285064814333e-07	0.1154130763000006	0.1152422001000007	0.1149575937000009	1
0.0855821142629285	2.6064496652353307e-08	6.03296072538846e-16	1.4785254959609782e-05	0.0171461674634382	-0.0018069634689669	3.2651169795523707e-06	0.0002939910586849	0.0289997316170619	0.0419416275410511	0.0017591001207929	0.0008409844338607	-0.1419018292942037	0.0182000862854334	0.0003312431407977	0.0201361291570382	-0.003390772947219	0.003321957068544	1.1035398768221884e-05	1.1497341178364818e-05	0.0002902609249472	0.0008099460207441	6.560125558576534e-07	8.425140306196043e-08	-0.001628009257191	-0.0009367578510355	8.775152709982697e-07	2.6504141423021493e-06	0.1153118061000009	0.1148374968000007	0.1140484259000013	1
0.1007544532646496	-8.100475012734622e-08	4.973040338610272e-16	-3.8999966019772994e-05	0.0181603053980274	0.0010141379345874	1.0284757523756904e-06	0.0003297966921501	-0.0265155285540309	-0.0555152601710924	0.0030819441118632	0.0007030732544999	-0.1548330726302736	-0.0129312433360686	0.0001672170542166	0.0239732803801287	-0.0049430117261569	-0.0015522387789392	2.409445226661821e-06	2.443336492475672e-05	6.868656290748784e-06	-0.0002833922686557	8.031117875312208e-08	4.717789354940253e-11	-0.0013629914189187	0.0002650178382727	7.023445512542586e-08	1.8577456085880931e-06	0.1151599564000006	0.1142313295000007	0.1126891610000012	1
0.0588602619280697	2.4260358090571426e-07	3.71418205896011e-16	0.0001011213455341	0.0088831230146982	-0.009277182383331	8.606611297527009e-05	7.890987449430074e-05	-0.0257330209126419	0.0007825076413898	6.123182090113584e-07	0.000662188365291	-0.1380015342025502	0.0168315384277247	0.0002833006858439	0.0190444234422546	-0.0045820770700399	0.0003609346561167	1.302738263557241e-07	2.0995430275230987e-05	-8.222336164536391e-05	-8.90920179366866e-05	7.937388014028978e-09	6.760680796900456e-09	-0.001430195504797	-6.72040858783388e-05	4.516389372932416e-09	2.0454591824376248e-06	0.1149575937000009	0.1134247617000007	0.1108851636000011	1
0.0222239039989318	-7.059231994080809e-07	7.660213392318205e-17	-0.0002533742889049	0.018151096032597	0.0092679730178965	8.58953238624649e-05	0.0003294622871857	-0.0267828868424424	-0.0010498659298001	1.1022184705713092e-06	0.0007173230276153	-0.1295625182392442	0.0084390159633055	7.121699042914358e-05	0.016786446132492	-0.0044042475276308	0.0001778295424085	3.1623347095676943e-08	1.9397396283773165e-05	-0.0003238497117837	-0.0002416263501382	5.838329274568556e-08	1.0487863664786577e-07	-0.0014312204461608	-1.0249413635218355e-06	1.0506189582966674e-12	2.0483919653540976e-06	0.1147048067000007	0.1124192083000009	0.1086435530000011	1
0.001607896219656	2.005581932351408e-06	2.46541208527689e-17	0.0006073456329765	0.018226262054527	7.516602192748425e-05	5.649932297704925e-09	0.0003321966284806	0.0188063981479006	0.0455892849903434	0.0020783829059313	0.0003536806112965	-0.1307880016942327	-0.0012254834549871	1.5018096989660214e-06	0.017105501387168	-0.0040217744433757	0.0003824730842543	1.4628566056583556e-07	1.617466967281564e-05	-0.0003656233727292	-4.177366094546546e-05	1.7450383440129907e-09	1.3368045239184778e-07	-0.0014312421357783	-2.1689617048578744e-08	2.141348423973526e-16	2.0484540516620416e-06	0.1144017065000009	0.1112164334000005	0.1059731760000009	1
-0.0072900476045918	-5.580561956247246e-06	-6.64077845401628e-17	-0.001513156469363	0.0135725832894602	-0.0046536787650685	2.1656726050093237e-05	0.0001842150171498	0.0255251846134561	0.0067187864655553	4.514209156961762e-05	0.0006515350495502	-0.1118763483399668	0.0189116533542669	0.000357650632592	0.0125163173178826	-0.0034807962311974	0.0005409782121786	2.926574266987812e-07	1.2115942402602177e-05	-0.0004020102414596	-3.638686872936732e-05	1.324003916631222e-09	1.616122361053472e-07	-0.0014312043419036	3.779387529939434e-08	1.273777990972908e-15	2.0483458693206416e-06	0.1140484259000012	0.1098185471000006	0.102884571300001	1
-0.009401945739419	1.5230859166844592e-05	-9.817080246900116e-18	0.018219191939442	0.0182076667817353	0.004635083492273	2.1483998981844245e-05	0.0003315191296354	0.0019581168852608	-0.0235670677281948	0.0005554066813049	3.834221736534546e-06	-0.0778425635079615	0.0340337848320062	0.0011582985099909	0.0060594646934875	-0.0037427860522169	-0.0002619898210188	6.86386659468826e-08	1.4008447433449236e-05	-0.0003853229096166	1.6687331844499706e-05	2.784668686072137e-10	1.4847374622490878e-07	-0.0014312259136478	-2.1571744667246724e-08	-1.0605120327606131e-16	2.048407616944212e-06	0.1136451198000015	0.108228001800001	0.0993899282000012	1
-0.0079061877542778	-4.076931899344218e-05	4.90725282196761e-16	0.0881699570644694	0.0108472341270853	-0.0073604326546518	5.4175968865093794e-05	0.0001176624882084	0.0394399489011753	0.0374818320159148	0.0014048877312697	0.0015555095693265	-0.089436437802182	-0.0115938742942201	0.0001344179211508	0.0079988764067405	-0.0028790378144168	0.0008637482377996	7.460610180268546e-07	8.288858737156106e-06	-4.594138441204413e-05	0.0003393815252037	1.1517981952623557e-07	2.110611377802139e-09	-0.0014300695520597	1.156361587763134e-06	1.336668097294702e-12	2.0450989246386176e-06	0.1131919653000014	0.1064475877000008	0.095503038400001	1
-0.005301986730715	0.0001073269512742	4.428511930476952e-16	0.0994999818334532	0.014842060684573	0.003994826557486	1.5958639225997782e-05	0.0002202867653655	0.0151375606712196	-0.0243023882299555	0.0005906060736788	0.0002291457430743	-0.093550481768621	-0.004114043966438	1.6925357757957897e-05	0.0087516926391381	-0.0036164255912583	-0.0007373877768412	5.437407328785832e-07	1.307853405797719e-05	0.000115086038844	0.0001610274232562	2.5929831501717904e-08	1.3244796510425338e-08	-0.001429296765061	7.727869991213272e-07	5.966148523431229e-13	2.042889243829722e-06	0.1126891610000012	0.1044804285000006	0.091239241800001	1
-0.0030158738065242	-0.0002732619327794	3.3553098079245434e-16	0.0569046758140979	-0.001123167099961	-0.0159652277845357	0.0002548884982136	1.2615043345839955e-06	0.050222231010309	0.0350846703390897	0.0012309340928028	0.0025222724876518	-0.10608427642291	-0.012533794654288	0.0001570960084363	0.0112538737041695	-0.0046890566314585	-0.0010726310402013	1.1505373475366812e-06	2.1987252094272552e-05	0.0001066659029749	-8.420135869697775e-06	7.089656299104464e-11	1.137761435551113e-08	0.0007827538051884	0.0022120505702498	4.893167727021793e-06	6.127035174663586e-07	0.1121369276000013	0.1023299750000005	0.0866153656000008	1
-0.00150557035529	0.0006642121763127	3.127696060031235e-17	0.020986050195313	0.0193255426635245	0.0204487097634839	0.0004181497309925	0.0003734765992407	0.0196731677599747	-0.0305490632503341	0.0009332452654724	0.0003870335297119	-0.0547269779713027	0.0513572984516077	0.0026375721042471	0.0029950421178678	-0.0036180936406448	0.0010709629908153	1.1469617280600202e-06	1.3090601592664515e-05	0.0001046649071895	-2.000995784443028e-06	4.002690836181853e-12	1.0954741444707577e-08	0.0015676957285806	0.0007849419233912	6.161338226408066e-07	2.4576698939445075e-06	0.1115355072000018	0.1000000000000011	0.0816496581000011	1
-0.0006748183288343	-0.0016355687566856	-2.480810512289659e-16	0.0010097252259661	0.0590215641422304	0.0396960214787032	0.001575774121239	0.0034835450337977	0.0257488501491984	0.0060756823892241	3.691391649463852e-05	0.0006630032840049	-0.046324228679228	0.0084027492920746	7.06061956659095e-05	0.0021459341627223	-0.0031370013999607	0.0004810922406837	2.3144974352147977e-07	9.84077778365408e-06	0.0001106110703897	5.946163201206945e-06	3.53577206821243e-11	1.2234807671044164e-08	-7.032732183347322e-05	-0.0016380230504153	2.6831195129866145e-06	4.945930123933988e-09	0.1108851636000016	0.0974945910000011	0.0763617167000009	1
-0.0002750884871651	0.0203838329889751	-2.0804650992033347e-16	-0.0075000482531023	0.050193293545223	-0.0088282705970088	7.793836173507757e-05	0.0025193667169183	0.0531091378232985	0.0273602876741004	0.0007485853416099	0.0028205805203332	-0.0285008353862848	0.0178233932929438	0.0003176733484754	0.0008122976177129	-0.0028319948978245	0.0003050065021361	9.30289646382385e-08	8.020195102483534e-06	0.0001107234487635	1.1237837359549021e-07	1.3892466831834599e-14	1.2259681394499912e-08	-0.0001578441387912	-8.75168169582589e-05	7.659192848674768e-09	2.4914770979674235e-08	0.1101861821000019	0.0948181434000014	0.0707724105000008	1
-0.0001063017765317	0.0902534727727502	-4.7666742872415355e-17	-0.0093904788233215	0.0401692523724103	-0.0100240411728139	0.0001004814014358	0.0016135688361589	0.0512828245824436	-0.0018263132408544	3.33542005359812e-06	0.0026299280971529	-0.0317732850391255	-0.0032724496528396	1.0708926730791183e-05	0.0010095416421745	-0.0015759004654743	0.0012560944323512	1.5777732220738194e-06	2.4834622769716493e-06	0.0002401612029365	0.0001294377541719	1.6754133049772534e-08	5.76774031990041e-08	-0.0008383110437571	-0.000680466904966	4.6303520862598877e-07	7.027654065338021e-07	0.1094388693000015	0.0919753525000009	0.0649037979000005	1
-2.138954055168615e-05	0.0984495445847989	-3.145120856143537e-17	-0.0077995948470908	0.0321086959956763	-0.0080605563767351	6.497256910434404e-05	0.0010309683585432	0.0456031902899807	-0.0056796342924624	3.2258245695786885e-05	0.0020796509646234	-0.0489184341365139	-0.0171451490973877	0.000293956137572	0.0023930131983657	-0.0012889540719833	0.00028694639349	8.233823212617236e-08	1.661402598779112e-06	0.0001110403450926	-0.0001291208578444	1.6672196389271433e-08	1.2329958855323712e-08	-0.0008389286390532	-6.175952954230183e-07	3.817498463405485e-13	7.038012614186935e-07	0.1086435530000012	0.0889712056000008	0.0587790397000004	1
2.9366619442218576e-06	0.0549575862374698	-1.4153762220936492e-16	-0.0051875033288258	0.0403352299624965	0.0082265339668182	6.767586110885195e-05	0.0016269307761284	0.0644601462315539	0.0188569559415733	0.0003555847873822	0.0041551104521915	-0.0669396494084721	-0.0180212152719573	0.0003247641998789	0.0044809166629265	-0.0012889078820103	4.618997196994587e-08	2.2329111432210232e-15	1.6612835262605594e-06	0.0004487810604032	0.0003377407153109	1.1406879030059437e-07	2.014044397031394e-07	-0.0004352108531788	0.0004037177858759	1.629880506693857e-07	1.894084848778456e-07	0.1078005821000012	0.0858109730000005	0.0524223074000002	1
-1.0448436567326152e-06	0.0206614989013955	-2.310125233930609e-16	-0.0029316529789265	0.0400747931911407	-0.0002604367713573	6.78273129576747e-08	0.0016059890493138	0.0684108142295377	0.0039506679979839	1.5607777630195163e-05	0.0046800395035467	-0.0332456965277466	0.0336939528807262	0.0011352824607287	0.0011052763376118	-0.0007979536690919	0.0004909542129187	2.410360396055464e-07	6.367300570467068e-07	0.0001108343752457	-0.0003379466851573	1.1420796335158155e-07	1.2284258301253892e-08	-0.0008389559302118	-0.0004037450770324	1.630100877273531e-07	7.038470523842479e-07	0.1069103263000017	0.0825001988000007	0.0458586883000004	1
4.04399316354155e-07	-0.0012087287907325	-3.2313306857800616e-16	-0.0014566676117185	0.0401170840234241	4.229083228171304e-05	1.7885156035739112e-09	0.0016093804305438	0.0677367203583833	-0.0006740938711543	4.5440254682908825e-07	0.0045882632849083	-0.0167196884693825	0.0165260080583645	0.0002731089423454	0.0002795479825101	-0.0008618921805881	-6.393851149621761e-05	4.088132855099001e-09	7.428581304159088e-07	0.0003162946094752	0.0002054602342303	4.2213908217521066e-08	1.00042279114846e-07	-0.0006838635528619	0.0001550923773507	2.4053645499917443e-08	4.676693581471825e-07	0.105973176000002	0.0790446912000008	0.0391140859000005	1
-1.532934844475755e-07	0.0149448361419796	-3.3041542796953207e-16	-0.0006479065095422	0.0403633767570595	0.0002462927336336	6.066011194163891e-08	0.0016292021832336	0.0583593241225489	-0.009377396235834	8.79355601633592e-05	0.0034058107120393	-0.0165672413751312	0.0001524470942519	2.324011700316101e-08	0.0002744734867789	-0.0010613215199109	-0.0001994293393224	3.977206062624848e-08	1.1264033683915586e-06	0.0004259455336822	0.0001096509242067	1.2023325946961024e-08	1.8142959683684687e-07	-0.0008382746045302	-0.0001544110516676	2.3842772799970563e-08	7.027043125000089e-07	0.1049895425000019	0.0754505123000007	0.0322151180000002	1
5.6462424679749084e-08	0.0829060377495263	-1.8700932224846783e-16	-0.0002693212164823	0.0408190960552612	0.0004557192982005	2.076800800662952e-07	0.0016661986027694	0.0136115134671246	-0.0447478106554235	0.0020023665584532	0.0001852732988657	0.0230500845068749	0.0396173258820071	0.0015695325100409	0.0005313063957707	0.001224040067778	0.0022853615876907	5.2228775880054015e-06	1.4982740864744487e-06	4.291185525439327e-05	-0.0003830336784294	1.467147990425248e-07	1.84142701823282e-09	-0.0017780279705699	-0.0009397533660398	8.831363897295155e-07	3.161383464702725e-06	0.1039598570000017	0.0717239676000012	0.0251890118000003	1
-2.0380355030951962e-08	0.0893748292658133	-1.261369735724984e-16	-8.626373061214787e-05	0.0265515601260536	-0.0142675359292085	0.0002035625814928	0.0007049853451277	0.0003292283156622	-0.0132822851514614	0.0001764190988447	1.0839128451477253e-07	0.0230112507759064	-3.883373096811523e-05	1.5080587740435862e-09	0.0005295176622688	0.0010559210656224	-0.0001681190021572	2.826399821089014e-08	1.1149692956994976e-06	-9.83578996960701e-05	-0.0001412697549504	1.9957143673237173e-08	9.674276807340586e-09	-0.0016249501602099	0.0001530778103596	2.3432816467166943e-08	2.640463023383997e-06	0.1028845713000018	0.0678715947000012	0.0180634961000001	1
7.145952206613141e-09	0.0485187388812865	-2.368196925855113e-16	-6.143209185204595e-05	0.0268534922075807	0.0003019320815256	9.116298340304547e-08	0.0007211100437432	0.0002798489846878	-4.937933097369419e-05	2.4383184608934912e-09	7.831545464803149e-08	0.0228980263195924	-0.0001132244563131	1.2819777740831056e-08	0.0005243196093299	0.0005769113424908	-0.0004790097231325	2.2945031439304558e-07	3.3282669632868095e-07	-9.802496759788216e-05	3.329320983546315e-07	1.1063225831672661e-13	9.608894612313877e-09	-0.0018199724973622	-0.0001950223371516	3.803371193878172e-08	3.3122998918410107e-06	0.101764157100002	0.0639001520000011	0.0108666920000001	1
-2.2973444555290903e-09	0.0160745669874977	-4.1810139509570493e-16	0.0001193311140982	0.0169099832519084	-0.0099435089556737	9.8873370353043e-05	0.0002859475335802	-0.0075035009806773	-0.0077833499653645	6.058053668334541e-05	5.630252696762854e-05	0.0228856149213897	-1.2411398201956652e-05	1.5404306437877384e-10	0.0005237513703272	0.0006109091079173	3.3997765426151016e-05	1.1558477637959923e-09	3.73209937210724e-07	-9.806991287115696e-05	-4.494527324963923e-08	1.7170577350372632e-15	9.617707779591141e-09	-0.0018659707462985	-4.599824893552588e-05	2.115839125193615e-09	3.481846826991596e-06	0.1005991057000022	0.059816606700001	0.003627002	1
4.1496518855157877e-10	-0.0013812162247819	-1.450207848437368e-16	-0.0003083003036142	0.0166124439315657	-0.0002975393203441	8.85296483099911e-08	0.00027597329338	-0.0059456444135597	0.0015578565671181	2.426917084095869e-06	3.5350687493264844e-05	0.057902511724135	0.0350168968027458	0.0012261830616941	0.0033527008639603	0.0004669091451456	-0.0001439999627716	2.0735988942548224e-08	2.1800414997707655e-07	-9.74370623988844e-05	6.328504727050702e-07	3.998700941481675e-13	9.49398110904531e-09	-0.00187198396563	-6.013219331451984e-06	3.6158800867682186e-11	3.504323968650916e-06	0.0993899282000026	0.0556281227000012	-0.0036270019999999	1
5.070600106278646e-10	-0.0084597985215715	-1.257186331034919e-15	0.0007667646324427	0.016692660351085	8.021641951775406e-05	6.434675367793371e-09	0.0002786449095973	-0.0184727279990846	-0.0125270835855243	0.0001569278231587	0.000341241679729	0.061150686348396	0.0032481746242614	1.0550638390049474e-05	0.0037394064408768	0.0007619272953182	0.0002950181501725	8.703570886010674e-08	5.805332029025596e-07	-9.806915880719135e-05	-6.32096408287774e-07	3.9838178525236523e-13	9.6175595734262e-09	-0.0014939588480444	0.0003780251175857	1.429029899502011e-07	2.231913039448402e-06	0.0981371550000026	0.0513420481000012	-0.0108666919999999	1
-1.0184628702912563e-09	-0.0096099097812996	1.9950243694486338e-15	-0.0018038272906158	0.0167940833974591	0.0001014230463724	1.0286635598165697e-08	0.0002820412371614	0.0005702387898177	0.019042966788903	0.0003626345841237	3.2517227788101654e-07	0.0613170052984323	0.0001663189500366	2.7661993680818244e-08	0.003759775138765	0.0008367420213785	7.481472605996263e-05	5.597242865690062e-09	7.001372106350322e-07	-0.0002658151348224	-0.0001677459760154	2.8138712291733558e-08	7.065768633389567e-08	-0.0019478902212838	-0.0004539313732395	2.0605369167713901e-07	3.794276315783421e-06	0.0968413356000026	0.0469659021000011	-0.0180634961000001	1
2.9304968186428003e-10	-0.0077099503659852	-7.688423835991919e-15	0.0257677261859325	0.0077896916115228	-0.0090043917859375	8.107907143578555e-05	6.067929540313816e-05	0.0261257815386233	0.0255555427488059	0.0006530857651864	0.0006825564610038	0.0615527381944905	0.0002357328960587	5.55699988575577e-08	0.0037887395792365	0.0011410872066168	0.0003043451852382	9.262599160659705e-08	1.3020800140748164e-06	-0.0004435774639914	-0.0001777623291696	3.159944518780201e-08	1.9676096781629921e-07	-0.0018872491388103	6.064108247393509e-05	3.677341242610121e-09	3.561709314093336e-06	0.0955030384000026	0.0425073619000008	-0.0251890118000002	1
6.0879486080289325e-09	-0.005009885780929	2.1809906573649488e-14	0.0947117914933924	0.004132396589741	-0.003657295021783	1.3375806877519672e-05	1.7076701575516754e-05	0.0116336531378478	-0.0144921284007748	0.0002100217855843	0.0001353418853318	0.0615315213405666	-2.1216853923068986e-05	4.5015526093904066e-10	0.0037861281184817	0.0015159030336035	0.0003748158269872	1.4048690409454608e-07	2.2979620079851457e-06	-9.943705964208778e-05	0.0003441404043488	1.1843261745879784e-07	9.88772850411256e-09	-0.0018954274399641	-8.178301153269741e-06	6.688449241664538e-11	3.592645182176572e-06	0.0941228505000024	0.0379742494000007	-0.0322151180000001	1
-3.420805172701548e-08	-0.0027890370933939	-6.230353698187856e-14	0.0954234443994524	0.019231799760322	0.0150994031705796	0.0002279919761089	0.0003698621220221	-0.0118686662732036	-0.0235023194110509	0.0005523590176988	0.000140865239105	0.0611476724494341	-0.0003838488911321	1.4733997149054708e-07	0.0037390378459803	0.0003238674374626	-0.001192035596141	1.4209488624632898e-06	1.0489011793934987e-07	-0.0001772421178748	-7.780505823332533e-05	6.053626472086063e-09	3.1414767928942405e-08	-0.0014939717772758	0.0004014556626884	1.6116664940427459e-07	2.231951671822646e-06	0.0927013771000022	0.0333745172000008	-0.0391140859000003	1
1.3710439808400144e-07	-0.0013750146254327	1.7419076349777937e-13	0.0511558290596607	-0.0338693842775224	-0.0531011840378451	0.0028197357462227	0.0011471351913371	0.0274081901617355	0.0392768564349396	0.0015426714514108	0.0007512088879417	-0.0245321463517784	-0.085679818801212	0.0073410313498102	0.0006018262046238	-0.0022419390334295	-0.0025658064708934	6.58336284374292e-06	5.026290630270153e-06	-9.93326609036998e-05	7.790945696979717e-05	6.0698808132491835e-09	9.866975997157035e-09	0.0011888902116884	0.0026828619889651	7.19774845496126e-06	1.4134599347578684e-06	0.0912392418000018	0.0287162346999996	-0.045858688300001	1
-4.78644109186806e-07	-0.0006082042521358	-4.780438831096928e-13	0.0183769357801188	-0.0217188855470733	0.0121504987304478	0.0001476346193999	0.0004717099894065	0.0269423610050828	-0.0004658291566525	2.1699680315742554e-07	0.0007258908165277	0.0101788916853948	0.0347110380371744	0.0012048561616176	0.0001036098359404	-0.0017689917930037	0.0004729472404276	2.236790930688896e-07	3.129331964494864e-06	-0.0007826552850742	-0.0006833226241712	4.6692980928798163e-07	6.125492962296631e-07	0.0013048092952875	0.0001159190835992	1.3437234106901156e-08	1.7025272969545254e-06	0.0897370860000019	0.0240075740999998	-0.0524223074000008	1
1.5493017004910374e-06	-0.0002459205173456	1.284500818878637e-12	-0.0022778358910834	-0.0217857126054063	-6.682705833475019e-05	4.4658571312782955e-09	0.0004746172737248	0.0460108106772733	0.0190684496721905	0.0003636057729009	0.0021169946991793	0.0228808345800747	0.0127019428946803	0.0001613393532995	0.0005235325910784	-0.0022021651160206	-0.0004331733230164	1.876391264507663e-07	4.849531199725248e-06	-0.0005179380456749	0.0002647172394012	7.007521704252045e-08	2.682598192023622e-07	0.0013049321093177	1.2281402948764624e-07	1.4129186297915812e-14	1.7028478111305008e-06	0.0881955685000021	0.0192567961999998	-0.0587790397000009	1
-4.778943034500961e-06	-9.37139486279289e-05	-3.397855486870799e-12	0.0198636014271814	-0.0214867049450038	0.0002990076604008	8.94055819814795e-08	0.0004616784893931	0.0419896045666087	-0.0040212061106644	1.617009858450655e-05	0.0017631268916599	0.075619826263218	0.052738991683144	0.0027814012437545	0.0057183581240764	0.0008262479223448	0.0030284130383671	9.171285534094152e-06	6.826856293435936e-07	-0.0009288360523851	-0.0004108980067108	1.6883717059299458e-07	8.627364127170555e-07	0.0016083841711352	0.0003034520618169	9.20831543646956e-08	2.586899641031868e-06	0.0866153656000025	0.0144722352000001	-0.0649037979000008	1
1.423172170357594e-05	-1.4603365060694143e-05	8.829577581357272e-12	0.0879310687753636	-0.0217464653562716	-0.0002597604112691	6.747547258174591e-08	0.0004729087554913	0.029695737282835	-0.0122938672837731	0.0001511391727907	0.000881836812771	0.0702999703737359	-0.0053198558894815	2.830086668498703e-05	0.0049420858345455	0.0008082260069932	-1.80219153523022e-05	3.2478878209070356e-10	6.532292786233647e-07	-0.0008403042482649	8.853180412102165e-05	7.837880745930031e-09	7.061112294490432e-07	0.0017248413113792	0.0001164571402426	1.3562264873085484e-08	2.97507754868673e-06	0.0849971703000024	0.0096622851	-0.0707724105000008	1
-4.125745159163856e-05	2.289158565765867e-06	-2.253670858290372e-11	0.0846170338883593	-0.0215470397943122	0.0001994255619577	3.977055612199494e-08	0.0004642749238974	0.0624148279911622	0.0327190907083274	0.0010705388967798	0.0038956107531652	0.0365070803867938	-0.0337928899869413	0.0011419594136702	0.0013327669183657	0.0006678258203759	-0.0001404001866177	1.9712211992160538e-08	4.459913261075311e-07	-0.0009108963056645	-7.0592057400253e-05	4.983239078388459e-09	8.297320799483658e-07	0.0018108057967447	8.596448536542349e-05	7.389892456385941e-09	3.279017632970231e-06	0.0833416924000021	0.0048353839999996	-0.0763617167000011	1
0.0001170667057952	-8.327246772775538e-07	5.6408406196305805e-11	0.0744819088751809	-0.0213346430546994	0.0002123967396117	4.511237618553847e-08	0.0004551669942711	0.0626569728237174	0.0002421448325548	5.8634119677907926e-08	0.0039258962434308	0.0444377834729965	0.0079307030862033	6.289605144149889e-05	0.0019747165999907	0.0010049625903664	0.0003371367699908	1.1366120222070373e-07	1.0099498075912834e-06	-0.0010405730424853	-0.0001296767368207	1.6816056608450667e-08	1.0827922571365136e-06	0.0018470197290201	3.62139322757336e-05	1.3114487187260363e-09	3.411481879045411e-06	0.081649658100002	-4.499342459056079e-16	-0.0816496581000011	1
-0.0003194000747552	3.363909849675053e-07	-1.3810164033751728e-10	0.1112285415250706	-0.0213032988917507	3.134416294734477e-05	9.824577413891775e-10	0.0004538305436712	0.0503638841672682	-0.012293088656449	0.0001511200287148	0.0025365208284129	0.0444675742035474	2.9790730551559325e-05	8.874876481120475e-10	0.0019773651555459	0.0011595413296757	0.0001545787393092	2.3894587062581948e-08	1.3445360947625366e-06	-0.0010398412105518	7.318319332208988e-07	5.361208759711364e-13	1.081269743074579e-06	0.0020001092079297	0.0001530894789093	2.3436388202844836e-08	4.000436842974767e-06	0.0799218096000018	-0.0048353840000005	-0.0866153656000011	1
0.0008126640610321	-1.3391017973483525e-07	3.293821502474084e-10	0.0908443157845165	-0.0212314472558422	7.185163590719475e-05	5.162658832340814e-09	0.0004507743525774	0.0353394543235619	-0.0150244298437059	0.0002257334921279	0.0012488770318862	0.0443853267629876	-8.224744055893596e-05	6.764641421508193e-09	0.0019700572318552	0.0011383332772477	-2.1208052428279868e-05	4.497820137221893e-10	1.295802649406216e-06	-0.0012898230804663	-0.0002499818699145	6.249093608458024e-08	1.6636435796758373e-06	0.0020637376484556	6.362844052578123e-05	4.048578152316535e-09	4.259013080854735e-06	0.0781589047000018	-0.0096622851000005	-0.0912392418000013	1
-0.0017636772648054	5.1759285112970354e-08	-7.602064214048385e-10	0.040327292620911	-0.0213745556739572	-0.0001431084181162	2.0480020674580065e-08	0.0004568716302587	0.0353458331814375	6.378857875879764e-06	4.068950427491322e-11	0.0012493279232891	0.0444524181937381	6.709143075120915e-05	4.501260034125379e-09	0.0019760174832691	0.0008086895107452	-0.0003296437665028	1.0866501287922421e-07	6.539787236776176e-07	-0.001125152432297	0.0001646706481701	2.7116422596409293e-08	1.265967996059784e-06	0.0021119568753503	4.8219226894941e-05	2.325093061411054e-09	4.460361842736951e-06	0.0763617167000017	-0.0144722352000006	-0.0955030384000014	1
0.0311504621450678	-1.96312602523275e-08	1.6821277622525311e-09	0.0066728701622371	-0.0315492927447557	-0.0101747370707998	0.000103525274461	0.0009953578726934	0.0565546360947594	0.0212088029133219	0.0004498133210162	0.0031984268638095	0.0442122308110654	-0.000240187382672	5.768997881429994e-08	0.0019547213532892	0.0013590058416077	0.0005503163308624	3.028480643397322e-07	1.846896876398021e-06	-0.0010396914806454	8.546095165204791e-05	7.303574715985175e-09	1.080958374747839e-06	0.0019292100605291	-0.0001827468148212	3.3396398098502737e-08	3.721851457782368e-06	0.0745310340000018	-0.0192567962000007	-0.0993899282000015	1
0.0983778705022005	7.318824369081323e-09	-3.5021985146793884e-09	-0.0087166943619657	-0.0291693111068402	0.0023799816379141	5.664312597806997e-06	0.000850848710447	0.0755604286830481	0.0190057925882886	0.0003612201519093	0.005709378382765	0.0698442607133209	0.0256320299022559	0.0006570009569097	0.004878220754588	0.001180866607139	-0.0001781392344688	3.1733586883486425e-08	1.3944459444535065e-06	-0.0010400186227238	-3.271420772502978e-07	1.0769054121716719e-13	1.0816387353810792e-06	0.0016641158507449	-0.0002650942097846	7.027494013482675e-08	2.7692815658566047e-06	0.0726676594000021	-0.0240075741000005	-0.1028845713000012	1
0.0918783583307079	-2.68075364103968e-09	6.592041453538314e-09	-0.0130216547834551	-0.0255247203530748	0.003644590753764	1.3283041763695048e-05	0.0006515113491023	0.0630909771817021	-0.0124694515013462	0.0001554872207439	0.0039804714017409	0.065340728976931	-0.0045035317363892	2.0281798100598543e-05	0.0042694108632348	0.0011009742254815	-7.989238165763384e-05	6.382792872016298e-09	1.2121442456287395e-06	-0.0010399722815101	4.6341213891793526e-08	2.0473448533789214e-15	1.0815423462502815e-06	0.001870070858988	0.0002059550082438	4.241746566388152e-08	3.4971650185004217e-06	0.070772410500002	-0.0287162347000006	-0.1059731760000013	1
0.0488664026384373	9.63650900444226e-10	-1.0043191741453826e-08	-0.0119055088981281	-0.0356340031998165	-0.0101092828467429	0.0001021975996765	0.0012697821840435	0.0727681551493765	0.0096771779676743	9.364777341799072e-05	0.0052952044038426	0.0746918410645026	0.0093511120875726	8.74432972741512e-05	0.0055788711216031	0.0008631812218159	-0.0002377930036656	5.654551235815263e-08	7.450818221432895e-07	-0.0012186649738854	-0.0001786926923752	3.193107886196971e-08	1.4851443192888854e-06	0.001937527745165	6.745688617710118e-05	4.550431653643461e-09	3.754013764904585e-06	0.068846118400002	-0.0333745172000008	-0.1086435530000015	1
0.0138794610532978	-3.393181795252242e-10	6.461474407288893e-09	-0.0086281547785059	-0.0094164466273115	0.0262175565725034	0.0006873602726337	8.866946708506319e-05	0.006047765039951	-0.0667203901094255	0.0044516104563529	3.6575461978350616e-05	0.1016124074510824	0.0269205663865802	0.0007247168945736	0.010325081348003	-3.195499042460785e-05	-0.0008951362122397	8.012688383217258e-07	1.0211219742560138e-09	-0.0017070426986923	-0.000488377724806	2.385128012380489e-07	2.913994777807468e-06	0.002395977715342	0.0004584499701773	2.1017637473129267e-07	5.7407092123625546e-06	0.0668896282000018	-0.0379742494000004	-0.1108851636000014	1
0.031858467205684	1.1667274410162136e-10	3.665888209355877e-08	-0.0052737932712721	-0.0004802077500284	0.0089362388772814	7.985636527308914e-05	2.305994833204766e-07	0.0153968848393891	0.0093491197994388	8.740604102426765e-05	0.0002370640627569	0.1004109442655303	-0.0012014631855517	1.443513786608448e-06	0.0100823577282938	0.0001402728979792	0.0001722278884037	2.9662444803805174e-08	1.967648629873077e-08	-0.0011098406301246	0.0005972020685689	3.566503104554004e-07	1.231746223236464e-06	0.0022940797272722	-0.0001018979880708	1.0383198599908744e-08	5.262801794844953e-06	0.0649037979000018	-0.0425073619000003	-0.1126891610000015	1
0.0911408245138947	-3.898026571075786e-11	-2.3828141968652626e-07	-0.0028651575099063	-0.0089253854549706	-0.0084451777049435	7.132102646898025e-05	7.966250551956571e-05	0.0026466966763065	-0.0127501881630819	0.000162567298194	7.005003296738646e-06	0.1287180166986246	0.0283070724330949	0.0008012903497325	0.0165683278228254	0.001861131305065	0.0017208584070863	2.961353658025693e-06	3.463809735296142e-06	-0.0012773582692013	-0.0001675176390769	2.8062160113399224e-08	1.6316441466412296e-06	0.0017666927325485	-0.0005273869947246	2.781370424916484e-07	3.1212032111834705e-06	0.062889498700002	-0.0469659021000001	-0.1140484259000012	1
0.0816929412873524	1.2489719920804174e-11	9.883380527753448e-07	-0.0012375892461392	-0.005275957292524	0.0036494281624455	1.3318325914583246e-05	2.7835725352243137e-05	-0.0548350466650079	-0.0574817433413136	0.003304150817556	0.003006882342755	0.1011693253855238	-0.0275486913131002	0.0007589303930646	0.0102352323989605	0.0015106615614162	-0.0003504697436489	1.2282904063214252e-07	2.282098351261597e-06	-0.0013201751120523	-4.2816842850441714e-05	1.833282324367131e-09	1.742862324698339e-06	0.0017570043922469	-9.68834030170977e-06	9.386436126763407e-11	3.0870644327749003e-06	0.0608476141000016	-0.0513420481000001	-0.1149575937000012	1
0.0394849598073377	-3.794060700976205e-12	-3.5173266710408503e-06	-0.000880505761085	0.0018599798154656	0.007135937107988	5.092159841036408e-05	3.4595249140566094e-06	-0.0151644981829426	0.039670548482066	0.0015737524168687	0.0002299620051405	0.0948585816566629	-0.0063107437288605	3.982548641179706e-05	0.0089981505139126	0.0011370858454187	-0.0003735757159992	1.395588158614755e-07	1.2929642188616669e-06	-0.0015603438136557	-0.0002401687016047	5.768100496157674e-08	2.434672816974716e-06	0.0020308902878896	0.0002738858956424	7.501348379046552e-08	4.1245153594310885e-06	0.0587790397000014	-0.0556281227000003	-0.1154130763000015	1
0.0101641605023266	1.0606276557331365e-12	1.1539893961811507e-05	0.000594804677093	0.0024111360710907	0.0005511562556237	3.037732191742467e-07	5.81357715345642e-06	0.008026993553044	0.0231914917359868	0.0005378452889405	6.443262550010509e-05	0.1044769705239299	0.0096183888672675	9.251340440221224e-05	0.010915437369857	0.0004693513202905	-0.0006677345251282	4.458693960539197e-07	2.2029066206385722e-07	-0.0019799477323166	-0.000419603918661	1.760674486408287e-07	3.9201930252446364e-06	0.0023739700561296	0.0003430797682401	1.1770372699333966e-07	5.63573382673089e-06	0.0566846829000014	-0.0598166067000006	-0.1154130763000017	1
-0.0044227700585656	-2.538251141306954e-13	-3.597977366882528e-05	-0.0016459660939253	0.0022908693166541	-0.0001202667544377	1.4464093556947509e-08	5.248082225834587e-06	-0.0391000501369683	-0.0471270436900118	0.0022209582469597	0.0015288139207141	0.126000906237533	0.0215239357136036	0.0004632798086032	0.0158762283726784	0.0008393036766304	0.0003699523563417	1.36864745611444e-07	7.044306604512723e-07	-0.0020042440358991	-2.429630358126339e-05	5.903107916128541e-10	4.016994157120961e-06	0.0017978438519205	-0.0005761262042092	3.319214026642684e-07	3.2322425155954878e-06	0.0545654623000013	-0.0639001520000004	-0.1149575937000015	1
-0.009666964879284	3.855531598266603e-14	0.0001084047775727	0.0360764313680682	-0.0109759015526535	-0.0132667708693091	0.0001760072092999	0.0001204704148929	-0.0289659170262008	0.0101341331107684	0.0001027006539069	0.0008390243491693	0.1259544997962476	-4.6406441284999816e-05	2.1535581405582242e-09	0.0158645360189219	0.0013012101554112	0.0004619064787802	2.1335759502576527e-07	1.693147867760274e-06	-0.0020038965149228	3.475209760552134e-07	1.209115546975743e-13	4.015601244431274e-06	0.0017033033408576	-9.454051106358586e-05	8.937907875202934e-09	2.901242270518848e-06	0.0524223074000014	-0.0678715947000005	-0.1140484259000015	1
-0.0097632294529249	7.444692323854059e-15	-0.0003102361720896	0.1007325240314675	-0.0179104893600181	-0.0069345878073658	4.80885080589258e-05	0.0003207856291151	0.0129579271901847	0.041923844216386	0.0017576087138804	0.0001679078770656	0.1300050190344958	0.0040505192382485	1.6406706099914742e-05	0.0169013049741585	0.0024270754435196	0.0011258652881087	1.2675726472547258e-06	5.890695208312253e-06	-0.0014106624752344	0.0005932340396878	3.519266260701023e-07	1.989968618389136e-06	0.0015172157148812	-0.0001860876259766	3.4628603663585755e-08	2.301943525166072e-06	0.0502561585000012	-0.0717239676000007	-0.1126891610000016	1
-0.0073992149874557	-1.0975760985065996e-14	0.0008061429800661	0.089388677799546	-0.0182084750819895	-0.0002979857219724	8.87954915920768e-08	0.000331548564811	-0.0282256703593214	-0.0411835975495056	0.0016960887071192	0.0007966884672336	0.1472017145179872	0.0171966954834922	0.0002957263355517	0.0216683447570337	0.0026941179172896	0.0002670424737711	7.13116831443336e-08	7.258271351516768e-06	-0.0014718893761789	-6.122690094431762e-05	3.748734520489044e-09	2.166458335198004e-06	0.0008269847459725	-0.0006902309689085	4.764187905815692e-07	6.839037704242376e-07	0.0480679655000013	-0.0754505123000006	-0.1108851636000014	1
-0.0046972641962584	7.143945785305267e-15	-0.0014500147132346	0.045235107633909	-0.0179842012960859	0.0002242737859022	5.029873209314072e-08	0.0003234314962576	-0.028308918007286	-8.324764796383099e-05	6.930171121688306e-09	0.0008013948387438	0.1704488832842204	0.0232471687662332	0.0005404308556458	0.0290528218128365	0.002559250832519	-0.0001348670847706	1.8189131060256776e-08	6.549764823121808e-06	-0.0014897238820544	-1.783450587507099e-05	3.1806931773578704e-10	2.219277244683195e-06	0.0009999084984143	0.0001729237524415	2.9902624365558865e-08	9.998170047911237e-07	0.0458586883000014	-0.0790446912000004	-0.1086435530000014	1
-0.0024082262365374	-3.93697048244043e-15	0.0379129490942457	0.0139337971498387	-0.0201794538107533	-0.0021952525146684	4.819133604114544e-06	0.0004072103560997	-0.0105542632454407	0.0177546547618457	0.0003152277657126	0.0001113924726543	0.1798807970539375	0.0094319137697173	8.896099735971255e-05	0.0323571011487584	0.0020150232860714	-0.000544227546448	2.961836219567948e-07	4.060318843979304e-06	-0.0014490840928164	4.0639789238346025e-05	1.6515918971511183e-09	2.0998447083603945e-06	0.0014079624905122	0.0004080539920974	1.6650806035545134e-07	1.9823583744726336e-06	0.0436292960000018	-0.0825001988000005	-0.1059731760000013	1
-0.0015106022831774	1.815969328570581e-15	0.1015070965211371	-0.0022645687029001	-0.0115187898515768	0.0086606639591754	7.50071002146916e-05	0.0001326825196446	0.0113432078901341	0.0218974711355752	0.0004794992421334	0.0001286683652381	0.1553609074535955	-0.0245198896003418	0.0006012249860137	0.0241370115648033	0.0028239085697083	0.0008088852836364	6.542954027386816e-07	7.974459610901265e-06	-0.001377154265656	7.192982715971343e-05	5.1738993847369195e-09	1.896553872093922e-06	0.0013099479916091	-9.801449890287224e-05	9.606841752957437e-09	1.715963740015847e-06	0.0413807664000019	-0.0858109730000007	-0.1028845713000011	1
0.0002596102935249	-3.784072262446258e-16	0.0883234804059015	-0.0085428414241197	-0.0109863703784455	0.0005324194731304	2.834704962162028e-07	0.0001207003340921	-0.014261094258261	-0.0256043021483948	0.0006555802885058	0.000203378809443	0.1730528422521447	0.0176919347985496	0.0003130045569161	0.0299472862115441	0.0023819069369079	-0.0004420016328	1.9536544325432254e-07	5.67348065654076e-06	-0.0013719442249127	5.210040743660495e-06	2.7144738217448245e-11	1.88223095600901e-06	0.0013091364462459	-8.115453630133243e-07	6.584440002703248e-13	1.713838234510201e-06	0.0391140859000017	-0.0889712056000005	-0.0993899282000009	1
-0.0014923438612719	-2.9102039786944623e-15	0.0442475501971742	-0.0091750097720348	-0.0095091304754059	0.0014772399030379	2.1822377321121854e-06	9.04235623980831e-05	-0.0102844036924968	0.0039766905657649	1.581406785585515e-05	0.0001057689593102	0.1748842435388951	0.0018314012867509	3.3540306734938483e-06	0.0305844986381704	0.0023502171305466	-3.1689806360975626e-05	1.0042441834737986e-09	5.523520560844348e-06	-0.0016112358426217	-0.0002392916177095	5.726047802749399e-08	2.596080941217052e-06	0.0015048974145061	0.0001957609682603	3.832235687455294e-08	2.264716227681401e-06	0.0368302486000014	-0.0919753525000006	-0.0955030384000011	1
0.0396994917681985	1.1953567160073631e-14	0.0133253886666952	-0.0070938330984028	-0.0177649606834772	-0.0082558302080724	6.815873242539954e-05	0.0003155938280851	0.0158090572810879	0.026093460973585	0.0006808687055803	0.0002499262921164	0.1719665959459718	-0.002917647592923	8.512667476959096e-06	0.0295725101212439	0.0027170435429653	0.0003668264124189	1.3456161672862337e-07	7.38232561491119e-06	-0.001509645717401	0.0001015901252209	1.0320553636064041e-08	2.2790301919328645e-06	0.001368049691614	-0.000136847722892	1.87272992884587e-08	1.8715599594876624e-06	0.0345302564000013	-0.0948181434000007	-0.091239241800001	1
0.1022157802681464	-4.2035179694410154e-14	-0.0024258532795712	-0.0044901568588701	-0.0017169126310793	0.0160480480523964	0.000257539846293	2.94778898307088e-06	-0.0100891474436951	-0.0258982047247826	0.0006707170079663	0.0001017908961407	0.1631575670791645	-0.0088090288668067	7.759898957647672e-05	0.0266203916951906	0.0026401939726301	-7.68495703351512e-05	5.9058571031798825e-09	6.9706242132331495e-06	-0.0014142755188152	9.537019858647396e-05	9.095473930534896e-09	2.0001752415328483e-06	0.0016853718417697	0.0003173221501562	1.0069334747287185e-07	2.8404782444709364e-06	0.0322151180000009	-0.0974945910000006	-0.0866153656000008	1
0.0872561346348398	1.3592725231250584e-13	-0.0089050724242605	-0.0024408205165589	-0.0017780478979692	-6.113526689087387e-05	3.7375217147627195e-09	3.161454327800136e-06	0.0077994282984108	0.0178885757421064	0.0003200011420814	6.0831081781968e-05	0.1637915024021312	0.0006339353229665	4.018739940616751e-07	0.0268276562591462	0.0022701126221658	-0.0003700813504647	1.369602058407278e-07	5.153411317756994e-06	-0.0013311152318148	8.31602869999579e-05	6.915633716782324e-09	1.7718677581936244e-06	0.0016640151277925	-2.13567139773604e-05	4.5610947428477516e-10	2.7689463456689203e-06	0.0298858491000008	-0.1000000000000007	-0.0816496581000008	1
0.0432428706341898	-4.1795549999725224e-13	-0.0083870468303271	-0.0011743337084862	0.0044470435045438	0.0062250914025116	3.875176297058517e-05	1.977619593173907e-05	0.0656191789577894	0.0578197506593786	0.0033431235663133	0.0043058766470927	0.1273478949705654	-0.0364436074315653	0.0013281365226269	0.0162174863534332	0.0007307448863704	-0.0015393677357954	2.3696530251346483e-06	5.33988089792713e-07	-0.0012142532798746	0.0001168619519395	1.3656715574933918e-08	1.474411025976979e-06	0.0020479467536062	0.0003839316258148	1.4740349343395166e-07	4.194085906633272e-06	0.0275434712000004	-0.1023299750000011	-0.0763617167000011	1
0.012784420132801	1.238400670902926e-12	-0.0080719226516585	-0.0005098567047806	0.0034941781643476	-0.0009528653401971	9.079523575022274e-07	1.2209281044576976e-05	0.047357599181922	-0.0182615797758677	0.0003334852959095	0.002242742200274	0.1270336161840606	-0.0003142787865038	9.877115569743303e-08	0.0161375396407984	0.0004060811566995	-0.0003246637296692	1.05406537416091e-07	1.6490190656705527e-07	-0.0014230515489016	-0.0002087982690274	4.3596717529763326e-08	2.025075709762564e-06	0.00222228799313	0.0001743412395254	3.0394868142435406e-08	4.938563926113476e-06	0.0251890118000001	-0.1044804285000015	-0.070772410500001	1
-0.0027748711138274	-3.573440474391937e-12	0.0376753841275545	-0.0002031871838486	-0.001266494190785	-0.0047606723551336	2.266400127363064e-05	1.6040075355236357e-06	0.0358704938534514	-0.0114871053284705	0.0001319535888268	0.0012866923292893	0.148049264941232	0.0210156487571717	0.0004416574926847	0.0219185848496381	0.0013221127853916	0.0009160316286926	8.39113945438742e-07	1.7479822178836737e-06	-0.0014910756314378	-6.802408253605031e-05	4.627275947380399e-09	2.223306537719325e-06	0.0021599899154986	-6.229807763113398e-05	3.881050562172271e-09	4.665556435952149e-06	0.0228235037000004	-0.1064475877000013	-0.0649037979000009	1
-0.008684067811877	1.0077376370886264e-11	0.1007045526494483	-7.43304199375698e-05	0.0056950774408356	0.0069615716316195	4.84634795827331e-05	3.243390705771565e-05	0.0331438799966716	-0.0027266138567794	7.434423123630435e-06	0.0010985167812323	0.1624994477755136	0.0144501828342818	0.0002088077839443	0.0264060705273455	0.001729064447617	0.0004069516622247	1.6560965584368527e-07	2.9896638651291577e-06	-0.0014446360289671	4.643960247077791e-05	2.1566365817252806e-09	2.086973255363127e-06	0.0021602545852189	2.646697202911621e-07	6.972816842277773e-14	4.666699872709621e-06	0.0204479845000008	-0.1082280018000011	-0.0587790397000004	1
-0.009112015915916	-2.7860310858100636e-11	0.0844621053758248	-5.5794855437367055e-06	0.0007207990767043	-0.0049742783641321	2.474344524505629e-05	5.195513087809184e-07	-0.0568157928448897	-0.0899596728415605	0.0080927427377597	0.0032280343165946	0.1625256798818779	2.623210636518401e-05	6.881230934516322e-10	0.0264145966210653	0.0014981850449362	-0.000230879402679	5.3305297049404896e-08	2.2445584277847203e-06	-0.0018070229458952	-0.0003623869169277	1.3132427948670645e-07	3.26533192621688e-06	0.0013088563054872	-0.0008513982797319	7.248790312403972e-07	1.713104828390406e-06	0.0180634961000004	-0.1098185471000008	-0.0524223074000002	1
-0.0069609585490663	7.562107654972276e-11	0.0422478934754085	8.402816661352422e-07	-0.0010132846421675	-0.0017340837188735	3.0070463448742318e-06	1.0267457662542588e-06	-0.0081167737019587	0.0486990191429318	0.0023715944654844	6.588201532876933e-05	0.1626567450397941	0.0001310651579163	1.7178076038556855e-08	0.0264572167069395	0.0014499183195218	-4.8266725415955056e-05	2.3296767692489072e-09	2.102263132973439e-06	-0.0017579237102245	4.909923566960718e-05	2.410733425954196e-09	3.090295770635953e-06	0.0021787797051636	0.0008699233996762	7.567667215578596e-07	4.747081002106994e-06	0.0156710845000003	-0.1112164334000008	-0.0458586883000005	1
-0.0043682104027845	-2.0168818677531867e-10	0.0111025149662126	-2.6350529716093784e-07	-0.0028682587517014	-0.0018549741095352	3.440928947755705e-06	8.226908266992692e-06	0.0344486773337416	0.0425654510357004	0.0018118176218731	0.0011867113700433	0.1730221755151688	0.010365430475375	0.0001074421489401	0.0299366732200008	0.0016628230779462	0.000212904758425	4.5328436168182654e-08	2.764980588710289e-06	-0.0018329015716694	-7.497786144490762e-05	5.621679020951184e-09	3.3595281715012847e-06	0.0025300298497124	0.0003512501445489	1.2337666392085846e-07	6.401051040507422e-06	0.0132717990000001	-0.112419208300001	-0.0391140859000005	1
-0.0023583912268466	5.286235320360708e-10	0.0414390796409616	-5.014784167337211e-09	-0.0040166560834766	-0.0011483973317762	1.3188164322913506e-06	1.613352609304455e-05	0.0034373697699536	-0.0310113075637877	0.0009617011968154	1.1815510935376317e-05	0.2071049730025125	0.0340827974873444	0.0011616370845632	0.04289246984237	0.0020739034447066	0.0004110803667615	1.6898706774562869e-07	4.301075498527178e-06	-0.0019309665525005	-9.80649808301544e-05	9.616741134873112e-09	3.728631827254025e-06	0.0019660126396974	-0.0005640172100151	3.1811541296637213e-07	3.865205700256608e-06	0.0108666920000004	-0.1134247617000008	-0.0322151180000001	1
-0.0011283821392848	-1.3597266461448675e-09	0.0947133720222016	2.144714551109289e-07	-0.0049521424232898	-0.0009354863398138	8.751346927406992e-07	2.4523714580796714e-05	0.0010587072109002	-0.0023786625590526	5.65803556972746e-06	1.1208609583838118e-06	0.2002729946819647	-0.0068319783205478	4.667592777289721e-05	0.0401092723988807	0.001930955153112	-0.0001429482915955	2.0434213588735373e-08	3.728587804629776e-06	-0.0020021245225568	-7.115797005614199e-05	5.063456780411981e-09	4.008502605174641e-06	0.0019479431308817	-1.806950881611009e-05	3.265068611492793e-10	3.7944824411410416e-06	0.0084568186000006	-0.1142313295000007	-0.0251890117999998	1
-0.000487487254191	3.428726326466408e-09	0.0761110495003026	-3.048301337802446e-07	-0.0016000946009713	0.0033520478223173	1.1236224603795608e-05	2.5603027325087564e-06	0.0374032652233176	0.0363445580124177	0.0013209268971183	0.0013990042493648	0.1836531191688921	-0.0166198755130722	0.0002762202620707	0.0337284681804618	0.0019548321819106	2.387702879850107e-05	5.701119901689846e-10	3.821368860434082e-06	-0.0016678653808397	0.0003342591417168	1.1172917319729165e-07	2.781774928331482e-06	0.0021891365468922	0.0002411934160106	5.8174263444172156e-08	4.792318820810368e-06	0.0060432357000003	-0.1148374968000009	-0.0180634960999999	1
-0.0001937423155839	-8.470156336727968e-09	0.033452396199756	-2.685270693599591e-07	-0.0024461738146019	-0.0008460792136314	7.158500365819743e-07	5.983766331582833e-06	0.0025789418411349	-0.0348243233821825	0.0012127334990261	6.650941019988076e-06	0.198135080525586	0.0144819613566946	0.0002097272047366	0.0392575101348791	0.0019402194268715	-1.4612755038012806e-05	2.1353254955574988e-10	3.764451424713918e-06	-0.002001861672485	-0.0003339962916451	1.1155352321565833e-07	4.007450156359009e-06	0.0022109447801399	2.180823324827909e-05	4.755992082479023e-10	4.8882768211310935e-06	0.003627002	-0.1152422001000009	-0.0108666919999998	1
-6.972603311810317e-05	2.0432475631033037e-08	0.0535548106302511	3.708102019061812e-06	0.0037303539012639	0.0061765277158647	3.814949462555887e-05	1.3915540229286129e-05	0.0291751401041998	0.0265961982630653	0.0007073577620485	0.0008511888000989	0.1896797139879256	-0.0084553665376601	7.149322328673277e-05	0.0359783938985398	0.0019994215107758	5.920208390346588e-05	3.5048867202956e-09	3.997686378417123e-06	-0.0020010935319398	7.681405453303417e-07	5.893954957683268e-13	4.0043753244212905e-06	0.0024140082136183	0.0002030634334781	4.123475774425366e-08	5.827435655059906e-06	0.0012091775	-0.1154447293000008	-0.0036270019999997	1
-3.867498152888703e-06	-4.788408975937903e-08	0.0985178089498722	-1.7722525039708603e-05	-0.0006708110241194	-0.0044011649253841	1.9370252701117053e-05	4.499874305038448e-07	0.0241844693569097	-0.0049906707472898	2.490679450753253e-05	0.0005848885580746	0.177170763142254	-0.0125089508456707	0.0001564738512597	0.0313894793124071	0.0021048288078674	0.0001054072970911	1.1110698011922564e-08	4.430304311326989e-06	-0.0020010624652353	3.1066704594396134e-08	1.3290370806919197e-15	4.004250990527376e-06	0.0023211119559301	-9.289625768808238e-05	8.629714407196567e-09	5.3875607118921885e-06	-0.0012091774999998	-0.115444729300001	0.0036270020000004	1
5.383069361779378e-07	1.0810601258348226e-07	0.073437176951931	6.789704199354172e-05	-0.0006754868951451	-4.675871026474699e-06	2.1864527633026578e-11	4.562825461099934e-07	0.021189187146617	-0.0029952822102925	8.971715519039014e-06	0.0004489816519337	0.1728442621254344	-0.0043265010168193	1.871861104869449e-05	0.0298751389496844	0.0021360448708529	3.121606298526514e-05	9.744427911579683e-10	4.562687690509803e-06	-0.0020002935506591	7.689145761084219e-07	5.909550053576565e-13	4.001174289224745e-06	0.0025411446452986	0.0002200326893688	4.841438422713164e-08	6.457416107793165e-06	-0.0036270020000002	-0.115242200100001	0.0108666920000005	1
-2.269617201445382e-07	-2.3168024533038653e-07	0.0303639782736565	-0.00022507640832	-0.0008670907844509	-0.0001916038893067	3.6712051348122274e-08	7.518464290224264e-07	-0.0020796592484528	-0.0232688463950696	0.0005414392125569	4.324982589833021e-06	0.1769678177718219	0.0041235556463881	1.700371116873322e-05	0.0313176085269194	0.0021452198027069	9.174931854472992e-06	8.417944971330263e-11	4.601968001149397e-06	-0.00200113396003	-8.404093704480321e-07	7.067527525090565e-13	4.004537125774345e-06	0.0022121566984516	-0.0003289879468466	1.0823306908616805e-07	4.893637258324075e-06	-0.0060432357000005	-0.1148374968000009	0.0180634961000004	1
1.179454221218938e-07	4.5778375433035595e-07	0.0038826801834726	0.0006058972421681	-0.0110354730678612	-0.0101683822834115	0.0001033959982624	0.0001217816658315	0.0065223114533366	0.0086019707017899	7.399389995458706e-05	4.254054669453454e-05	0.1771066387301769	0.0001388209583556	1.9271258445909785e-08	0.0313667614823001	0.0022489878286836	0.0001037680259764	1.076780323925133e-08	5.057946252703383e-06	-0.0020012826820359	-1.4872200552979406e-07	2.258647018293252e-14	4.005132373369551e-06	0.0019807564674148	-0.0002314002310366	5.3546067091857646e-08	3.923396183525943e-06	-0.0084568186000007	-0.114231329500001	0.0251890118000004	1
-5.760979545149022e-08	-7.795102707434331e-07	-0.0078964406450749	-2.1644617720190383e-05	-0.0007108109164988	0.0103246621513611	0.0001065986485405	5.052521597496838e-07	0.0368724817116395	0.0303501702583029	0.0009211328347083	0.0013595799075745	0.1771437846819138	3.714595173716108e-05	1.379821864072628e-09	0.031379920451431	0.0023399589401604	9.097111147640173e-05	8.275743990070016e-09	5.475407840807154e-06	-0.0020001363163907	1.146365645731172e-06	1.3128657376660097e-12	4.000545284444181e-06	0.0024528472000202	0.0004720907326061	2.228696601035745e-07	6.016459386093922e-06	-0.0108666920000009	-0.1134247617000011	0.0322151180000005	1
2.6116518315594825e-08	8.879340842518746e-07	-0.0111599476354992	0.0493539474260103	-0.0238445592418635	-0.0231337483253652	0.0005351703115822	0.0005685630054385	-0.0027667888008283	-0.0396392705124677	0.0015712717667601	7.655120269262897e-06	0.1889348337751469	0.011791049093234	0.0001390288387185	0.035696371413641	0.0021610652171409	-0.0001788937230186	3.200296320632155e-08	4.6702028721206616e-06	-0.0020783658914289	-7.822957503737947e-05	6.119868066670083e-09	4.319604778311486e-06	0.0019807517830818	-0.0004720954169389	2.2287408301276621e-07	3.923377627624517e-06	-0.013271799000001	-0.1124192083000011	0.0391140859000007	1
-1.1319773686064336e-08	8.013455197806889e-07	-0.0100593123763787	0.1048201528086313	-0.0117597987182846	0.0120847605235774	0.000146041436913	0.0001382928658953	0.0213033740134976	0.0240701628143266	0.0005793727379086	0.0004538337443589	0.1869212352770943	-0.0020135984980522	4.054578911421897e-06	0.0349395481975133	0.0020547414604725	-0.0001063237566689	1.1304741741490216e-08	4.221962469519131e-06	-0.0020012098635121	7.715602791634765e-05	5.953052154374724e-09	4.004840917657914e-06	0.0022350618452867	0.0002543100622047	6.467360786671097e-08	4.99550145204592e-06	-0.0156710845000012	-0.1112164334000009	0.0458586883000009	1
4.7502168158803896e-09	-1.0500212509206183e-05	-0.0071873780123979	0.0816775654426747	-0.0237054261802971	-0.0119456274620129	0.000142698015462	0.0005619472303897	0.0202813047749816	-0.0010220692385158	1.0446255283275813e-06	0.0004113313233759	0.1770700661852057	-0.0098511690918878	9.704553247685768e-05	0.0313538083388316	0.0019209813630752	-0.0001337600973973	1.7891763454282056e-08	3.6901693971670113e-06	-0.0020011300464628	7.981704957496967e-08	6.735150247394425e-15	4.004521462394223e-06	0.0024739292210181	0.0002388673757313	5.7057623529607816e-08	6.1203257912549134e-06	-0.0180634961000012	-0.109818547100001	0.052422307400001	1
-1.942357131270662e-09	5.0473604555220686e-05	-0.0043414233016077	0.0384549934982387	-0.0138426547200058	0.0098627714602903	9.727426087900712e-05	0.0001916190896978	0.0273899512948778	0.0071086465198962	5.053285534483784e-05	0.0007502094319356	0.1649900670578683	-0.0120799991273369	0.0001459263789163	0.0272217222277584	0.0022221220959561	0.0003011407328803	9.068574218208925e-08	4.937826608489628e-06	-0.0022569405137548	-0.0002558104672915	6.543899444119294e-08	5.093780483902228e-06	0.0027580150594518	0.0002840858384341	8.070476399549794e-08	7.606647067807442e-06	-0.0204479845000014	-0.108228001800001	0.058779039700001	1
7.769643923742833e-10	-0.000184303461699	-0.0022834596995425	0.0100811498667845	-0.0673087709986914	-0.053466116278686	0.0028586255899263	0.0045304706533525	0.1189810915191182	0.0915911402242407	0.0083889369675788	0.0141565001390806	0.1995447748714949	0.0345547078136274	0.0011940278320848	0.0398181171785137	0.0047340731449749	0.0025119510490189	6.309898072988834e-06	2.241144854026744e-05	-0.0023970352423094	-0.0001400947285541	1.962653251407925e-08	5.745777953922433e-06	0.0029491977703029	0.0001911827108496	3.655083015452116e-08	8.697767490068707e-06	-0.0228235037000007	-0.1064475877000012	0.064903797900001	1
-3.047664780569638e-10	0.000502174773459	-0.0010535993781888	-0.0039468980460016	-1.1501148682787048	-1.082806097280014	1.172469044306775	1.3227642102357446	0.3858095050266132	0.2668284135074961	0.0711974022549278	0.1488489741688803	0.7049968426931057	0.5054520678216079	0.2554817928651396	0.4970205482072468	0.0347081906047352	0.0299741174597595	0.0008984477174916	0.0012046584950547	0.012782650600487	0.0151796858427929	0.0002304228622855	0.000163396156374	0.0166041939231823	0.0136549961528785	0.000186458919935	0.0002756992558384	-0.0251890117999995	-0.1044804285000008	0.0707724104999999	1
1.1723406159608054e-10	0.0006408121328475	-0.0004502335737591	-0.0089786505587343	-0.6607085411634422	0.4894063271152746	0.2395185530204513	0.4365357763663243	0.4938225610251408	0.108013055998528	0.0116668202661405	0.2438607217774303	0.9074846856538548	0.20248784296075	0.0410013265468961	0.8235284546962784	0.0328885764791017	-0.001819614125633	3.31099556493024e-06	0.001081658462821	0.0061839974253293	-0.0065986531751579	4.3542223727336825e-05	3.824182415640821e-05	0.0121070198673818	-0.0044971740557982	2.022457448754593e-05	0.0001465799300694	-0.0275434711999988	-0.1023299750000011	0.0763617166999994	1
-4.3578728877472285e-11	0.0527704340506246	-0.0001783006092281	-0.0089274107508469	-0.6285266656605267	0.0321818755029175	0.0010356731108782	0.3950457694463429	0.5196945922825634	0.0258720312574199	0.0006693620013834	0.2700824692477413	0.8758835139261966	-0.031601171727661	0.0009986340545604	0.7671719299677054	0.0321528105222567	-0.0007357659568461	5.413515436580343e-07	0.0010338032244797	0.0058751111279954	-0.0003088862973334	9.541074293032909e-08	3.451693076397668e-05	0.0116254383711046	-0.0004815814962791	2.319207379386582e-07	0.0001351508173212	-0.0298858490999976	-0.1000000000000025	0.0816496580999994	1
1.3749165130716543e-11	0.1053963116758401	-6.183913405634459e-05	-0.0066253913847895	-0.6421814160960332	-0.0136547504355035	0.0001864522094484	0.4123969711791089	0.5347932467541497	0.0150986544715844	0.0002279693668509	0.286003816773847	0.8971976730657745	0.0213141591395761	0.0004542933798263	0.8049636645546451	0.033548257199253	0.0013954466769967	1.9472714283037736e-06	0.0011254855611083	0.0067190234759769	0.0008439123479797	7.121880504633575e-07	4.5145276473037087e-05	0.0114699338061808	-0.000155504564924	2.418166907787393e-08	0.000131559381518	-0.0322151179999982	-0.0974945910000026	0.0866153655999991	1
2.5276155543555986e-12	0.079520837975974	-1.3721568385360707e-06	-0.0040709034558738	-0.4545747074306218	0.187606708665417	0.035196277136268	0.2066381646356354	0.1219649389508795	-0.4128283078032741	0.1704272117237169	0.0148754463332903	0.6999787830033163	-0.1972188900624624	0.038895290597469	0.4899702966548048	0.0187231618693706	-0.0148250953298828	0.00021978345154	0.0003505567903867	0.0033156744162972	-0.0034033490596797	1.1582784821820834e-05	1.0993696834727314e-05	0.0064460909727252	-0.0050238428334554	2.523899681425808e-05	4.155208882817013e-05	-0.0345302563999984	-0.0948181434000013	0.0912392418000005	1
-2.3487358420301857e-11	0.0372544439816275	1.3273614246031208e-08	-0.0021616072788763	-0.3645034506797906	0.0900712567508347	0.0081128312926735	0.1328627655574741	0.0923694305229049	-0.0295955084279739	0.0008758941191076	0.0085321116951249	0.5191760024094795	-0.1808027805938407	0.0326896454704659	0.2695437214778863	0.0095824028312774	-0.0091407590380947	8.355347579926781e-05	9.182244402014088e-05	0.0011401240672641	-0.0021755503490336	4.733019322930399e-06	1.2998828894488533e-06	0.0049241730634977	-0.0015219179092292	2.316234122526096e-06	2.4247480359694015e-05	-0.0368302485999979	-0.091975352500001	0.0955030384000011	1
7.398552950963754e-11	0.0104042362790477	-3.8327086343040466e-08	-0.0010201661682494	-0.3510408521497654	0.0134625985300276	0.0001812415591785	0.1232296798780322	0.0969092337980133	0.0045398032751079	2.0609813775985297e-05	0.0093913995953172	0.5188219551288701	-0.0003540472806094	1.2534947481457998e-07	0.2691762211237415	0.0113233023262749	0.0017408994949984	3.030731051759088e-06	0.0001282171755718	0.0008647937637066	-0.0002753303035588	7.580677493621179e-08	7.478682534244211e-07	0.0046382737548031	-0.0002858993086932	8.173841467615135e-08	2.1513583423722425e-05	-0.0391140858999982	-0.0889712056000011	0.0993899282000013	1
-2.1241833109515788e-10	0.0509070971373561	4.6070783945597e-08	-0.0004353155267258	-0.3649539348914453	-0.0139130827416791	0.0001935738713742	0.1331913745927478	0.11486027239435	0.0179510385963369	0.0003222397866868	0.0131928821745032	0.565836005976961	0.0470140508480914	0.0022103209771449	0.3201703856599585	0.0124204713921509	0.0010971690658745	1.2037799579332612e-06	0.0001542681096027	0.0009822419219326	0.0001174481582251	1.379406906478344e-08	9.647991925484137e-07	0.0049431133148076	0.0003048395600034	9.292715714630962e-08	2.44343692422911e-05	-0.0413807663999984	-0.0858109730000011	0.1028845713000011	1
5.925368466592233e-10	0.0965645188235348	-3.0635593050220315e-08	-0.0001719709945915	-0.3614589591151392	0.0034949757763076	1.2214855674893866e-05	0.1306525791245979	0.1492455047703184	0.0343852323759684	0.0011823442055492	0.0222742206941461	0.588387412465792	0.0225514064888299	0.0005085659346231	0.3461997471481887	0.0138932434282252	0.001472772036075	2.169057469349736e-06	0.0001930222129555	0.001639721421095	0.0006574794991624	4.322792912944688e-07	2.688686338175299e-06	0.0046253525189659	-0.0003177607958425	1.009719226293589e-07	2.139388592405792e-05	-0.0436292959999988	-0.082500198800001	0.105973176000001	1
-1.62018435859915e-09	0.0693757480996467	1.624535265022294e-08	-5.862592901821816e-05	-0.3350493250829618	0.0264096340321786	0.0006974687697122	0.1122580502385464	0.1390389387825746	-0.0102065659877441	0.0001041739892611	0.0193318264977837	0.5709773458380727	-0.0174100666277191	0.0003031104199806	0.3260151294602896	0.0134401936303574	-0.000453049797868	2.0525411915225367e-07	0.0001806388048218	0.0009866971900344	-0.0006530242310596	4.264406462134191e-07	9.735713446517695e-07	0.004635098802491	9.746283525304906e-06	9.499059930427228e-11	2.1484140908742468e-05	-0.0458586882999988	-0.0790446912000008	0.1086435530000011	1
4.340718399092927e-09	0.0292130816783189	-7.788820869719314e-09	-4.286888373475264e-07	-0.3470834593769599	-0.0120341342939968	0.0001448203882039	0.1204669277730761	0.1253756311385793	-0.0136633076439954	0.0001866859757734	0.0157190488833961	0.5861086609079671	0.0151313150698936	0.0002289566957433	0.3435233623913299	0.0140475858799054	0.0006073922495468	3.6892534445290884e-07	0.0001973346690543	0.0003881321303521	-0.0005985650596823	3.582801319296899e-07	1.5064655040530153e-07	0.0046430175439785	7.918741487894689e-06	6.27070697508076e-11	2.155761191351222e-05	-0.0480679654999985	-0.0754505123000009	0.1108851636000012	1
-1.1429461268468064e-08	0.0045075765535039	3.5129406941513482e-09	-2.119377626545227e-07	-0.3477041701993342	-0.0006207108223735	3.852819230780772e-07	0.1208981899740063	0.1469039507393414	0.0215283196007619	0.0004634685448321	0.0215807707428258	0.5946370369353526	0.0085283760273847	7.273319766387382e-05	0.3535932056952553	0.01374324790651	-0.000304337973396	9.262160114362569e-08	0.0001888768630196	0.0005101878082686	0.0001220556779182	1.4897587937950062e-08	2.6029159878216895e-07	0.0049712503940805	0.0003282328501018	1.077368039301318e-07	2.4713330480262743e-05	-0.0502561584999984	-0.0717239676000007	0.1126891610000011	1
2.9578580787252993e-08	-0.006403175441039	-1.5189435778313754e-09	4.6501083294265033e-08	-0.3572744887239011	-0.0095703185245657	9.159099665959e-05	0.1276450602929238	0.1532647155108843	0.0063607647715426	4.045932847819673e-05	0.0234900730206312	0.5966781742849314	0.0020411373495783	4.166241679157051e-06	0.3560248436679984	0.013987435034507	0.0002441871279971	5.962735251390021e-08	0.0001956483388446	0.0004539228517262	-5.626495654181067e-05	3.165745974012921e-09	2.060459545880669e-07	0.0048470849974222	-0.000124165396658	1.5417046157761104e-08	2.3494232972159745e-05	-0.0524223073999984	-0.0678715947000008	0.1140484259000011	1
-7.516512673105225e-08	-0.0079900726119369	6.361884943692365e-10	1.2447057892495416e-08	-0.3527013517125664	0.0045731370113355	2.0913582122436973e-05	0.1243982434998704	0.1427037696945755	-0.0105609458163093	0.000111533576534	0.0203643658850411	0.6110789707562949	0.0144007964713632	0.000207382939009	0.3734175085005728	0.014188333755168	0.0002008987206609	4.0360295472606364e-08	0.0002013088147481	0.0007181215174277	0.0002641986657027	6.980093487577574e-08	5.156985130200488e-07	0.0048041623375687	-4.2922659852843135e-05	1.8423546179591941e-09	2.3079975765249146e-05	-0.0545654622999986	-0.0639001520000007	0.1149575937000011	1
1.87239432391938e-07	0.0494357519352299	-2.5971973499233107e-10	-1.75002624553246e-08	-0.3615006618378212	-0.0087993101252536	7.742785867835767e-05	0.1306827285091812	0.1578340828987288	0.0151303132041534	0.0002289263776553	0.0249115977244816	0.6345993408126411	0.0235203700563454	0.0005532078075871	0.4027163233598392	0.0146885661512978	0.0005002323961299	2.502324498589398e-07	0.0002157539755812	0.0004255420459057	-0.0002925794715226	8.560274754755976e-08	1.810860327606067e-07	0.0049721683504538	0.0001680060128847	2.8226021278136802e-08	2.472245810502172e-05	-0.0566846828999989	-0.0598166067000006	0.1154130763000009	1
-4.559365452744124e-07	0.0992443119969113	1.0375008169988255e-10	1.1217253751899562e-08	-0.3502494102062004	0.0112512516316216	0.0001265906632764	0.1226746493497892	0.1557569123412725	-0.002077170557456	4.314637524137739e-06	0.0242602157420857	0.6693882274044247	0.0347888865917833	0.0012102666302962	0.4480805989876396	0.0146845614312008	-4.004720096027074e-06	1.6037471975548145e-11	0.0002156363444262	0.0006650969700882	0.000239554924184	5.7386561715094336e-08	4.4235397982189033e-07	0.004638883612969	-0.0003332847374845	1.1107871652338429e-07	2.1519241175053952e-05	-0.0587790396999994	-0.0556281227000005	0.1154130763000007	1
1.0804643297782873e-06	0.072234270420972	-4.065392012778876e-11	-5.892934913506446e-09	-0.3542630065951161	-0.0040135963889143	1.610895597171987e-05	0.1255022778418096	0.1653891257378158	0.0096322133965431	9.277953491592572e-05	0.0273535629123181	0.6476052790608403	-0.0217829483435864	0.0004744968385398	0.4193925974674695	0.0147696164371332	8.505500593347737e-05	7.234353310453317e-09	0.0002181415696999	0.0006040826414299	-6.101432865705757e-05	3.7227479296210693e-09	3.649158377031266e-07	0.0050163386759302	0.0003774550629616	1.424723256077208e-07	2.516365371176432e-05	-0.0608476140999992	-0.0513420481000004	0.1149575937000007	1
-2.4739960939500877e-06	0.0321005301013068	1.5646295421305503e-11	2.813775762428009e-09	-0.363597101937726	-0.0093340953426081	8.712533586317153e-05	0.1322028525375117	0.1646370278219659	-0.0007520979158501	5.656512742109056e-07	0.0271053509300497	0.6309974924532746	-0.0166077866075665	0.0002758185760024	0.3981578354823208	0.0150663992297008	0.0002967827925679	8.808002540799907e-08	0.0002269963857492	0.0003032409421511	-0.0003008416992777	9.050572884535141e-08	9.195506922707673e-08	0.0050740240653745	5.76853894450009e-05	3.3276052339438192e-09	2.57457202159648e-05	-0.062889498699999	-0.0469659021000005	0.1140484259000009	1
5.411351122720848e-06	0.0067690750082192	-5.902911661140416e-12	-1.266482629282601e-09	-0.5220520420275813	-0.1584549400898531	0.0251079680388741	0.2725383345851664	0.3279658374611644	0.1633288096391993	0.0266763000581609	0.1075615905416034	0.6059486262942065	-0.0250488661590695	0.0006274456958525	0.3671737377078337	0.02464549614013	0.0095790969104301	9.175909761994005e-05	0.0006074004799928	0.0085740472018076	0.0082708062596551	6.840623618727182e-05	7.35142854194383e-05	0.0163593794455856	0.0112853553802112	0.0001273592460599	0.0002676292958466	-0.0649037978999983	-0.042507361900001	0.1126891610000012	1
-1.107431204543085e-05	-0.0053353061765392	2.185318229115995e-12	5.466920511659817e-10	-0.3599947613129164	0.1620572807146666	0.0262625622326305	0.1295962281727428	0.2074034463269917	-0.120562391134175	0.0145352901559876	0.0430161895483116	0.6727440999401744	0.0667954736459684	0.0044616352995879	0.4525846240043155	0.0207607686154674	-0.0038847275246646	1.5091107940554893e-05	0.0004310095135059	0.0057391291589753	-0.0028349180428319	8.03676030762792e-06	3.293760350453162e-05	0.00880306586804	-0.0075563135775497	5.709787488906574e-05	7.749396867826519e-05	-0.0668896281999995	-0.0379742494000004	0.1108851636000011	1
2.013807626010645e-05	-0.0093409690023537	-7.881833553124802e-13	-2.2864420516911024e-10	-0.3536630962105939	0.0063316651023237	4.008998296697782e-05	0.1250775856212627	0.2128532490092704	0.0054498026822784	2.970034927476135e-05	0.0453065056138021	0.5698474418206694	-0.1028966581195076	0.0105877222521635	0.3247261069495601	0.017136168078547	-0.0036246005369206	1.3137729051318874e-05	0.0002936482564159	0.003980759640839	-0.0017583695181375	3.091863366549752e-06	1.5846447317486932e-05	0.0080411066748358	-0.000761959193204	5.805818102870622e-07	6.465939655717396e-05	-0.0688461183999988	-0.0333745172000003	0.1086435530000013	1
-2.64977872539622e-05	-0.0087710340362112	2.642333030940404e-13	9.322010660242344e-11	-0.3644869888043707	-0.0108238925937758	0.0001171566508795	0.1328507650076754	0.2478945004847045	0.0350412514754338	0.0012278893049649	0.061451683370561	0.6262762135532105	0.0564287717325415	0.0031842062792431	0.3922218956625461	0.0182792229665509	0.0011430548880051	1.306574476785038e-06	0.0003341299922588	0.0042820386908763	0.0003012790500369	9.076906472481925e-08	1.8335855349032007e-05	0.0077801290897613	-0.0002609775850736	6.81092980101294e-08	6.053040865350949e-05	-0.0707724104999992	-0.0287162347000003	0.105973176000001	1
3.449650107030137e-06	-0.0063031577469395	-5.929310023479579e-14	-3.7192351763468535e-11	-0.3843226423228691	-0.0198356535184974	0.0003934531505038	0.1477038934020303	0.2573904861572059	0.0094959856725005	9.017374389200091e-05	0.0662498623642423	0.6480862583562863	0.0218100448030747	0.0004756780543119	0.4200157982702509	0.0189561374454104	0.0006769144788597	4.582132111312965e-07	0.0003593351468478	0.0042767338154296	-5.304875447529525e-06	2.814139019523513e-11	1.8290452127799053e-05	0.007678775329098	-0.0001013537606631	1.0272583752319331e-08	5.896359055484686e-05	-0.0726676593999991	-0.0240075741000004	0.1028845713000009	1
1.9212062876130983e-05	-0.0037994611173315	-3.5723148494337275e-14	1.4555881445011385e-11	-0.386473922072495	-0.0021512797496244	4.628004559449032e-06	0.1493620924420952	0.2782762549638423	0.0208857688066357	0.000436215338644	0.0774376740767014	0.6349304716193976	-0.0131557867368895	0.0001730747246663	0.4031367037908304	0.0194543518218981	0.0004982143764888	2.482175647487419e-07	0.0003784718048085	0.0043278017314307	5.106791600150816e-05	2.607930902853141e-09	1.8729867826325422e-05	0.0077432593274575	6.448399835937457e-05	4.158185449788541e-09	5.995806501193792e-05	-0.0745310339999992	-0.0192567962000003	0.0993899282000009	1
0.0037823992264039	-0.0019860321512556	6.822040364522122e-14	-5.596202620906992e-12	-0.3723291596430701	0.0141447624294257	0.0002000743041832	0.1386290031205133	0.2463744372122674	-0.031901817751576	0.0010177259758535	0.0607003633116608	0.648682425141458	0.0137519535220598	0.0001891162256727	0.4207888886874038	0.0186431824912714	-0.0008111693306273	6.579956829357771e-07	0.0003475682534015	0.0041451188347679	-0.0001826828966622	3.337303937633622e-08	1.7182010154482285e-05	0.0078511586040065	0.0001078992765497	1.1642252521906454e-08	6.164069142568225e-05	-0.0763617166999994	-0.0144722352000002	0.0955030384000008	1
0.063998814685222	-0.0009252049485357	7.209265717704806e-14	2.114255227632069e-12	-0.372288029333018	4.1130310053275054e-05	1.6917008864425835e-09	0.1385983767846611	0.2336479782948254	-0.0127264589174425	0.0001619627565765	0.054591377761259	0.6214589891613252	-0.0272234359801344	0.0007411154665643	0.3862112752094153	0.018204139479746	-0.0004390430115251	1.9275876437216405e-07	0.0003313906941977	0.0045460048197979	0.0004008859850304	1.607095719472472e-07	2.066615982338926e-05	0.0078058986915352	-4.525991247180964e-05	2.048457408574568e-09	6.093205438276301e-05	-0.0781589046999993	-0.0096622851	0.0912392418000011	1
0.1057962398557565	-0.0003909188373936	-9.116286072373197e-13	-7.823966445418676e-13	-0.352044433399127	0.0202435959338928	0.0004098031763336	0.1239352830873108	0.2481718556202848	0.0145238773254589	0.000210943012565	0.0615892699220162	0.587766950207324	-0.0336920389540024	0.0011351534888779	0.3454699877560173	0.0181512662508406	-5.2873228904525685e-05	2.7955775473694433e-09	0.0003294684665085	0.0048920229365495	0.0003460181167522	1.1972853541500282e-07	2.3931888414160863e-05	0.0076063541014793	-0.0001995445900565	3.981804165181227e-08	5.785662271670769e-05	-0.0799218095999995	-0.0048353839999997	0.0866153656000013	1
0.0729686205453768	-0.0001521824035809	4.303831451465282e-12	2.852885118036052e-13	-0.3721047704646289	-0.0200603370655007	0.0004024171231797	0.1384619602025328	0.2277917531975071	-0.0203801024227784	0.0004153485747623	0.0518890828247941	0.6030888666901989	0.0153219164828752	0.0002347611247072	0.363716181125668	0.0187184691396445	0.0005672028888023	3.217191165230081e-07	0.0003503810869331	0.0044499463970912	-0.0004420765394615	1.954316674755525e-07	1.980202293817445e-05	0.0076371403884977	3.078628701888366e-05	9.477945162897318e-10	5.832591331337338e-05	-0.0816496580999995	5.1798773029233824e-17	0.0816496581000011	1
0.0317778433639372	-5.1911979996581225e-05	-1.6210845720910207e-11	-1.0139683052398965e-13	-0.3833248930772559	-0.0112201226126261	0.0001258911514402	0.1469379736526885	0.2331107872574728	0.005319034059965	2.8292123330975013e-05	0.0543406391357982	0.6426026384088882	0.0395137717186883	0.0015613381554361	0.4129381508900639	0.0185751512877313	-0.0001433178519141	2.054000636805876e-08	0.0003450362453617	0.004121039908003	-0.0003289064890898	1.081794790250905e-07	1.698296992391134e-05	0.0076569955373112	1.985514881385696e-05	3.94226121380792e-10	5.862958065784389e-05	-0.0833416923999996	0.004835384	0.0763617167000006	1
0.006463927419872	9.354739286805114e-06	5.495707009682162e-11	3.550956464073559e-14	-0.3837716850602505	-0.0004467919829935	1.996230743620569e-07	0.147280706253983	0.2438855621069955	0.0107747748495224	0.0001160957730576	0.0594801674042449	0.6433785859895657	0.0007759475806767	6.02094647905195e-07	0.4139360049099331	0.0189612767382725	0.0003861254505421	1.490928635766409e-07	0.0003595300155447	0.0042248094099145	0.0001037695019113	1.0768107998209029e-08	1.78490145511339e-05	0.0079487899117373	0.0002917943744265	8.514395567223668e-08	6.318326106052249e-05	-0.0849971702999996	0.0096622851	0.0707724105000005	1
-0.0054432241593989	-1.800247024072098e-05	-1.7494472553951847e-10	-1.2122711904297294e-14	-0.3910409533802383	-0.0072692683199862	5.28422619062152e-05	0.1529130272205247	0.2466524677695215	0.002766905662525	7.655766944922743e-06	0.0608374398567944	0.6357920213885531	-0.0075865646010139	5.755596244500154e-05	0.404231494461342	0.0188602771938964	-0.0001009995443756	1.0200907593046353e-08	0.0003557100558299	0.0039019258291429	-0.0003228835807719	1.0425380717512473e-07	1.5225025176226147e-05	0.0077960147273291	-0.000152775184408	2.334025646722587e-08	6.077784562848661e-05	-0.0866153655999996	0.0144722352	0.0649037979000004	1
-0.0092675988984121	3.707734249425452e-05	5.333448070565585e-10	3.906609059553646e-15	-0.3864949308522487	0.0045460225279909	2.066632082330602e-05	0.1493783315744832	0.2451831711750851	-0.0014692965944368	2.1588324820264845e-06	0.0601147874274706	0.6474815635792613	0.011689542190708	0.000136645396628	0.4192323751750454	0.0190081689381672	0.0001478917442711	2.187196844971212e-08	0.0003613104863813	0.0037789376281376	-0.0001229882010049	1.5126097627190625e-08	1.428036959734862e-05	0.0075798725545663	-0.000216142172762	4.6717438377849375e-08	5.745446794289802e-05	-0.0881955684999997	0.0192567962000001	0.0587790397000002	1
-0.0085859912514108	-7.031966163368235e-05	-1.5739758163113634e-09	-1.368952643029777e-15	-0.3902750369754504	-0.0037801061232003	1.4289202301271502e-05	0.1523146044861875	0.2726951087526287	0.0275119375775432	0.0007569067092708	0.0743626223376083	0.6266347800370357	-0.0208467835422268	0.0004345883840563	0.3926711475520644	0.0199517315379336	0.0009435625997678	8.903103801292065e-07	0.0003980715913613	0.0039529985847519	0.0001740609566151	3.0297216343849246e-08	1.5626197810626246e-05	0.0075729239573676	-6.948597198828344e-06	4.8283068882411256e-11	5.734917726304809e-05	-0.0897370859999998	0.0240075741000002	0.0524223074000002	1
-0.0061180684540076	0.0001145376792604	4.519076687127419e-09	2.618991594121352e-16	-0.391259690658129	-0.0009846536826772	9.695428732827972e-07	0.1530841455338934	0.2617065195346696	-0.01098858921796	0.0001207490930005	0.0684903023669503	0.6308004986173034	0.0041657185802669	1.735321128939501e-05	0.3979092690558386	0.0200546977262271	0.0001029661882929	1.060203653781444e-08	0.0004021909008907	0.0038761320791261	-7.686650562554146e-05	5.908459695976922e-09	1.5024399894609164e-05	0.0077470231919289	0.0001740992345618	3.031054332911302e-08	6.001636833561631e-05	-0.0912392417999999	0.0287162347000002	0.0458586883000002	1
-0.0036464198591754	-0.0002717137331213	-1.2666300332115028e-08	-1.9285564405697624e-16	-0.3957476460350028	-0.0044879553768724	2.0141743463253068e-05	0.1566161993422447	0.2646414357465117	0.0029349162118414	8.613733170302163e-06	0.0700350895139751	0.6206757356551258	-0.0101247629621791	0.0001025108250396	0.3852383688310311	0.0208714830650708	0.0008167853388434	6.671382908936943e-07	0.0004356188053374	0.0037163181427288	-0.0001598139363973	2.554049401743032e-08	1.3811020536900789e-05	0.0080357054630493	0.0002886822711204	8.333745348136263e-08	6.45725622883636e-05	-0.0927013770999998	0.0333745172000002	0.0391140859000001	1
-0.0018898775374343	0.0058508296635674	3.4823477930431775e-08	-6.551749280690407e-17	-0.4032855966108841	-0.007537950575879	5.68206988831038e-05	0.162639272433795	0.2841296266297921	0.0194881908832795	0.0003797895839031	0.0807296447287859	0.5588762771605205	-0.0617994584946063	0.0038191730702254	0.3123426931728011	0.0213016922807268	0.0004302092156563	1.850799693091971e-07	0.000453762094025	0.0036579176280221	-5.840051470617512e-05	3.410620554417749e-09	1.3380361371462877e-05	0.0081160853995868	8.037993653668118e-05	6.4609343583911845e-09	6.587084221278395e-05	-0.0941228504999999	0.0379742494000003	0.0322151180000003	1
-0.0008742269914953	0.0692226843811835	-9.40395127304736e-08	1.3123754943421243e-16	-0.3951568281893267	0.0081287684215583	6.607687604965332e-05	0.156148918864647	0.2657910357661703	-0.0183385908636223	0.0003363039148631	0.0706448746936539	0.6323809905668005	0.0735047134062804	0.0054029428929382	0.3999057172302476	0.0207127124507715	-0.000588979829957	3.4689724076391504e-07	0.0004290164570693	0.0039101070780157	0.0002521894499935	6.35995188582518e-08	1.5288937361397788e-05	0.0080259914621217	-9.009393746505264e-05	8.116916624856331e-09	6.441653894988124e-05	-0.0955030384000006	0.0425073619000004	0.0251890117999998	1
-0.0003663538642908	0.1053087634939732	2.495942284995632e-07	1.8249220623528159e-16	-0.3917943677714083	0.0033624604179197	1.1306140061057665e-05	0.1535028266173956	0.2563192727636045	-0.0094717630025661	8.971429437660857e-05	0.0656995695900635	0.6292770765386552	-0.0031039140281458	9.634282293273175e-06	0.3959896390570369	0.0205803788690232	-0.0001323335817485	1.7512177371173346e-08	0.0004235519943944	0.0036953709071422	-0.0002147361708744	4.61116230697061e-08	1.3655766141522e-05	0.0081069479555799	8.095649345777325e-05	6.553953399625749e-09	6.572260515483929e-05	-0.0968413356000007	0.0469659021000005	0.0180634960999996	1
-0.0001437462709524	0.069747317991297	-6.510797776688661e-07	9.02842695527715e-17	-0.389796886547939	0.0019974812234707	3.989931237101456e-06	0.1519416127624651	0.2566409914097103	0.0003217186461051	1.035028872369211e-07	0.0658645984717595	0.6179067774567659	-0.0113702990818903	0.0001292837012108	0.3818087856270054	0.0200988775760771	-0.0004815012929467	2.3184349537886086e-07	0.0004039648798191	0.0036063895712692	-8.898133587224228e-05	7.917677825430614e-09	1.3006045739149532e-05	0.0082552136350135	0.0001482656794335	2.1982711225604092e-08	6.814855216014549e-05	-0.0981371550000005	0.0513420481000006	0.0108666919999996	1
-4.3091676945613895e-05	0.0294825716013189	1.6680838843813615e-06	-2.1996406020579077e-17	-0.3893861412836915	0.0004107452642485	1.6871167076994017e-07	0.1516215670238014	0.2459453004844924	-0.0106956909252184	0.0001143978043675	0.0604890908304074	0.6376790544372274	0.0197722769804608	0.0003909429369914	0.406634576467957	0.0196122857892057	-0.0004865917868723	2.3677156740438733e-07	0.0003846417538778	0.0036199421409265	1.3552569657965232e-05	1.8367216284626242e-10	1.3103981103165426e-05	0.0082129152721706	-4.229836284222788e-05	1.7891507439464071e-09	6.745197726821765e-05	-0.0993899282000004	0.0556281227000006	0.0036270019999995	1
2.48434775503838e-06	0.0052598185297204	-4.191538173888171e-06	-6.575236780866118e-17	-0.4049998144532165	-0.0156136731695243	0.0002437867898426	0.1640248497071391	0.2294836791779163	-0.0164616213065764	0.0002709849760406	0.0526627590090321	0.6716837874388367	0.0340047330016086	0.0011563218665105	0.4511591103081819	0.0197554184927707	0.000143132703564	2.0486971118769147e-08	0.0003902765598254	0.0035311320431637	-8.881009776360763e-05	7.887233712790531e-09	1.2468893506316236e-05	0.0083750705213149	0.0001621552491452	2.6294323938860657e-08	7.014180623726952e-05	-0.1005991057000002	0.0598166067000006	-0.0036270020000007	1
-9.41935305631168e-07	-0.0059213205707354	1.0299349330419003e-05	-7.758727015470007e-17	-0.4099284811460365	-0.0049286666928183	2.429175536723144e-05	0.1680413596546956	0.2654229806097271	0.0359393014318105	0.0012916333874071	0.0704493586357516	0.6593610906935077	-0.0123226967453306	0.0001518488550775	0.434757047920533	0.0205815074866549	0.0008260889938857	6.824230264391913e-07	0.0004235984504239	0.0036341539058667	0.0001030218627037	1.0613504449142684e-08	1.3207074611106778e-05	0.0081830925408587	-0.0001919779804561	3.685554483034231e-08	6.696300353169027e-05	-0.1017641571	0.0639001520000007	-0.0108666920000007	1
3.329228592633509e-07	-0.0093321806967046	-2.468099266359546e-05	-1.3335268807947106e-16	-0.4081685527482619	0.0017599283977758	3.0973479636820597e-06	0.1666015674526101	0.2559759074966332	-0.0094470731130948	8.924719040375549e-05	0.0655236652187246	0.6509759682669756	-0.0083851224265328	7.031027810764051e-05	0.4237697112611274	0.0202933972771987	-0.000288110209456	8.300749333122593e-08	0.000411821973051	0.0036439709281649	9.817022299070748e-06	9.637429621814358e-11	1.3278524125608012e-05	0.0081839899779541	8.974370963186941e-07	8.05106382700201e-13	6.69776919588839e-05	-0.1028845713000002	0.0678715947000006	-0.0180634961000007	1
-1.1611004719995087e-07	-0.0084443265347273	5.7327710728644525e-05	-1.1668346055792878e-16	-0.417485281282663	-0.0093167285343995	8.680143058174509e-05	0.1742939600876635	0.2576321913596324	0.0016562838629988	2.743276234739168e-06	0.0663743460247659	0.6638973625135794	0.0129213942466028	0.0001669624292757	0.4407597079524884	0.0201695700257911	-0.0001238272514074	1.5333188523343955e-08	0.0004068115550256	0.0036467261443039	2.7552161389617223e-06	7.592401044851846e-12	1.3298611572030172e-05	0.0080611597435538	-0.0001228302343997	1.5087266557314172e-08	6.498229641036873e-05	-0.1039598570000001	0.0717239676000007	-0.0251890118000009	1
6.41360059746178e-08	-0.0059324178212743	-0.0001255061023461	-1.4521069103298222e-16	-0.4155505491572147	0.0019347321254499	3.7431883957092016e-06	0.1726822589048617	0.2715506359949979	0.013918444635365	0.0001937231010677	0.0737397479092881	0.6348658761845906	-0.0290314863289909	0.0008428271984699	0.4030546807436278	0.0206687849350339	0.000499214909244	2.49215526432757e-07	0.0004271986706916	0.0037208623451533	7.413620085014379e-05	5.496176467554095e-09	1.3844816592106292e-05	0.0081190339770109	5.787423345734812e-05	3.3494272721847107e-09	6.591871271883962e-05	-0.1049895425000002	0.0754505123000008	-0.0322151180000009	1
-1.026300977849599e-07	-0.0034978035355654	0.0002580201471168	-1.365400716796816e-16	-0.4150720988524457	0.0004784503047702	2.289146925911303e-07	0.1722848472457734	0.2827904228804099	0.0112397868854112	0.0001263328092296	0.0799704232728816	0.6325988184857317	-0.0022670576988597	5.139550609215062e-06	0.4001812651495435	0.0205377788248014	-0.0001310061102321	1.7162601821558138e-08	0.0004218003590563	0.0036640605879615	-5.680175719090802e-05	3.2264400945821683e-09	1.3425339991792604e-05	0.0082398674210653	0.0001208334440542	1.4600722074088136e-08	6.789541511597817e-05	-0.1059731760000003	0.0790446912000008	-0.0391140859000009	1
2.595407042435308e-07	-0.0017971966765781	-0.0006432264193111	-1.2908973783681626e-16	-0.4307001462785795	-0.0156280474261323	0.0002442358663512	0.1855026160043889	0.2807333647680391	-0.0020570581123715	4.231488077699536e-06	0.078811222093985	0.6547784473245448	0.0221796288388128	0.0004919359354266	0.4287348150807421	0.0207317345697283	0.0001939557449264	3.7618831417273844e-08	0.0004298048182696	0.0037449723502571	8.091176229550231e-05	6.5467149516917365e-09	1.4024817904492952e-05	0.0081041745322176	-0.0001356928888471	1.8412560922215548e-08	6.567764484771863e-05	-0.1069103263000002	0.0825001988000007	-0.0458586883000012	1
-6.881487653823246e-07	-0.0008253210449081	0.0085867535925019	-8.806580323456832e-17	-0.4321231927860064	-0.0014230465074247	2.02506136082295e-06	0.1867304537435707	0.3137098161198399	0.0329764513518002	0.0010874463437583	0.0984138487299451	0.6046107353067629	-0.0501677120177834	0.0025167993290984	0.3655541412481838	0.0212848973573205	0.0005531627875938	3.059890703613083e-07	0.0004530468555115	0.0035868581387985	-0.0001581142114575	2.5000104877599143e-08	1.2865551306728232e-05	0.0081648743789663	6.069984674785602e-05	3.68447376085637e-09	6.666517362278157e-05	-0.1078005821000002	0.0858109730000009	-0.0524223074000009	1
1.8024244726410315e-06	-0.0003435797640201	0.0746039713636866	2.619149180234527e-16	-0.4181234528599572	0.0139997399260511	0.0001959927179955	0.1748272218315314	0.2935659553514828	-0.0201438607683583	0.0004057751266547	0.0861809701414295	0.5967410192274224	-0.0078697160793415	6.193243116779244e-05	0.356099844028581	0.0205903337542364	-0.0006945636030862	4.824185997052383e-07	0.0004239618441115	0.0035507477553746	-3.611038342283541e-05	1.3039606258002506e-09	1.2607809621856166e-05	0.0081899364543112	2.506207534460064e-05	6.281087890336363e-10	6.707505912435087e-05	-0.108643553	0.088971205600001	-0.0587790397000006	1
-4.631160704402714e-06	-0.0001344942584621	0.1046370621574881	4.60072253779633e-16	-0.4136387144364428	0.0044847384235157	2.011287872544891e-05	0.1710969860806312	0.284849121037652	-0.008716834313831	7.59832004550112e-05	0.0811390217559234	0.639580336329472	0.0428393171020503	0.0018352070897691	0.4090630066193204	0.0201832262894441	-0.0004071074647937	1.657364885327189e-07	0.000407362623451	0.0039058230709626	0.0003550753155882	1.260784811409511e-07	1.5255453862735706e-05	0.0079630144409929	-0.0002269220133184	5.1493600649419376e-08	6.340959898573936e-05	-0.1094388692999999	0.0919753525000011	-0.0649037979000009	1
1.1671888277059652e-05	-3.77668572230608e-05	0.0655150736262533	2.3293044177246434e-16	-0.4408267654096375	-0.0271880509731929	0.000739190115719	0.1943282371015224	0.2962282164864547	0.011379095448802	0.0001294838132331	0.0877511562427468	0.5962714751603629	-0.0433088611691104	0.0018756574557638	0.355539672089914	0.0187770434646899	-0.0014061828247539	1.977350134932539e-06	0.0003525773612719	0.0041522184942152	0.0002463954232516	6.071070392649311e-08	1.724091842518284e-05	0.0089219652863474	0.0009589508453537	9.195867251601332e-07	7.960146457003008e-05	-0.1101861820999999	0.094818143400001	-0.0707724105000009	1
-2.882668733595566e-05	2.961210960950965e-06	0.0366070204075321	7.903667979839192e-17	-0.4220963551950921	0.0187304102145464	0.000350828266803	0.1781653330689811	0.2387944215652871	-0.0574337949211687	0.003298640799046	0.0570227757706995	0.6452817378657288	0.0490102627053663	0.0024020058504473	0.416388521223016	0.0171194605917156	-0.0016575828729763	2.7475809819459707e-06	0.0002930759309487	0.0027470980320673	-0.0014051204621501	1.974363511979621e-06	7.546547596273493e-06	0.0100854160029412	0.0011634507165945	1.353617570489015e-06	0.0001017156159551	-0.1108851636000002	0.097494591000001	-0.0763617167000013	1
6.947166864239384e-05	-1.0694184938160355e-06	0.0805322798022763	3.4206139295288463e-16	-0.4194231688942952	0.0026731863007983	7.145924996781892e-06	0.1759157946053318	0.2454663443629373	0.0066719227976503	4.45145538181063e-05	0.0602537262149039	0.6612343431730485	0.0159526053073185	0.0002544856160907	0.4372308565914941	0.0175413783641482	0.0004219177724328	1.780146068822756e-07	0.0003076999549122	0.0025551815060393	-0.000191916526027	3.6831952530996914e-08	6.52895252679888e-06	0.0093414636567517	-0.0007439523461912	5.534650932623293e-07	8.72629432526536e-05	-0.1115355071999999	0.1000000000000013	-0.0816496581000015	1
-0.000159762721647	3.851423931425074e-07	0.0975032045074551	3.947017330534316e-16	-0.4069325268954996	0.0124906419987967	0.0001560161375403	0.1655940814455557	0.2329070476474002	-0.0125592967155373	0.0001577359339886	0.0542456928438278	0.6735661580578087	0.0123318148847592	0.000152073658352	0.4536913692807585	0.0177214128047393	0.0001800344405912	3.2412400496250764e-08	0.0003140484717948	0.0025768458139939	2.1664307955595803e-05	4.693405366020095e-10	6.640134347931941e-06	0.0092645448814135	-7.691877533818673e-05	5.916497366931342e-09	8.58317918616486e-05	-0.1121369275999999	0.1023299750000014	-0.0866153656000014	1
0.000349735939973	-1.3015785833152706e-07	0.0557122647626879	1.6668884254003742e-16	-0.4233385192504473	-0.016405992354946	0.0002691565851484	0.1792155018811611	0.2084463559120717	-0.0244606917353287	0.0005983254401702	0.0434498832930213	0.6617164564201508	-0.0118497016376592	0.0001404154289011	0.4378686686972428	0.0171430303261681	-0.0005783824785709	3.345262904343445e-07	0.0002938834887632	0.0022913696320127	-0.0002854761819818	8.149665155714039e-08	5.250374790183616e-06	0.0088851414220907	-0.0003794034593227	1.4394698475822385e-07	7.894573809218428e-05	-0.112689161	0.1044804285000012	-0.0912392418000017	1
-0.0008817688225645	4.1441515035012486e-08	0.0180120167673831	-1.184566441714518e-17	-0.4374685345706242	-0.0141300153201752	0.0001996573329459	0.1913787187393699	0.198601609927406	-0.0098447459846657	9.691902350224716e-05	0.0394425994657564	0.6539480032409258	-0.0077684531792255	6.034886479688651e-05	0.4276479909427959	0.0167705017004748	-0.0003725286256928	1.387775760013457e-07	0.0002812497272845	0.002183195107145	-0.0001081745248684	1.1701728187236149e-08	4.766340876307468e-06	0.0088259361759205	-5.920524616967171e-05	3.505260983013004e-09	7.789714938226478e-05	-0.1131919653000002	0.1064475877000011	-0.0955030384000017	1
0.0108289853490948	-1.24889774449112e-08	-0.0021040133928356	2.408951788039068e-18	-0.4606498063239971	-0.0231812717533711	0.0005373713601006	0.2121982440663374	0.2069249893737301	0.0083233794463238	6.927864540746491e-05	0.0428179512273171	0.6520025803472994	-0.0019454228936279	3.784670233534935e-06	0.4251073647795378	0.01711387676602	0.0003433750655452	1.1790643456961401e-07	0.0002928847779615	0.0020693431244902	-0.0001138519826559	1.2962275595260537e-08	4.282180967778861e-06	0.0084910251100987	-0.0003349110658217	1.1216542259547564e-07	7.209750741999914e-05	-0.1136451198000002	0.108228001800001	-0.0993899282000018	1
0.0786901092317288	3.4247027624872397e-09	-0.0098892316786704	4.650927908501279e-16	-0.480455908420933	-0.0198061020969341	0.0003922816802704	0.2308378799365861	0.2328624791262948	0.0259374897525649	0.0006727533746648	0.0542249341848429	0.679111693829127	0.027109113481827	0.000734904033769	0.4611926926954676	0.0178806306572896	0.0007667538912691	5.879115291649629e-07	0.0003197169527015	0.0021997834534139	0.0001304403289229	1.7014681325443652e-08	4.839047242599562e-06	0.0082851045159839	-0.000205920594115	4.2403292604218935e-08	6.864295683931931e-05	-0.1140484259000002	0.1098185471000011	-0.1028845713000018	1
0.1033041946280409	-7.833474539148934e-10	-0.0110892878543621	5.594749982329285e-16	-0.4713214731515305	0.0091344352694045	8.343790768755712e-05	0.2221439310537314	0.2153819833249438	-0.0174804958013515	0.0003055677334605	0.0463893987409847	0.6856637614258704	0.0065520675967423	4.292958979096755e-05	0.4701347937326749	0.0185400780181661	0.0006594473608759	4.3487082222435573e-07	0.0003437344929207	0.0024389040041749	0.0002391205507607	5.71786378882753e-08	5.948252743372669e-06	0.0084842351916239	0.0001991306756408	3.965302651851207e-08	7.19822467855305e-05	-0.1144017065000003	0.1112164334000011	-0.1059731760000018	1
0.0636514692585607	9.865179352178576e-11	-0.009000174891692	2.1883164077061647e-16	-0.4333723795984645	0.0379490935530693	0.0014401337014978	0.1878116193988366	0.2082875631708828	-0.0070944201540613	5.033079732178897e-05	0.0433837089716643	0.5833046996508942	-0.1023590617749789	0.0104773775274533	0.3402443726348196	0.0167060338139229	-0.0018340442042414	3.3637181426501914e-06	0.0002790915657918	0.0022631968738631	-0.0001757071303097	3.08729934402689e-08	5.122060091111496e-06	0.0089188456288952	0.0004346104372705	1.888862325530717e-07	7.954580735245809e-05	-0.1147048067000002	0.1124192083000014	-0.1086435530000015	1
0.0253303888401679	3.7790685482109606e-11	-0.0059849450531882	-2.0532182377796684e-16	-0.4138296597059536	0.0195427198925147	0.0003819179007966	0.1712549872523448	0.1862851471732221	-0.022002415997662	0.0004841063097326	0.0347021560573495	0.3656356193496582	-0.2176690803012392	0.0473798285191889	0.133689406137206	0.0159418329769607	-0.0007642008369594	5.840029173147715e-07	0.0002541420386664	0.0013246931561814	-0.0009385037176817	8.807892273737136e-07	1.754811958943662e-06	0.0093571762050802	0.000438330576185	1.9213369519948925e-07	8.755674653430414e-05	-0.1149575937000007	0.1134247617000009	-0.110885163600001	1
0.003160128924556	-4.265177949716823e-11	-0.003411557431219	-5.278672416718077e-16	-0.4399812632677852	-0.0261516035618277	0.0006839063688536	0.1935835120267144	0.1735272881319929	-0.0127578590412305	0.0001627629673141	0.0301117197264428	0.1713977578626159	-0.1942378614870422	0.0377283468350577	0.0293771914003292	0.016533774757998	0.0005919417810337	3.503950705671039e-07	0.0002733657077463	0.0020839963244997	0.0007593031683163	5.76541301337745e-07	4.343040680099701e-06	0.009472572935673	0.0001153967305942	1.3316404329359345e-08	8.972963802080297e-05	-0.1151599564000021	0.1142313294999994	-0.1126891610000011	1
-0.0067624984733126	2.7429523905263388e-11	-0.0017056938324457	5.3773946528154877e-17	-0.4261468981647168	0.0138343651030673	0.0001913896578001	0.1816011788154078	0.1622524287447346	-0.0112748593872576	0.000127122454203	0.0263258506335651	0.5044087628098013	0.3330110049471874	0.110896329415939	0.2544281999993126	0.0161485511584604	-0.000385223599535	1.4839722108718958e-07	0.0002607757045175	0.0017171073125723	-0.000366889011926	1.3460754729266768e-07	2.9484575227145664e-06	0.009345387579962	-0.0001271853557122	1.6176114999257965e-08	8.733626901955635e-05	-0.1153118061000008	0.1148374968000012	-0.1140484259000012	1
-0.0093101011525356	-1.697501392686272e-11	-0.0007425038171815	-1.5452663339707735e-16	-0.4309052420146876	-0.0047583438499694	2.2641836191987592e-05	0.1856793275957366	0.1638777937086479	0.0016253649639136	2.641811266233843e-06	0.0268559312708136	0.5519384085759625	0.0475296457661619	0.0022590672266535	0.3046360068613654	0.0175111209080655	0.0013625697496027	1.8565963237382371e-06	0.0003066393554582	0.0019066256774574	0.0001895183648847	3.5917208410991255e-08	3.635221472998982e-06	0.0096442097214358	0.0002988221414721	8.929467004470637e-08	9.301078115197766e-05	-0.1154130763000006	0.1152422001000012	-0.1149575937000016	1
-0.0085820167632189	1.9968902299124868e-11	-0.000367997130831	-2.3146568697172113e-16	-0.4143014498275183	0.0166037921871711	0.0002756859149932	0.1716456913291838	0.1741060358147289	0.0102282421060808	0.0001046169365808	0.0303129117071195	0.5099611941629391	-0.0419772144130244	0.0017620865298743	0.2600604195520893	0.0176341553932976	0.0001230344852305	1.5137485279131735e-08	0.0003109634364369	0.0016120918995105	-0.0002945337779461	8.675014484117182e-08	2.598840291524013e-06	0.0095191749697198	-0.0001250347517174	1.563368734238323e-08	9.061469210545052e-05	-0.1154637225000006	0.1154447293000013	-0.1154130763000015	1
