trial_type.negative_nonmusic	trial_type.positive_nonmusic	trial_type.response	trial_type.tones	trans_x	trans_x_derivative1	trans_x_derivative1_power2	trans_x_power2	trans_y	trans_y_derivative1	trans_y_derivative1_power2	trans_y_power2	trans_z	trans_z_derivative1	trans_z_derivative1_power2	trans_z_power2	rot_x	rot_x_derivative1	rot_x_derivative1_power2	rot_x_power2	rot_y	rot_y_derivative1	rot_y_derivative1_power2	rot_y_power2	rot_z	rot_z_derivative1	rot_z_derivative1_power2	rot_z_power2	cosine00	cosine01	intercept
-2.570388042264306e-15	-5.0008982461607375e-08	2.161119204901519e-07	-0.0090906756519744	0.0395344999999989	-8.879190372054009e-16	-2.692372409320807e-15	0.0015629766902447	7.248979999888329e-06	-4.446003745412996e-18	-5.465397801076166e-16	5.254743480089458e-11	0.0658483000000013	1.0481275758192074e-15	2.3220678718877743e-16	0.0043359986128904	0.000890095000001	5.314608463479165e-16	5.00661038341783e-16	7.922691099838543e-07	0.0011240699999997	3.173420308528804e-16	-5.094433486026565e-16	1.2635333636913545e-06	-0.0005228829999989	4.484346407511558e-16	2.236302443177893e-16	2.734066324877096e-07	0.1677951982000009	0.167671998000002	1
-2.21609990725116e-15	1.5896084983810286e-07	-6.622009356237686e-07	0.1134346552197134	0.0596312000000015	0.0200967000000019	0.0004038773508934	0.0035558800134446	0.0159956000000014	0.0159883510200017	0.0002556273683397	0.0002558592193612	0.0599041000000006	-0.0059441999999999	3.5333513639576986e-05	0.0035885011968095	0.0008900949999989	-4.087486457859003e-16	-9.227799839825453e-16	7.922691083311596e-07	0.0015172600000001	0.0003931900000004	1.5459837696361097e-07	2.3020779101332896e-06	-0.0005633060000008	-4.042300000074199e-05	1.634018480370763e-09	3.173136493520884e-07	0.167466731200001	0.1663597372000018	1
-2.7525900859687878e-17	-4.884420359074962e-07	1.978683242869476e-06	0.6676264038960634	0.0542005000000017	-0.0054307000000016	2.949250248862304e-05	0.0029376942002543	0.0125542000000004	-0.0034414000000006	1.1843233958269433e-05	0.0001576079376384	0.0601892000000007	0.0002851000000003	8.128200970813466e-08	0.0036227397966399	0.0006018860000003	-0.0002882090000002	8.306442830453182e-08	3.622667554800499e-07	0.0011817799999996	-0.0003354800000017	1.1254682918435415e-07	1.396603965447123e-06	-0.0006791280000014	-0.0001158219999997	1.3414736709697669e-08	4.61214841363701e-07	0.1668104403000014	0.1637454860000023	1
2.040308825861956e-15	1.4576227185802418e-06	-5.775028919036505e-06	1.0677623330937092	0.0464000000000006	-0.0078005000000009	6.0847800249108965e-05	0.0021529599999988	0.0244670000000008	0.0119128000000011	0.0001419148038388	0.0005986340890009	0.0480223999999998	-0.0121668000000014	0.0001480310222398	0.002306150901758	0.0004854760000002	-0.0001164099999999	1.3551287599239014e-08	2.356869465695539e-07	0.0010531399999992	-0.000128640000001	1.6548249171932912e-08	1.1091038598208349e-06	-0.0006339700000003	4.515800000120047e-05	2.039245574310888e-09	4.0191796281089996e-07	0.1658276100000019	0.1598497044000027	1
1.65537018468252e-15	-4.253944723504133e-06	1.6543535851561257e-05	1.1430037685206564	0.0484869	0.002086900000001	4.355151610102032e-06	0.0023509794716116	0.0192814000000007	-0.0051856000000012	2.689044735915365e-05	0.0003717723859589	0.0549075000000006	0.0068851000000009	4.740460200895025e-05	0.0030148335562501	0.0006431950000009	0.0001577190000005	2.48752827493193e-08	4.1369980740129085e-07	0.0010531399999993	7.396120775141124e-16	-1.838770875620892e-15	1.1091038587597662e-06	-0.000686712000001	-5.274200000117285e-05	2.781719025511112e-09	4.715733754795447e-07	0.1645201644000019	0.1547028820000026	1
3.805505448951449e-15	1.2199998531013396e-05	-4.668082629425944e-05	1.1072965232635883	0.0519031000000008	0.0034162000000012	1.167042243892059e-05	0.0026939317896112	0.0359919000000022	0.0167105000000007	0.0002792408102509	0.0012954168656143	0.0602377000000009	0.0053302000000001	2.8411032039556747e-05	0.0036285805012903	0.0007862150000002	0.0001430200000003	2.045471996916123e-08	6.181340258043839e-07	0.0012126599999996	0.000159520000001	2.5446630467232185e-08	1.4705442786884068e-06	-0.0005945740000001	9.213799999973297e-05	8.489412308684491e-09	3.535182425491456e-07	0.1628906629000015	0.1483452999000024	1
-3.889520469514135e-15	-3.43514228102786e-05	0.0001295636292204	1.0527386501026064	0.0435415	-0.0083616000000008	6.991635455987975e-05	0.0018958622222485	0.0247759000000018	-0.0112160000000022	0.0001257986559991	0.0006138452208103	0.0602111000000012	-2.659999999967472e-05	7.075596513735008e-10	0.0036253765632105	0.0006096290000011	-0.0001765860000001	3.118261509673848e-08	3.71647517564038e-07	0.0007818499999981	-0.0004308100000009	1.855972581934669e-07	6.112894180939808e-07	-0.0006077400000003	-1.316600000062878e-05	1.7334207460478909e-10	3.693479091938626e-07	0.1609422953000011	0.1408267146000022	1
1.7932867379177575e-14	9.552030220071132e-05	-0.000355634873493	1.0201120379549864	0.0463308	0.0027893000000009	7.780194489657227e-06	0.0021465430286406	0.021309900000001	-0.003466000000001	1.2013155999596704e-05	0.0004541118380095	0.0603079000000017	9.680000000013244e-05	9.37023948992277e-09	0.0036370428024113	0.0007375890000015	0.0001279599999998	1.6373762143425378e-08	5.440375325888124e-07	0.0011630299999998	0.0003811800000032	1.4529819398729998e-07	1.3526387833794762e-06	-0.0004175009999991	0.0001902390000009	3.619087777444555e-08	1.7430708139273278e-07	0.1586788755000011	0.132205969400002	1
-4.5710477717567056e-14	-0.000261826730514	0.0009630666193985	1.0050502017123448	0.0418352999999998	-0.0044955	2.0209520249562247e-05	0.0017501923260885	0.0195662000000007	-0.0017437000000008	3.040489689517566e-06	0.0003828361824392	0.0602969000000017	-1.1000000000017044e-05	1.209995571787856e-10	0.0036357161496115	0.0003849580000007	-0.000352631000001	1.2434862391907014e-07	1.4819266069418468e-07	0.0010061700000001	-0.0001568600000002	2.4605057885169626e-08	1.012378069449011e-06	-0.000417500999998	-9.412334581397034e-16	-1.3273201143995948e-15	1.743070813739965e-07	0.1561048344000009	0.122550533200002	1
1.353613674674118e-13	0.0007097552144632	-0.0025430597608353	1.003163404309546	0.046312300000001	0.0044770000000007	2.004352899852563e-05	0.0021448291312884	0.027380700000002	0.0078145000000007	6.106641024886499e-05	0.0007497027324927	0.0413604	-0.018936500000002	0.0003585910322507	0.0017106826881579	0.0006581939999994	0.0002732360000008	7.465791155749604e-08	4.332193418243107e-07	0.0008066449999988	-0.0001995250000022	3.981022558423781e-08	6.506761551799991e-07	-0.000417500999998	-9.767093015439418e-16	-8.5157746620626475e-16	1.7430708116361058e-07	0.1532252108000014	0.1119359729000017	1
-3.72462154202083e-13	-0.0018643752252083	0.0064229706163975	0.9956045889075598	0.0381328000000008	-0.0081795000000021	6.690422024981254e-05	0.0014541104358386	-0.0223379000000022	-0.0497186000000038	0.0024719391859654	0.0004989817764089	0.0086077499999981	-0.0327526500000013	0.0010727360820243	7.409336005825839e-05	-7.457709999676286e-06	-0.0006656517100018	4.430921982096923e-07	5.5616746390675936e-11	0.0011499000000018	0.0003432550000023	1.1782399565502989e-07	1.3222700115602545e-06	-0.0004175010000011	1.1085662045503762e-15	-6.637293674894054e-16	1.7430708512055597e-07	0.1500456416000025	0.100445361900002	1
1.0298493021528869e-12	0.0046446601553991	-0.0154759186608478	1.0108235767062634	0.046313000000001	0.0081802000000014	6.691567204136421e-05	0.002144893969002	-0.0065624400000028	0.0157754600000016	0.0002488651382116	4.3065618752340667e-05	0.0368042999999998	0.0281965500000029	0.0007950454319039	0.0013545564984893	-0.0001925170000032	-0.0001850592899995	3.4246940039991333e-08	3.706279658285526e-08	0.0010891000000009	-6.080000000117219e-05	3.696640398924158e-09	1.1861388091278336e-06	-0.0004175009999993	-4.436457930587872e-16	-2.095274458972564e-16	1.7430708385430685e-07	0.146572351000002	0.0881686297000015	1
-2.7966745651933827e-12	-0.0109325824953694	0.1852645340436655	0.8256708462910785	0.0365964000000002	-0.0097166000000013	9.441231556103172e-05	0.0013392964929595	-0.0065624400000023	-6.782969384297797e-17	-9.92865744414468e-16	4.306561875115276e-05	0.0509212000000018	0.0141169000000014	0.0001992868656103	0.002592968609441	-0.0001925170000019	1.7018713093284993e-15	-2.1706388274891834e-16	3.7062797169457766e-08	0.0011495200000013	6.042000000128144e-05	3.650576197389866e-09	1.3213962316567666e-06	-0.000417501	3.5338952106939793e-16	-1.1681654893763532e-15	1.743070844835147e-07	0.1428121382000011	0.0752018585000014	1
7.499935640852164e-12	0.1805641021619518	0.5728708539202708	0.2465639266494079	0.0348393000000002	-0.0017571000000003	3.08740040987127e-06	0.001213776824489	-0.0020724100000013	0.0044900300000009	2.016036940047661e-05	4.294883206190236e-06	0.0509201000000024	-1.1000000004789138e-06	1.2102718932750092e-12	0.0025928565840106	-0.0002044330000006	-1.1915999999739945e-05	1.4199195046320128e-10	4.179285188336048e-08	0.0011495200000023	-9.064769755647529e-16	-1.4042121313218889e-15	1.3213962322788194e-06	-0.0004175020000012	-9.9999987873317e-10	-6.699135298979536e-16	1.7430792031681454e-07	0.1387723639000013	0.0616465307000011	1
-1.988125816734617e-11	0.7608931055259536	0.3322637234914093	-0.0931563928879816	0.0325593000000017	-0.0022800000000004	5.198399999877372e-06	0.0010601080164898	-0.0032030300000019	-0.0011306199999994	1.278301583848797e-06	1.0259401178588311e-05	0.0509131000000021	-7.00000000043536e-06	4.899961689302837e-11	0.0025921437516121	-0.0003309100000006	-0.0001264770000005	1.5996431684504895e-08	1.0950142897373274e-07	0.0010231700000014	-0.0001263500000005	1.59643222782757e-08	1.046876849126686e-06	-0.0003594810000021	5.8021000001172747e-05	3.366436395269163e-09	1.2922658933097544e-07	0.1344609362000013	0.0476087353000002	1
5.202527094854978e-11	1.0951174753668582	0.0466494582731157	-0.1417670962997571	0.0291069000000023	-0.0034524	1.1919065758873164e-05	0.0008472116276067	0.0222634000000001	0.0254664300000026	0.0006485390569486	0.0004956589795613	0.0534770000000018	0.0025638999999989	6.573583208954732e-06	0.0028597895290032	-0.0001942230000015	0.000136687000001	1.8683335069189003e-08	3.772257400215979e-08	0.0009425830000002	-8.058700000031386e-05	6.494265896255638e-09	8.884627136756363e-07	-0.0002649110000005	9.456999999982792e-05	8.943487260428986e-09	7.017783876980443e-08	0.1298862949000011	0.0331983368999995	1
-1.343250120971997e-10	1.141569011253583	-0.0429565072966064	-0.0986124439183268	0.0017614799999982	-0.0273454200000031	0.0007477719949821	3.1028117896424174e-06	0.0328742000000022	0.0106108000000002	0.0001125890766397	0.001080713025643	0.0509099000000015	-0.0025671000000007	6.590002410828479e-06	0.0025918179180124	-7.18751999990727e-05	0.0001223478000012	1.49689829575756e-08	5.1660438142589994e-09	0.0005989850000016	-0.0003435979999996	1.180595858809605e-07	3.587830292615077e-07	-0.0002459440000006	1.8967000000416378e-05	3.5974592545005663e-10	6.048845178592083e-08	0.1250573950000007	0.0185281165999997	1
3.422192193868784e-10	1.0977791354452373	-0.0514115672032148	-0.0463675903795455	0.0037161499999973	0.0019546700000016	3.820734806981249e-06	1.3809770822384542e-05	0.0179443000000017	-0.0149299000000014	0.0002229019140095	0.0003219979024907	0.0284855000000004	-0.0224244000000018	0.0005028537153611	0.0008114237102507	-0.0006709820000013	-0.0005991068000032	3.589289590633693e-07	4.502168487796572e-07	0.0003319470000023	-0.0002670380000016	7.13092941235702e-08	1.1018880961240733e-07	-0.0003022820000012	-5.633800000028708e-05	3.1739699285243634e-09	9.137440896984933e-08	0.1199836895000012	0.0037128885999996	1
-8.574390502556118e-10	1.0459026877987456	-0.02919033004125	-0.0167123490345151	0.0193052000000007	0.0155890500000023	0.000243018479905	0.0003726907470378	-0.0071720900000007	-0.0251163900000012	0.0006308330466323	5.143887496660814e-05	-0.0010585500000017	-0.0295440500000019	0.0008728508904038	1.1205281013787513e-06	0.0002050210000004	0.0008760030000014	7.673812593200223e-07	4.203360598971165e-08	0.0003319469999999	-5.599583714021772e-16	-1.4113904165780373e-15	1.1018880967528065e-07	-0.0001141790000013	0.0001881030000013	3.538273991799876e-08	1.3036844482021426e-08	0.1146751102000022	-0.0111313977000006	1
2.112464845529903e-09	1.0162420744182517	-0.0114353959011444	-0.0048066833779202	-0.0032595100000017	-0.0225647100000027	0.000509166137386	1.0624405441427854e-05	0.0173777000000009	0.0245497900000024	0.0006026921890435	0.0003019844572908	0.0009403719999972	0.001998922	3.995689161071084e-06	8.842994959458314e-07	-0.0002712799999991	-0.0004763010000009	2.2686264099066681e-07	7.35928404169462e-08	0.0003319470000019	4.018068508484342e-16	-1.4790365170382745e-15	1.101888103619124e-07	-5.675669999918216e-05	5.742230000160098e-05	3.2973210987910043e-09	3.221321738129524e-09	0.1091420490000021	-0.0258885658000004	1
-5.0944010334284005e-09	1.0051441993840882	-0.0043880825448689	-0.0007561107611531	0.0037184199999983	0.0069779300000017	4.869150708343996e-05	1.3826647297040314e-05	-0.0037485099999997	-0.0211262100000017	0.0004463167489633	1.405132721887928e-05	-0.0108587000000025	-0.0117990719999997	0.000139218100059	0.0001179113656884	-3.392769999966848e-05	0.0002373522999999	5.633611417843247e-08	1.151088321826552e-09	-6.461559998559304e-06	-0.0003384085600024	1.145203546774512e-07	4.1752791313473335e-11	-9.648279999956256e-05	-3.972610000121464e-05	1.5781635837250423e-09	9.308931344642505e-09	0.1033953371000023	-0.0404431208000006	1
1.1977442188516532e-08	0.9999400794463164	0.0007646112564669	-0.0007047029991776	0.0037131899999985	-5.229999998904823e-06	2.7350818518086254e-11	1.3787779976579872e-05	0.0081198700000002	0.0118683800000004	0.0001408584438233	6.593228881745681e-05	0.0146787999999993	0.0255375000000029	0.0006521639062519	0.0002154671694404	-0.0002345770000002	-0.0002006493000007	4.0260141021081624e-08	5.502636982360336e-08	-0.0001966100000014	-0.0001901484399996	3.615642951966981e-08	3.8655492371375874e-08	0.0001030620000018	0.0001995448000012	3.981812891820962e-08	1.06217744733173e-08	0.0974462240000015	-0.0546811535000011	1
-2.7233783465540277e-08	1.003028171579358	-0.0042556376629357	0.0012274934588851	0.0081058599999994	0.0043926700000011	1.929554972846328e-05	6.570496633986242e-05	0.0001426449999997	-0.0079772250000007	6.363611870048554e-05	2.0347594778845506e-08	0.0180117000000007	0.0033329000000006	1.1108222408325244e-05	0.0003244213368913	4.354490000063663e-05	0.0002781219000003	7.73517906755404e-08	1.896157499725637e-09	-1.8180000001131096e-05	0.0001784300000028	3.1837264806459216e-08	3.305117890269938e-10	3.637340000059757e-05	-6.66886000021988e-05	4.447367192156719e-09	1.323024688785335e-09	0.0913063554000008	-0.0684912320000015	1
5.9147092991975766e-08	0.94626648232854	0.0570588360855628	-0.003325377573119	0.0036730299999992	-0.0044328299999999	1.9649981807373938e-05	1.349114938257261e-05	0.0081435400000001	0.0080008950000005	6.401432080121352e-05	6.63172437304632e-05	0.0222993000000013	0.0042876000000001	1.838351375971759e-05	0.0004972587804917	0.0001213410000022	7.77960999997135e-05	6.052233182115627e-09	1.4723636147794317e-08	-0.0001966100000008	-0.0001784299999999	3.1837262885927635e-08	3.8655490710528064e-08	0.0001402460000008	0.0001038726000005	1.0789516438716365e-08	1.9668938973111726e-08	0.0849877502000004	-0.0817652738000016	1
-1.1954353413300122e-07	0.450695207040158	0.4921630569810845	0.0571418555201832	0.003625559999998	-4.746999999985554e-05	2.2534001455141347e-09	1.3144685316415402e-05	-0.0272035000000018	-0.0353470400000026	0.0012494132367652	0.0007400304122501	0.0104555000000022	-0.0118438000000003	0.0001402755984401	0.0001093174802502	-0.0003466570000001	-0.0004679980000019	2.1902212779048238e-07	1.2017107563594316e-07	-0.0007007790000032	-0.0005041690000012	2.541863812555952e-07	4.910912071148432e-07	0.0004200720000033	0.000279826000001	7.830259080912227e-08	1.7646048405202658e-07	0.0785027776000004	-0.0943993914000012	1
2.131677615512808e-07	-0.0232385542978024	0.4654440651987495	0.5577942759548441	0.0036406399999976	1.5080000000059903e-05	2.274060542606781e-10	1.3254259610947818e-05	-0.0271694000000027	3.41000000016698e-05	1.162808821097127e-09	0.0007381762963608	-0.0108467999999991	-0.021302300000002	0.0004537879852921	0.0001176530702385	0.000121402000001	0.0004680590000011	2.1907922616410297e-07	1.4738444683919957e-08	-0.0001966100000009	0.000504169000003	2.5418638327649573e-07	3.865549039683076e-08	2.6819300001287167e-05	-0.000393252700004	1.5464768910050489e-07	7.192766759223904e-10	0.0718641321000007	-0.1062947059000007	1
-2.7760900367284585e-07	-0.141396864932718	0.1145413407975351	1.0268558017407856	0.0170939999999997	0.013453360000002	0.0001809928952921	0.000292204835998	-0.0271640000000028	5.4000000012572095e-06	2.915916209382534e-11	0.0007378828960011	-0.0194143	-0.0085675000000002	7.34020562488484e-05	0.0003769150444891	0.0002649139999998	0.0001435119999992	2.059569306587779e-08	7.017942649316514e-08	-0.0001966100000003	-9.061069375569297e-16	4.582283974916591e-16	3.8655490431793245e-08	0.0002109600000016	0.0001841407000007	3.390779597537175e-08	4.4504120867249656e-08	0.0650848091000006	-0.1173581201000011	1
-4.755289571812071e-08	-0.1178489358929204	-0.0237983257197946	1.141647309216141	0.0083607099999996	-0.0087332900000015	7.627035422368706e-05	6.990147170365204e-05	-0.0173690000000019	0.0097950000000017	9.594202499878491e-05	0.0003016821609989	-0.026119000000001	-0.0067047000000003	4.495300208909165e-05	0.0006822021609988	0.0001746110000005	-9.03029999998703e-05	8.154629505106633e-09	3.048900201066572e-08	-0.0003279830000006	-0.0001313730000008	1.725886496367332e-08	1.0757284766536277e-07	8.099250000103419e-05	-0.0001299675000006	1.6891550084320415e-08	6.559784798679822e-09	0.0581780796000004	-0.1275030479000012	1
2.225887584457075e-06	-0.0620584903740291	-0.0550898238222329	1.1171460883141862	0.0213652000000012	0.0130044900000015	0.0001691167601622	0.0004564717710382	-0.0207616000000017	-0.0033925999999998	1.1509734759092447e-05	0.0004310440345596	-0.0260547000000006	6.430000000083912e-05	4.134488146958022e-09	0.0006788473920896	0.0009049140000019	0.0007303030000014	5.333424720849854e-07	8.188693471067797e-07	-0.0002997110000012	2.827200000004756e-05	7.993067227358413e-10	8.982668412874917e-08	0.0002932590000014	0.0002122665000006	4.50570673294809e-08	8.600084020595089e-08	0.0511574638000002	-0.1366500915000017	1
-1.1541567738667212e-05	-0.0244725654819423	-0.0368424523684712	1.0613265593887844	0.0059361999999997	-0.0154290000000022	0.0002380540410022	3.523847043971048e-05	-0.00156455	0.0191970500000013	0.0003685267287029	2.4478167021406997e-06	-0.0108522999999997	0.0152024000000014	0.0002311129657603	0.0001177724152896	-0.0005213090000014	-0.0014262230000037	2.0341120527491407e-06	2.717630748946153e-07	-0.0006063740000028	-0.0003066630000002	9.404219627480979e-08	3.676894278912218e-07	-4.352690000163124e-05	-0.0003367859000025	1.1342474438387993e-07	1.8945924015451847e-09	0.0440367047999995	-0.1447276628000018	1
4.514217714457007e-05	-0.0074479357820385	-0.0168913822361575	1.0242941758784971	0.0101942000000001	0.0042580000000001	1.8130563999562515e-05	0.0001039217136401	-0.0147330000000002	-0.0131684500000006	0.0001734080754011	0.0002170612889994	-0.0341380000000005	-0.0232857000000015	0.0005422238244911	0.0011654030439997	-0.0002960360000039	0.0002252730000014	5.0747922493900055e-08	8.763731635919594e-08	-0.0006063740000031	6.714457292944389e-16	1.9532693988855702e-16	3.676894282510695e-07	0.0001148929999983	0.0001584199000025	2.5096864074967947e-08	1.3200402172016538e-08	0.0368297419999998	-0.1516725440000019	1
-0.0001582511835159	-0.0018048282644054	-0.0048038993989305	1.0067669788497395	0.0037242999999992	-0.0064699000000008	4.185960600797775e-05	1.387041049010592e-05	0.0091438800000018	0.0238768800000017	0.0005701053985361	8.361054145452275e-05	-0.0280075000000008	0.0061305000000007	3.758303024913817e-05	0.000784420056249	0.0004784460000001	0.0007744820000042	5.998223698229683e-07	2.2891057384486813e-07	-0.0002641549999998	0.0003422190000018	1.1711384616893225e-07	6.977786368760567e-08	0.0001431579999995	2.8264999999906536e-05	7.989090500773663e-10	2.0494214204557904e-08	0.0295506830999995	-0.1574303819000017	1
0.0005219916278415	-0.0002753366149776	-0.0036627083978262	1.0034160534129846	0.0131451000000002	0.0094208000000012	8.875147264088394e-05	0.0001727936540096	-0.010602099999999	-0.0197459800000025	0.0003899037261609	0.0001124045244087	-0.0280088999999997	-1.3999999987559358e-06	1.9584192811161266e-12	0.00078449847921	0.0005912840000017	0.0001128379999994	1.2732413005058389e-08	3.4961676764908855e-07	-0.0006063740000005	-0.0003422190000018	1.1711384550929377e-07	3.6768943011512525e-07	0.0001733329999981	3.0174999999205976e-05	9.105293793934836e-10	3.0044329569252334e-08	0.0222137773999993	-0.1619561135000021	1
-0.0015902795114616	5.722630611250772e-06	0.0055540989948531	0.9960304579315582	-0.0003404740000011	-0.0134855740000017	0.0001818607061088	1.159225464845216e-07	0.0137401000000024	0.0243422000000014	0.0005925427008415	0.0001887903480109	-0.0219153999999996	0.0060935000000003	3.713074225003515e-05	0.0004802847571593	-3.8887900000136885e-05	-0.0006301719000011	3.9711662427966003e-07	1.5122688667031796e-09	-0.0004831040000001	0.0001232700000011	1.5195491045898594e-08	2.3338947470410355e-07	0.0003104819999998	0.0001371490000018	1.8809847525470106e-08	9.639907168432097e-08	0.0148333871999988	-0.1652143190000019	1
0.0040918147874163	-3.0859651899115557e-06	-0.0054401358163447	1.0013514069985805	0.0081193799999997	0.0084598540000009	7.156912970105483e-05	6.59243315851013e-05	-0.0033802299999978	-0.0171203300000017	0.0002931056993081	1.1425954851695263e-05	-0.0471073000000007	-0.0251919000000013	0.0006346318256118	0.0022190977132902	0.0001440939999991	0.0001829819	3.348237543174734e-08	2.0763079997114037e-08	-0.0004136319999994	6.947199999959649e-05	4.826356219261499e-09	1.7109143344854512e-07	0.00031857	8.087999999739066e-06	6.541378432481366e-11	1.0148684466195117e-07	0.0074239599999992	-0.1671794985000021	1
-0.000193920944846	1.2278413592173746e-06	0.3384863817312122	0.661706311396999	0.0132740000000011	0.0051546199999999	2.65701073435474e-05	0.0001761990759992	-0.0105538999999984	-0.0071736700000011	5.1461541266658495e-05	0.0001113848052105	-0.0448592000000008	0.0022481000000011	5.053953609207137e-06	0.002012347824639	6.390719999852798e-05	-8.018680000013547e-05	6.429921660975333e-09	4.084131107536941e-09	-0.0002353579999993	0.0001782740000009	3.178161977363316e-08	5.5393388873923685e-08	0.0001802979999979	-0.0001382720000017	1.9119144549371346e-08	3.2507369233014254e-08	-5.07797273693708e-16	-0.1678362717000021	1
0.3462531707523762	-4.512526235770062e-07	0.5596164036642401	0.094130876843323	0.0247560000000023	0.0114820000000006	0.000131836324	0.0006128595359988	-0.0127861999999982	-0.0022323000000002	4.983163287599298e-06	0.0001634869104407	-0.0454186000000006	-0.0005593999999995	3.129283592859815e-07	0.0020628492259583	0.000399318999998	0.000335411800001	1.1250107602820599e-07	1.5945566258518845e-07	-6.030269999986908e-05	0.0001750552999999	3.0644357636437195e-08	3.6364155732579444e-09	0.0004556389999994	0.0002753410000018	7.581266887878565e-08	2.0760689737991845e-07	-0.0074239600000001	-0.1671794985000017	1
0.9115012520768928	1.5536118122595372e-07	0.2149835313834	-0.1264849387901202	0.0362365000000034	0.0114805000000001	0.0001318018802499	0.0013130839322515	-0.0430530000000012	-0.0302668000000016	0.0009160791822414	0.0018535608090024	-0.0697261000000019	-0.0243075000000011	0.0005908545562508	0.0048617290212106	0.001913960000003	0.0015146410000037	2.294137362959608e-06	3.663242886963222e-06	4.7220299999257375e-05	0.0001075230000006	1.1561194180845406e-08	2.2297561245098702e-09	0.0005347040000002	7.906499999963003e-05	6.251273029741222e-09	2.859083665733411e-07	-0.0148333871999992	-0.1652143190000009	1
1.127434809171918	-5.253325729256957e-08	0.0059975450432845	-0.1334323016840587	0.0276406000000018	-0.0085959000000015	7.38894968089578e-05	0.000764002768359	-0.0337402000000017	0.009312800000001	8.672824383834039e-05	0.0011384010960415	-0.0502046000000012	0.0195215000000018	0.0003810889622499	0.0025205018611595	0.0011006700000026	-0.0008132900000036	6.614406240605725e-07	1.2114744485535591e-06	-3.942570000018281e-05	-8.664599999928894e-05	7.507528923648614e-09	1.5543861461685675e-09	0.000355519999999	-0.0001791840000007	3.2106906467580776e-08	1.263944693080213e-07	-0.0222137773999994	-0.1619561135000003	1
1.1329554920804932	1.7237448253230745e-08	-0.0524934092249577	-0.0804621000776045	0.0368459000000022	0.0092053000000015	8.473754809013815e-05	0.0013576203468105	-0.0106514999999993	0.0230887000000019	0.0005330880676929	0.0001134544522486	-0.0370242999999998	0.0131803000000005	0.0001737203080874	0.0013707987904897	0.0008035829999983	-0.000297087000001	8.826068414572346e-08	6.457456371910922e-07	0.0001161679999995	0.0001555937	2.4209398553456145e-08	1.349500019183833e-08	0.0004640099999994	0.0001084899999998	1.177008134253888e-08	2.1530527910033573e-07	-0.0295506831000002	-0.1574303819000004	1
1.0796106360833673	-5.108623090484668e-09	-0.0449419471089932	-0.0346686838384649	0.0162146999999993	-0.0206312000000027	0.0004256464134424	0.0002629164960894	-0.0081296999999984	0.0025217999999985	6.359475239261728e-06	6.609202208826992e-05	-0.0141976999999977	0.0228266000000018	0.0005210536675613	0.0002015746852895	0.0006064619999987	-0.000197120999998	3.885668838056579e-08	3.6779615701832633e-07	-0.0003878490000012	-0.0005040170000008	2.540331382757161e-07	1.5042684728622585e-07	0.0007251510000024	0.0002611410000023	6.819462380084823e-08	5.258439733730292e-07	-0.0368297420000015	-0.1516725440000004	1
1.034431346614172	4.170896203010094e-10	-0.0229877092336625	-0.0114436377364284	0.0261567000000004	0.0099420000000015	9.884336400066056e-05	0.0006841729548891	-0.0107043999999982	-0.0025746999999994	6.629080089682603e-06	0.0001145841793581	-0.0502054999999994	-0.036007800000004	0.0012965616608443	0.0025205922302503	0.0005564689999983	-4.999300000103237e-05	2.499299087428962e-09	3.096577463409168e-07	-8.391530000300688e-06	0.000379457470001	1.439879707289946e-07	7.041779770476939e-11	0.0005023990000007	-0.0002227520000024	4.9618453054267644e-08	2.5240475507635573e-07	-0.0440367048000008	-0.1447276628000005	1
1.0106689453578404	3.093937895182592e-09	-0.0074028489778613	-0.0032660994837406	0.0130311999999989	-0.0131255000000019	0.0001722787502494	0.0001698121734401	-0.0333586000000002	-0.0226542000000022	0.0005132127776401	0.0011127961939608	-0.0584064000000003	-0.0082009	6.725476080785456e-05	0.0034113075609597	0.0003096329999962	-0.0002468359999989	6.092801075928556e-08	9.58725936345676e-08	-0.0003062500000001	-0.0002978584700001	8.871966758028656e-08	9.378906282660289e-08	0.0005191780000007	1.6779000000395866e-05	2.815336461009693e-10	2.695457960128452e-07	-0.0511574638000004	-0.1366500915000001	1
1.004707139826519	-9.682599955194713e-09	-0.0048116710053731	0.0001045408799576	0.0085216299999973	-0.0045095699999998	2.033622158263141e-05	7.261817785830488e-05	-0.0278740000000004	0.0054846000000011	3.008083715980558e-05	0.0007769598759985	-0.0708915000000011	-0.0124851000000011	0.0001558777220087	0.0050256047722509	0.0009465220000003	0.0006368890000023	4.056276003410861e-07	8.959038952395894e-07	1.877150000280404e-05	0.0003250215000013	1.056389749506936e-07	3.5236997227858787e-10	0.0005191780000011	5.088103810526036e-16	-3.3610105441891203e-16	2.6954579685268575e-07	-0.0581780796000001	-0.1275030478999997	1
0.9962310473281866	2.646080754723869e-08	0.0055850744814377	-0.0018161482616974	0.0236953999999986	0.0151737700000032	0.0002302432960153	0.0005614719811591	-0.0270423000000001	0.0008316999999995	6.917248906875097e-07	0.0007312859892901	-0.0496773999999995	0.0212141000000024	0.0004500380388094	0.00246784407076	0.0012740600000013	0.0003275379999998	1.072811400428261e-07	1.623228885673435e-06	-2.1255699997217728e-05	-4.00272000010849e-05	1.602175968728643e-09	4.5180449306779165e-10	0.0005191779999996	-1.867590130879934e-15	3.2127520499295936e-16	2.695457964937875e-07	-0.0650848091000007	-0.1173581200999999	1
1.0105698055523034	-7.06297822731029e-08	-0.0150104895510757	0.0044407546438599	0.0159557999999989	-0.0077396000000008	5.990140815910453e-05	0.0002545875536398	-0.0325424000000007	-0.0055000999999998	3.025110000929705e-05	0.0010590077977593	-0.0684286000000005	-0.0187512000000019	0.0003516075014403	0.0046824732979605	0.0010579300000018	-0.0002161300000015	4.6712175192217525e-08	1.1192158853187547e-06	-0.0005924150000009	-0.0005711593000032	3.262229505648671e-07	3.5095553453113605e-07	0.0003949259999983	-0.0001242519999996	1.5438559382337826e-08	1.5596654520957654e-07	-0.0718641321000005	-0.1062947058999996	1
0.8389304499810734	1.8617960677495448e-07	0.171777289244655	-0.0107079253822545	0.0128298999999979	-0.0031258999999997	9.771250808557023e-06	0.00016460633401	-0.0325216000000006	2.079999999988527e-05	4.3263915011766696e-10	0.0010576544665614	-0.0583757999999998	0.0100528000000011	0.0001010587878391	0.0034077340256395	0.0007590629999998	-0.000298867000001	8.932148403946298e-08	5.761766368272161e-07	-0.0004800650000007	0.000112350000002	1.2622521406700985e-08	2.3046240538625603e-07	0.0005191779999988	0.0001242520000018	1.5438558787034055e-08	2.6954579680111706e-07	-0.0785027776000008	-0.0943993913999996	1
0.2632139711840822	-4.837987219290868e-07	0.5697084772471541	0.1670780354014963	0.0175135999999999	0.0046837000000003	2.1937045689594483e-05	0.0003067261849597	-0.0295470000000003	0.0029746000000005	8.848245159209306e-06	0.0008730252090017	-0.0583695999999991	6.199999999918246e-06	3.8440145583430046e-11	0.0034070102041588	0.0007960740000014	3.7010999999219085e-05	1.3698135273844136e-09	6.337338124487458e-07	-0.000480065	-6.415047473377376e-16	-1.6658055952353077e-15	2.3046240458712978e-07	0.0005191779999981	-6.938223491593645e-17	-2.6517796628133308e-15	2.695457961028496e-07	-0.0849877502000014	-0.0817652738000005	1
-0.088630877991244	1.2417289993448908e-06	0.3442323237871456	0.744397312472622	0.0173568000000009	-0.0001568000000005	2.4586239169587616e-08	0.0003012585062389	-0.0067836099999986	0.0227633900000021	0.0005181719242943	4.6017364631226976e-05	-0.0583796999999994	-1.0100000000543324e-05	1.0201001273972966e-10	0.003408189372089	0.0007918590000024	-4.2150000002091454e-06	1.776473271464067e-11	6.270406761048917e-07	-0.0004800649999997	-1.7016926873797334e-15	-1.87759204904916e-15	2.3046240344829118e-07	0.0005191779999982	-1.799531292389896e-16	-5.834738104631083e-16	2.695457955612367e-07	-0.0913063554000023	-0.0684912320000009	1
-0.1421744794909106	-3.137709138118887e-06	0.0514823956355329	1.0906952215812644	0.0235104000000016	0.0061536000000002	3.78667929595786e-05	0.0005527389081597	-0.0132788999999987	-0.0064952900000012	4.218879218310764e-05	0.0001763291852095	-0.0583700999999992	9.600000000440414e-06	9.215911544209104e-11	0.0034070685740096	0.0007035810000002	-8.82780000005945e-05	7.793005516536431e-09	4.950262240216288e-07	-0.0003440949999989	0.0001359700000003	1.8487840044271767e-08	1.184013701298126e-07	0.0008290190000013	0.0003098410000021	9.600144913369532e-08	6.872725033880029e-07	-0.0974462240000027	-0.0546811535000011	1
-0.1003693175917481	7.8021744774868e-06	-0.0416535501932548	1.1420150656199162	0.0138931000000003	-0.009617300000002	9.249245928987456e-05	0.0001930182276106	-0.0193673999999997	-0.0060885000000008	3.7069832248825655e-05	0.0003750961827586	-0.0683619999999999	-0.0099919000000006	9.983806560979731e-05	0.0046733630440001	0.0007035810000018	2.0556433081367498e-16	-1.1751896450933948e-15	4.95026224622218e-07	4.534510000420959e-05	0.0003894401000019	1.5166359276741156e-07	2.0561776513361075e-09	0.0005191779999995	-0.0003098410000021	9.600144845801657e-08	2.695457934665312e-07	-0.1033953371000025	-0.0404431208000006	1
-0.0476024329852093	-1.9035020900893185e-05	-0.0519140422283419	1.0995355102184503	0.0200319000000002	0.0061388000000004	3.76848654396479e-05	0.0004012770176101	-0.0401867000000018	-0.0208193000000016	0.0004334432524907	0.0016149708568928	-0.0753342999999998	-0.0069722999999998	4.861296728871442e-05	0.0056752567564909	0.0007035809999997	-8.14120212471911e-16	6.470629278255659e-16	4.950262220466201e-07	-0.0002176199999963	-0.0002629651000023	6.915064453442793e-08	4.735846358919362e-08	0.0007437450000008	0.0002245670000017	5.0430339287460206e-08	5.531566254664799e-07	-0.1091420490000021	-0.0258885658000004	1
-0.0173508781790736	4.538200851669164e-05	-0.0298248295331102	1.0471303257304247	0.0149838999999992	-0.0050480000000004	2.548230399930965e-05	0.0002245172592097	-0.0243875000000012	0.0157992000000012	0.000249614720641	0.0005947501562506	-0.058367699999999	0.0169666000000014	0.00028786551556	0.0034067884032894	0.0002678469999984	-0.0004357340000003	1.8986412041756778e-07	7.174201493873855e-08	-0.0002845209999976	-6.690100000103848e-05	4.475743207899631e-09	8.09521987845668e-08	0.0007567810000024	1.3035999999785604e-05	1.6993477315635348e-10	5.727174826438698e-07	-0.1146751102000024	-0.0111313977	1
-0.0048828082412485	-0.000105185354305	-0.0118796772024663	1.0168676708178528	0.0130009999999988	-0.0019829000000003	3.931892409547094e-06	0.0001690260010006	-0.0401722000000019	-0.0157847000000005	0.0002491567540898	0.0016138056528425	-0.0821405999999998	-0.0237729000000016	0.0005651507744115	0.006747078168361	0.0002041769999973	-6.366999999996654e-05	4.053868892020334e-09	4.16882463265652e-08	-0.0003021919999982	-1.7671000000287155e-05	3.1226213349461546e-10	9.132000332753833e-08	0.0005191779999999	-0.0002376030000014	5.645518625212544e-08	2.6954579465405414e-07	-0.1199836895000021	0.0037128886000002	1
-0.0010911182244948	0.0002341909915729	-0.0043582318804253	1.005215159124699	0.0132080999999986	0.0002071000000001	4.28904098663265e-08	0.0001744539056104	-0.0402119000000023	-3.969999999898126e-05	1.5760899199168007e-09	0.0016169969016113	-0.0941199000000012	-0.0119793000000008	0.0001435036284898	0.0088585555760122	0.0009713020000002	0.0007671250000025	5.884807676845964e-07	9.43427574145404e-07	-0.0006755140000005	-0.0003733220000024	1.3936931770616117e-07	4.563191656134411e-07	0.000370878999998	-0.0001482990000006	2.199259337400157e-08	1.3755123242567628e-07	-0.1250573950000015	0.0185281166000005	1
-0.0001117998070751	-0.0004782638438226	0.0002735471461625	1.0003165165260723	0.0172868999999991	0.0040788000000005	1.6636609440644886e-05	0.0002988369116101	-0.0402193000000021	-7.399999998790741e-06	5.4759042068394126e-11	0.0016175920924906	-0.1101210000000025	-0.0160011000000008	0.0002560352012108	0.0121266346410042	0.0009073630000011	-6.393900000208599e-05	4.088194397474979e-09	8.233076131252568e-07	-0.0006755140000024	5.214062388956269e-16	-1.582576530069918e-15	4.563191651076353e-07	0.0005191779999985	0.0001482990000028	2.1992593380674133e-08	2.695457964717062e-07	-0.1298862949000011	0.0331983369000007	1
6.450409926250454e-06	0.00089463474616	-0.0030926804229166	1.0021915952834328	0.0155296999999983	-0.0017571999999995	3.08775183982908e-06	0.0002411715820884	-0.010298299999999	0.029921000000002	0.0008952662410039	0.0001060549828883	-0.0843971000000017	0.0257239000000024	0.0006617190312116	0.0071228704884105	0.0007368820000003	-0.0001704809999996	2.906376975400416e-08	5.429950827356479e-07	-0.0005982290000016	7.728500000023668e-05	5.9729698004000934e-09	3.578779358394021e-07	0.0005191779999993	-5.551034273349346e-16	6.641891103642431e-16	2.69545796454457e-07	-0.1344609362000019	0.047608735300001	1
-2.158593957887272e-06	-0.0024676610087427	0.0489086587661369	0.9535611608713606	0.0245598999999995	0.009030200000001	8.154451204111421e-05	0.0006031886880097	-0.0248548999999992	-0.0145566000000012	0.0002118946035595	0.0006177660540077	-0.102062000000002	-0.0176649000000006	0.0003120486920104	0.0104166518440024	0.0012352900000015	0.0004984080000005	2.484105338147475e-07	1.5259413871767827e-06	-0.0002972820000003	0.0003009470000014	9.056909625803736e-08	8.837658612690977e-08	0.0006906720000003	0.0001714940000013	2.9410192126173957e-08	4.770278109085022e-07	-0.1387723639000017	0.061646530700001	1
8.821953838927646e-07	0.0496079579116213	0.4809074021590386	0.469483757774854	0.0358541000000018	0.011294200000001	0.0001275589536407	0.00128551648681	-0.0040260699999968	0.020828830000002	0.0004338401591688	1.6209239642855154e-05	-0.1099390000000035	-0.0078770000000004	6.204712899993447e-05	0.0120865837210015	0.0006534349999992	-0.0005818550000031	3.3855524307009164e-07	4.26977298682977e-07	0.0003008320000013	0.0005981140000006	3.577403613658937e-07	9.049989150026684e-08	0.0008682420000028	0.0001775700000001	3.1531102657798394e-08	7.53844170735255e-07	-0.1428121382000012	0.0752018585000011	1
-3.5900574222777213e-07	0.5390315114463156	0.4759744309237311	-0.0150055833655334	0.0225179000000018	-0.0133362000000035	0.00017785423044	0.0005070558204101	-0.0406293999999998	-0.0366033300000034	0.0013398037670902	0.0016507481443611	-0.1199470000000041	-0.0100079999999991	0.0001001600639999	0.0143872828090033	0.0006297509999989	-2.3683999999216063e-05	5.609297563929148e-10	3.965863207404788e-07	-0.0001637070000005	-0.0004645390000013	2.1579648235408935e-07	2.6799980665283743e-08	0.0007062860000014	-0.0001619560000023	2.6229746399992253e-08	4.988399140749619e-07	-0.1465723510000005	0.088168629700001	1
1.398615518019449e-07	1.018809582574798	0.1219594280258112	-0.140769150449913	0.0211901000000014	-0.0013278000000003	1.763052838492292e-06	0.0004490203380099	-0.0251216000000007	0.0155078000000013	0.0002404918608388	0.0006310947865603	-0.0944178000000031	0.0255292000000028	0.0006517400526417	0.0089147209568411	0.0005875529999997	-4.219800000009406e-05	1.780670931008942e-09	3.452185265779294e-07	-2.326529999918744e-05	0.0001404417000011	1.9723871089766924e-08	5.41274768375662e-10	0.0007576870000005	5.140100000063944e-05	2.642062608730576e-09	5.740895912950106e-07	-0.1500456416000008	0.1004453619000006	1
-5.3640457304978566e-08	1.1410551945087626	-0.0216590848859974	-0.1193960559884576	0.0251067000000013	0.0039166000000007	1.5339755559135775e-05	0.00063034638489	-0.0152970999999998	0.0098244999999997	9.652080024917002e-05	0.0002340012684107	-0.0540801999999998	0.0403376000000038	0.0016271219737662	0.0029246680320385	0.0008343490000008	0.000246796000001	6.090826598344513e-08	6.961382527404633e-07	-0.0002759979999993	-0.0002527327000011	6.387381858401427e-08	7.617489675174367e-08	0.0008162499999998	5.856300000025713e-05	3.429624136840545e-09	6.662640626119862e-07	-0.1532252108000022	0.1119359729000004	1
2.032677367229144e-08	1.1187316944271013	-0.0551361820913557	-0.0635955326473681	0.0255347000000012	0.0004280000000002	1.831839999652756e-07	0.0006520209040903	-0.0218553000000008	-0.0065582000000014	4.3009987240542525e-05	0.0004776541380907	-0.0343133999999972	0.0197668000000015	0.0003907263822398	0.0011774094195582	0.0008118550000005	-2.249399999954717e-05	5.05979546813902e-10	6.591085412344073e-07	-0.000471772000001	-0.0001957739999994	3.832745973261731e-08	2.2256881959944934e-07	0.000692392999998	-0.0001238570000017	1.5340555060603492e-08	4.794080645441822e-07	-0.1561048344000032	0.1225505332000005	1
-7.613755219655066e-09	1.0627801983112524	-0.0375817752415707	-0.0251984154664583	0.0282678000000018	0.0027331	7.469835609471914e-06	0.0007990685168407	-0.0221559000000011	-0.0003005999999991	9.036035992355348e-08	0.0004908839048096	-0.052682699999998	-0.0183693000000027	0.00033743118249	0.0027754668792885	0.0007992640000009	-1.2591000000886691e-05	1.585334314768834e-10	6.388229414368096e-07	-8.925519999950932e-05	0.0003825168000021	1.4631910461906952e-07	7.966488289416502e-09	0.0009230619999996	0.000230669000003	5.320818728260064e-08	8.520434566094389e-07	-0.1586788755000029	0.1322059694000007	1
2.812624709054373e-09	1.0252349510771863	-0.0173266680497588	-0.0079082858187	0.0344799000000027	0.0062121000000003	3.85901864096124e-05	0.0011888635040115	-0.0241570000000009	-0.0020010999999994	4.0044012096120726e-06	0.0005835606489994	-0.0667620999999995	-0.0140794000000019	0.000198229504359	0.0044571779964088	0.001165540000001	0.0003662760000006	1.341581074539255e-07	1.3584834936889037e-06	-0.0003030860000007	-0.0002138308000019	4.57236103660999e-08	9.186112399626693e-08	0.0010708200000031	0.0001477580000005	2.1832426375735173e-08	1.1466554757477032e-06	-0.1609422953000024	0.1408267146000008	1
-1.0275651455138938e-09	1.0065669382850733	-0.0050950418889057	-0.0014718953695569	0.0173874000000005	-0.0170925000000028	0.0002921535562521	0.0003023216787594	-0.025801500000001	-0.0016444999999999	2.70438024830528e-06	0.0006657174022496	-0.0730198000000002	-0.0062577000000007	3.915880928885522e-05	0.0053318911920385	0.0005879530000003	-0.0005775870000013	3.3360674320438495e-07	3.456887300726152e-07	-0.0004380990000015	-0.0001350129999991	1.8228508193075515e-08	1.919307366407542e-07	0.0008865120000023	-0.0001843080000016	3.3969437224203885e-08	7.859035274008022e-07	-0.1628906629000022	0.1483452999000013	1
3.6968780765343797e-10	1.0049564757922795	-0.0035940782228476	-0.0013623978954333	0.0197244999999996	0.0023371000000008	5.462036409350665e-06	0.0003890559002486	-0.0152594999999998	0.010542000000001	0.0001111337640007	0.0002328523402491	-0.0723690000000004	0.0006507999999994	4.2354063755401373e-07	0.0052372721609988	0.0006108869999986	2.2934000000589905e-05	5.259685398480082e-10	3.731829275321247e-07	-0.0003528960000007	8.520300000030611e-05	7.259550608770443e-09	1.245355886738161e-07	0.0008000390000018	-8.647300000218502e-05	7.477578949802221e-09	6.400624024039707e-07	-0.164520164400002	0.1547028820000014	1
-1.310808992811079e-10	0.99182407197852	0.0054809113546637	0.0026950168589201	0.0187407999999997	-0.0009836999999999	9.67665689610849e-07	0.0003512175846393	-0.0217286999999998	-0.0064692000000003	4.185054863930906e-05	0.0004721364036888	-0.0857584000000012	-0.0133894000000011	0.0001792760323587	0.0073545031705597	0.0005385679999987	-7.231900000007127e-05	5.230037574286838e-09	2.900554906819669e-07	-0.0004740980000016	-0.0001212020000001	1.4689922859744405e-08	2.2476891460422926e-07	0.0005191779999984	-0.0002808610000024	7.888290561746484e-08	2.695457931974712e-07	-0.1658276100000018	0.1598497044000015	1
4.5280192146997076e-11	1.0147159336009992	-0.0075056922085547	-0.0072102414388357	0.0200238999999997	0.0012831000000004	1.6463456095389266e-06	0.0004009565712096	-0.031398400000001	-0.0096697000000007	9.350309808911076e-05	0.0009858595225611	-0.0857520000000013	6.400000000499827e-06	4.095764913621394e-11	0.0073534055039998	0.0004236969999974	-0.0001148710000001	1.3195347095645355e-08	1.7951914761116517e-07	-0.0002372560000006	0.0002368420000028	5.609413487649935e-08	5.629040748928473e-08	0.0005191779999969	8.230505476995777e-16	-2.032032742724168e-15	2.695457934076171e-07	-0.1668104403000015	0.1637454860000015	1
-1.3814437585628976e-11	0.6457816712384427	0.3234300476756951	0.0307882810965436	0.0062237899999965	-0.0138001100000012	0.0001904430360126	3.873556196535429e-05	-0.0152486999999991	0.0161497000000014	0.0002608128100905	0.0002325228516877	-0.083434000000001	0.0023179999999998	5.373123999649084e-06	0.006961232355998	0.0007435690000007	0.0003198720000024	1.0231809744867103e-07	5.528948577255184e-07	-0.0006884960000006	-0.0004512400000031	2.036175381485345e-07	4.740267420256204e-07	0.0005191779999979	1.1075285852003529e-15	2.524513740947073e-17	2.695457929028382e-07	-0.1674667312000018	0.1663597372000024	1
-1.169248031729353e-11	0.3428048194017394	0.5414337945967287	0.1157613860027609	0.0196682999999969	0.0134445100000027	0.0001807548491424	0.0003868420248887	-0.0328187999999996	-0.0175701000000017	0.0003087084140102	0.0010770736334416	-0.0871360000000004	-0.0037019999999997	1.3704803999217073e-05	0.0075926824959984	0.0009896990000002	0.0002461299999996	6.057997750914731e-08	9.795041116862137e-07	-0.0004015320000002	0.0002869640000015	8.234833659593555e-08	1.612279463623569e-07	0.0007959240000004	0.0002767460000011	7.658835027191688e-08	6.334950146880732e-07	-0.1677951982000018	0.1676719980000026	1
