trial_type.belief	trial_type.photo	rt_reg.rt	trans_x	trans_x_derivative1	trans_x_derivative1_power2	trans_x_power2	trans_y	trans_y_derivative1	trans_y_derivative1_power2	trans_y_power2	trans_z	trans_z_derivative1	trans_z_derivative1_power2	trans_z_power2	rot_x	rot_x_derivative1	rot_x_derivative1_power2	rot_x_power2	rot_y	rot_y_derivative1	rot_y_derivative1_power2	rot_y_power2	rot_z	rot_z_derivative1	rot_z_derivative1_power2	rot_z_power2	cosine00	cosine01	intercept
-2.1454620004340024e-12	2.5631742125721296e-06	3.320072968665899e-06	-4.446089999980951e-05	-4.551487964195402e-17	-2.566454534752523e-16	1.976771702694496e-09	-0.0177071999999998	-6.139271902851849e-17	-3.0401000919295514e-16	0.0003135449318398	0.0913713999999998	-2.0526788297908375e-16	2.91291301422862e-17	0.0083487327379597	2.40776000000026e-05	2.412289951981785e-17	9.010340656299266e-17	5.797307106650638e-10	0.0011161500000013	-3.0442029755230524e-16	-4.4107769031983746e-17	1.2457908217719857e-06	-0.0004013819999998	-5.718928399747844e-17	1.090254525620296e-16	1.6110750991847778e-07	0.1348262246000008	0.134784983800002	1
9.041728567721553e-12	-6.164865229613343e-06	-7.943709446225325e-06	2.9542800002103425e-06	4.7415179999957206e-05	2.2481990240792366e-09	8.727670967295447e-12	-0.0141322999999998	0.0035748999999998	1.2779910009701965e-05	0.0001997219032898	0.0782422999999996	-0.0131291000000003	0.0001723732668099	0.0061218575092897	-0.000178864	-0.0002029415999999	4.118529292185711e-08	3.1992330452466484e-08	0.0005714960000008	-0.0005446540000008	2.96647980055074e-07	3.2660767743557455e-07	-0.0004013819999999	-1.1103277180614329e-16	1.652520070989051e-16	1.611075099064969e-07	0.1347162584000008	0.134345343200002	1
-3.2690153866540177e-11	1.4427616168337628e-05	1.8467957415430503e-05	-0.0209959000000005	-0.0209988542800002	0.0004409518810726	0.00044082781681	-0.0341753000000001	-0.0200429999999999	0.0004017218489995	0.0011679511300898	0.1502659999999999	0.0720237000000001	0.0051874133616904	0.0225798707559997	-0.0006567019999999	-0.0004778380000001	2.2832915472607586e-07	4.312575171959314e-07	0.0003886710000002	-0.0001828250000004	3.3424980005225085e-08	1.5106514602195476e-07	-0.0007019290000007	-0.0003005470000001	9.032849957533835e-08	4.927043210668209e-07	0.1344964157000006	0.133467496000002	1
1.084215721920092e-10	-3.2600900662809266e-05	-4.13571376798677e-05	0.0310732000000008	0.0520691000000009	0.002711191174811	0.0009655437582413	-0.0300488999999997	0.0041263999999998	1.702717695954371e-05	0.0009029363912101	0.1271809999999999	-0.0230850000000004	0.0005329172250001	0.0161750067609996	-0.0008802199999999	-0.0002235180000001	4.9960296308582514e-08	7.747872489999198e-07	-0.000407334	-0.0007960050000006	6.336239602823299e-07	1.6592098812189024e-07	-0.0005570230000004	0.0001449059999996	2.09977486895343e-08	3.1027462267285346e-07	0.1341668758000009	0.1321543056000019	1
-3.412563428127657e-10	6.989064816591372e-05	8.756516101167862e-05	-0.0185151999999997	-0.0495884000000012	0.0024590094145613	0.0003428126310395	0.0538648000000006	0.0839137000000001	0.0070415090476901	0.0029014166790403	0.0865452999999999	-0.0406357000000005	0.0016512601144896	0.0074900889520896	-0.0005898379999999	0.0002903819999999	8.432170587761022e-08	3.479088665650872e-07	1.562560000022056e-05	0.0004229596000004	1.7889482321324738e-07	2.441596769816668e-10	-0.0001678589999999	0.0003891640000005	1.5144861965253228e-07	2.8176643740558027e-08	0.1337279074000008	0.1304100553000018	1
1.034401177007129e-09	-0.000130738826177	-0.0001614874748091	-0.027037100000001	-0.0085218999999999	7.262277960954663e-05	0.0007310047764105	-0.0805531000000002	-0.1344179000000006	0.0180681718404106	0.0064888019196096	0.1401619999999999	0.0536167	0.00287475051889	0.0196453862439998	0.0001084020000003	0.00069824	4.87539097930737e-07	1.1750993245494044e-08	0.0002226289999999	0.0002070034000003	4.2850408029086834e-08	4.9563671891876053e-08	-0.0004035470000004	-0.0002356879999999	5.554883321548218e-08	1.6285018079658342e-07	0.1331798687000008	0.1282404345000019	1
-3.042527793875567e-09	0.0002043155089495	0.0002340497248012	0.0058690899999996	0.0329061900000009	0.0010828173403164	3.4446217427342205e-05	-0.0379203000000004	0.0426328000000003	0.0018175556358399	0.00143794915209	0.0948619999999998	-0.0453000000000005	0.0020520900000001	0.0089987990439996	7.781160000412532e-06	-0.0001006208400002	1.0124553550804462e-08	6.054645907635983e-11	0.0005056200000001	0.0002829910000006	8.008390591778025e-08	2.556515843033794e-07	-0.0005627410000006	-0.0001591939999998	2.5342729780042078e-08	3.1667743253012134e-07	0.1325232065000009	0.1256525201000019	1
8.712939886154594e-09	-0.0005755366747232	-0.0005250394297353	0.0034180100000004	-0.0024510800000001	6.007793166029624e-06	1.168279236019037e-05	0.0086700700000002	0.0465903700000001	0.0021706625767369	7.5170113804716e-05	0.0837016999999998	-0.0111603000000001	0.0001245522960899	0.0070059745828897	0.0001656100000001	0.00015782884	2.4909942642366015e-08	2.742667201577393e-08	0.0005056200000005	-8.897491329852715e-17	7.787739568903667e-17	2.556515838853782e-07	-0.0005792410000003	-1.650000000012174e-05	2.7225005151239597e-10	3.355201361063161e-07	0.1317584565000008	0.1226547532000018	1
-2.4475771823650358e-08	0.0257992378896272	0.0275059183936998	-0.0085411699999999	-0.0119591800000002	0.0001430219862722	7.295158496877057e-05	-0.0031556599999995	-0.01182573	0.0001398478900325	9.958190035250874e-06	0.0989426999999997	0.0152409999999996	0.0002322880809998	0.0097896578832895	0.0001500250000003	-1.5585000000060245e-05	2.4289236327753225e-10	2.2507500436645267e-08	1.2715199999818569e-05	-0.0004929048000005	2.429551419560602e-07	1.6167656267906942e-10	-0.0003813950000003	0.0001978460000003	3.914303998150224e-08	1.4546214607809062e-07	0.1308862425000008	0.1192569121000018	1
6.757968887872734e-08	0.2798656159393728	0.2730529320427703	-0.0023229099999998	0.0062182600000001	3.866675742742011e-05	5.3959108680316e-06	-0.0213758999999998	-0.0182202400000002	0.0003319771456574	0.0004569291008097	0.0676370999999999	-0.0313056000000002	0.0009800405913597	0.0045747772964097	-2.7634699999901173e-05	-0.0001776597000001	3.1562969396308435e-08	7.636766236730647e-10	0.0003365709999998	0.0003238558000006	1.0488257916273065e-07	1.132800379526122e-07	-0.0004058170000006	-2.442199999996663e-05	5.964338954584823e-10	1.6468743738733156e-07	0.1299072757000007	0.1154700797000017	1
-1.8361957270667973e-07	0.6929372985579242	0.4714442398371477	-0.0078737099999998	-0.0055508000000002	3.081138063988954e-05	6.1995309163984e-05	-0.0521679000000004	-0.030792	0.0009481472639999	0.0027214897904105	0.0648695999999997	-0.0027675	7.659056249860339e-06	0.0042080650041595	-0.0001896150000001	-0.0001619802999998	2.6237617835250987e-08	3.5953848417933756e-08	0.0005463740000003	0.0002098029999999	4.401729845161121e-08	2.9852454750370453e-07	-0.0002964610000005	0.0001093560000003	1.1958734616376965e-08	8.788912456651382e-08	0.1288223547000008	0.1113066079000015	1
4.91227871512582e-07	0.9865300030888824	0.3530984798160317	-0.0100587000000001	-0.0021849899999998	4.774181300026067e-06	0.0001011774456897	-0.0109828000000002	0.0411851000000003	0.0016962124620103	0.0001206218958395	0.0647020999999998	-0.0001674999999999	2.805624979716765e-08	0.0041863617444094	-0.0002454960000001	-5.5880999999806405e-05	3.122686214336977e-09	6.026828615605658e-08	0.0004530910000001	-9.328300000022503e-05	8.701718318472712e-09	2.052914539346965e-07	-0.0003938920000005	-9.743099999996109e-05	9.492799617725031e-09	1.551509075477616e-07	0.1276323643000007	0.1067800771000014	1
-1.2918257007351356e-06	1.117098943888046	0.1629934307329259	-0.0084635599999999	0.0015951399999999	2.5444716196146787e-06	7.163184787363054e-05	0.0011588500000001	0.0121416499999997	0.0001474196647223	1.3429333221244135e-06	-0.0377378000000004	-0.1024399000000006	0.0104939331120097	0.0014241415488406	3.645689999777221e-06	0.00024914169	6.20715815860499e-08	1.329093364657549e-11	0.0005200849999999	6.699400000073589e-05	4.4881961290519015e-09	2.704884060717774e-07	-5.7602400000545885e-05	0.0003362896000008	1.130906948107486e-07	3.318036661210799e-09	0.1263382751000007	0.1019052518000013	1
3.3405383211836787e-06	1.1442005770874426	0.039270503055568	-0.0140636000000002	-0.0056000399999999	3.1360448001539394e-05	0.00019778484496	0.0138872000000002	0.01272835	0.0001620108937222	0.0001928543238397	0.0679599999999999	0.1056978000000006	0.0111720249248403	0.0046185615999995	-0.0002454970000001	-0.0002491426899998	6.20720799857145e-08	6.02687766372266e-08	0.0003287430000001	-0.0001913420000006	3.661176060478591e-08	1.080719597741561e-07	-0.0003358609999999	-0.0002782586000001	7.742784819041363e-08	1.128026113245372e-07	0.1249411427000005	0.0966980328000013	1
-8.499673744311561e-06	1.124641571180366	-0.0210686388044783	-0.00280537	0.01125823	0.000126747742733	7.870100836666481e-06	-0.0657180000000004	-0.0796052000000004	0.0063369878670399	0.0043188555240001	0.0529291	-0.0150309000000001	0.0002259279548095	0.0028014896268098	-0.000245497	-2.942840909925012e-17	6.264333241009954e-17	6.02687768911232e-08	7.882279999461964e-06	-0.00032086072	1.0295160184747109e-07	6.213047469508426e-11	-0.0004502150000004	-0.000114354	1.3076837251876236e-08	2.026935461207897e-07	0.1234421064000007	0.0911754050000012	1
2.124692888958481e-05	1.0540968138325773	-0.0416629388461928	0.0082586300000003	0.0110639999999999	0.0001224120959998	6.820496947711205e-05	-0.0318223000000005	0.0338957000000003	0.0011489184784899	0.0010126587772898	0.0432785	-0.0096506	9.313408035979166e-05	0.0018730285622498	-0.0002454970000001	1.2756561634148558e-16	7.585410026642724e-17	6.026877707535449e-08	0.0002222709999997	0.0002143887200003	4.596252354144064e-08	4.9404397072254347e-08	-0.0005792410000005	-0.000129026	1.6647708710680238e-08	3.355201360529144e-07	0.1218423890000008	0.0853553819000012	1
-5.207912221752844e-05	0.7490349330031967	-0.0402740203913419	0.0035768700000007	-0.0046817600000002	2.1918876697290697e-05	1.279399899680718e-05	0.0512037000000006	0.0830260000000001	0.0068933166760001	0.0026218188936903	-0.0077517800000003	-0.0510302800000003	0.002604089476878	6.009009316876403e-05	-0.0008789790000004	-0.0006334820000003	4.01299443760557e-07	7.726040829172736e-07	-0.0004028180000004	-0.0006250890000005	3.9073625834634796e-07	1.6226234190381017e-07	-0.0005792410000005	-1.6860489106853584e-16	-1.041075209825302e-16	3.355201360141661e-07	0.1201432952000006	0.0792569473000012	1
0.0001245031582961	0.3123391814501561	-0.0292350613465987	-0.0091627199999999	-0.0127395900000003	0.0001622971533675	8.395543779836697e-05	-0.0746497000000003	-0.1258534000000006	0.0158390782915605	0.0055725777100898	0.0755916999999995	0.0833434800000002	0.0069461356585106	0.0057141051088898	8.379689999990291e-05	0.0009627759000005	9.269374338773072e-07	7.021920452279935e-09	-0.0004028180000004	-3.3995940612628483e-16	1.2689060206943439e-16	1.6226234242190706e-07	-0.000180396	0.0003988450000007	1.590773343512371e-07	3.2542716934998375e-08	0.1183462108000007	0.0728999930000014	1
-0.0002783936297615	0.0147841748365229	-0.0182772461363078	0.0210823000000006	0.0302450200000004	0.0009147612348003	0.0004444633732908	-0.0571683000000005	0.0174814000000003	0.0003055993459596	0.0032682145248908	0.0686791999999996	-0.0069125	4.778265625022917e-05	0.0047168325126399	-3.202459999986854e-05	-0.0001158215000001	1.341461985681855e-08	1.0255745601285015e-09	0.0001245490000001	0.0005273670000005	2.781159524635607e-07	1.5512453505892412e-08	-9.695069999551107e-06	0.00017070093	2.9138807375071333e-08	9.399445831817951e-11	0.1164526015000007	0.0663052540000016	1
0.0005795964699381	-0.1150448481503873	-0.0086860405156667	-0.0239584000000001	-0.045040700000001	0.0020286646564909	0.0005740049305597	0.0052670699999997	0.0624353700000002	0.0038981754270371	2.774202638443549e-05	-0.0577791000000011	-0.126458300000001	0.0159917016388901	0.0033384243968111	-0.000245497	-0.0002134724000003	4.55704650999508e-08	6.026877684400097e-08	-0.0003310870000002	-0.000455636	2.0760416416133373e-07	1.0961860198978357e-07	0.0003918540000002	0.0004015490700005	1.6124165531837986e-07	1.5354955834045418e-07	0.1144640119000006	0.0594942412000015	1
-0.0014185737605691	-0.1420473706188424	-0.0061984582385183	0.0007979939999998	0.0247563940000007	0.000612879043883	6.367944236954163e-07	-0.0099081599999997	-0.0151752300000002	0.0002302876055524	9.817163458525264e-05	-0.0580069000000013	-0.0002278	5.1892840131821364e-08	0.0033648004476113	-0.0004082300000004	-0.0001627329999999	2.6482028847720964e-08	1.6665173236823525e-07	0.0002198319999999	0.0005509190000009	3.0351174527268974e-07	4.832610786533831e-08	0.0001224640000001	-0.0002693900000009	7.257097241240549e-08	1.4997430975468146e-08	0.1123820637000004	0.0524891704000014	1
0.0395742799929768	-0.1208383442936667	0.0409215271688161	-0.0254923000000006	-0.0262902940000002	0.0006911795586062	0.0006498573592902	-0.0304944000000002	-0.0205862399999999	0.0004237932773372	0.0009299084313598	0.0499227999999992	0.1079297000000006	0.0116488201420907	0.00249228595984	0.000152562	0.0005607920000006	3.144876670275183e-07	2.3275163088125672e-08	7.364850000021306e-05	-0.0001461835000007	2.136961523101513e-08	5.424101730133393e-09	-8.268339999961876e-05	-0.0002051474000001	4.2085455252043215e-08	6.836544542894734e-09	0.1102084551000003	0.0453128909000015	1
0.3243282106654238	-0.0844385254495291	0.304219562672082	0.0058584599999999	0.0313507600000007	0.0009828701525777	3.4321553571074565e-05	-0.0483807000000002	-0.0178862999999999	0.0003199197276896	0.0023406921324905	0.0458789999999993	-0.0040438	1.635231844019191e-05	0.0021048826409999	-0.000148985	-0.0003015470000001	9.09305931464787e-08	2.2196529871276693e-08	0.0002198320000001	0.0001461835000001	2.136961492540165e-08	4.8326108345816117e-08	0.0001028770000001	0.0001855604000001	3.4432661910656824e-08	1.0583677197089569e-08	0.1079449589000005	0.0379888102000017	1
0.7349058862826459	-0.0508203343041139	0.4600846991273141	-0.0182493000000001	-0.0241077600000004	0.0005811840922176	0.0003330369504899	-0.0109392000000001	0.0374415000000002	0.0014018659222502	0.0001196660966396	0.0521596999999991	0.0062806999999999	3.9447192490073e-05	0.0027206343040897	0.0001442170000001	0.0002932020000003	8.596741242412405e-08	2.0798542666454883e-08	0.0002198320000001	-3.799870261457625e-16	-5.990923107088201e-17	4.832610811212885e-08	-2.6162599999907303e-05	-0.0001290396000002	1.6651218132886226e-08	6.844817255082633e-10	0.1055934213000007	0.0305408179000017	1
1.0082771257071297	-0.0269358561730358	0.3190447569701486	-0.0076110900000001	0.0106382100000002	0.0001131715120037	5.7928690987894925e-05	0.0144380000000004	0.0253771999999999	0.0006440022798398	0.0002084558439996	0.0208569999999991	-0.0313027000000003	0.0009798590272899	0.000435014449	-0.0003998230000001	-0.0005440400000003	2.959795216142276e-07	1.5985843098039993e-07	0.0004698320000003	0.0002500000000004	6.249999958824546e-08	2.2074210780589446e-07	0.0002810370000003	0.0003071996000006	9.43715941602102e-08	7.898179595986668e-08	0.1031557601000006	0.0229932078000019	1
1.1242820670651548	-0.0127827351694248	0.1392160356421113	-0.0081087399999999	-0.00049765	2.4765552221709464e-07	6.575166438738978e-05	-0.0617991000000002	-0.0762371000000003	0.0058120954164098	0.0038191287608101	0.0667176999999993	0.0458607000000001	0.0021032038044901	0.00445125149329	-0.000321736	7.8087000000145e-05	6.0975788910671765e-09	1.0351405324455665e-07	-3.0168099999915832e-05	-0.000500000100001	2.50000100311259e-07	9.101144828038283e-10	-0.0001790679999995	-0.0004601050000009	2.116966119291445e-07	3.2065348403373515e-08	0.1006339636000006	0.0153705986000018	1
1.1431140025099067	-0.0054757710237827	0.0276654798009918	0.0103168000000003	0.0184255400000001	0.0003395005242912	0.0001064363622399	-0.0384391000000004	0.0233600000000003	0.0005456895999997	0.00147756440881	0.0770305999999994	0.0103128999999999	0.0001063559064101	0.0059337133363599	-0.0010874700000002	-0.0007657340000003	5.863485588545643e-07	1.182591001492716e-06	-0.0001936520000001	-0.0001634839000001	2.6726984983403614e-08	3.750109771935116e-08	-0.0001790679999997	9.389144468468078e-17	-9.982075526921159e-17	3.2065348630286085e-08	0.0980300886000006	0.0076978537000018	1
1.1216328543794214	-0.002108162253692	-0.0248974742642365	-0.0258205000000003	-0.0361373000000006	0.0013059044512903	0.0006666982202499	0.0805896000000007	0.1190287000000003	0.0141678314236904	0.006494683628161	0.0767840999999994	-0.0002465000000003	6.07622498379262e-08	0.0058957980128096	-0.0006740129999999	0.0004134570000001	1.7094668967451186e-07	4.542935237249733e-07	-0.0001936520000001	-1.6478060811186635e-16	-9.557004256178563e-17	3.750109763013484e-08	-0.0004295559999999	-0.0002504880000002	6.274423829103455e-08	1.8451835638257085e-07	0.0953462589000005	1.7337755247741789e-15	1
1.0342837414630068	-0.0007004725626835	-0.0413687731131818	-0.0029805400000002	0.0228399600000002	0.0005216637728012	8.883618691168073e-06	-0.1033900000000002	-0.1839796000000008	0.0338484932161615	0.0106894920999997	0.1123869999999995	0.0356029	0.0012675664884099	0.012630837769	-0.0001507369999999	0.0005232759999998	2.7381777186482e-07	2.272164306096407e-08	-0.0001936520000003	-4.297657206134005e-17	4.2887462719624493e-16	3.7501097938985064e-08	-0.0001790679999998	0.0002504880000005	6.274423811026164e-08	3.20653482786876e-08	0.0925846634000006	-0.0076978536999983	1
0.7001970589244257	-0.0001511967514061	-0.0382348891637528	0.0248127000000008	0.0277932400000003	0.0007724641896972	0.0006156700812912	-0.0287692000000004	0.0746208000000005	0.0055682637926402	0.0008276668686398	0.0917864999999995	-0.0206005000000002	0.0004243806002501	0.0084247615822499	-0.0005919970000001	-0.0004412600000002	1.947103874891152e-07	3.504604479661033e-07	-0.0001936520000002	1.6605343958221998e-16	-1.777705604756032e-16	3.750109747928599e-08	-0.0001790679999995	-3.49020794469012e-16	-4.29777517455047e-16	3.2065348654041355e-08	0.0897475545000006	-0.0153705985999984	1
0.269637657305948	2.827821334948251e-06	-0.0268826712833729	-0.0224453	-0.0472580000000011	0.0022333185640012	0.0005037914920898	0.0078534	0.0366226	0.0013412148307598	6.16758915595534e-05	0.0822092999999996	-0.0095772000000002	9.172275983977152e-05	0.0067583690064898	-0.0013933200000005	-0.0008013230000002	6.421185509520832e-07	1.941340623254493e-06	-0.0001358500000005	5.7802000000353335e-05	3.341070626319633e-09	1.8455223060589045e-08	-0.0001790679999998	-1.7657188659863822e-16	-1.3732033670999397e-17	3.2065348483275596e-08	0.0868372463000005	-0.0229932077999987	1
-0.0074659674613464	-1.767184866505535e-06	-0.0168313385632149	-0.0052147500000003	0.0172305500000006	0.0002968918533022	2.7193617561962823e-05	-0.0143017999999996	-0.0221552000000002	0.0004908528870394	0.0002045414832395	0.1333699999999997	0.0511607	0.0026174172244901	0.0177875568999997	-0.0006995640000004	0.0006937560000006	4.81297387649077e-07	4.893897899949349e-07	-0.000193652000001	-5.780199999978235e-05	3.3410716084382274e-09	3.750109793090859e-08	-0.0001195059999998	5.956200000004083e-05	3.5476314584180373e-09	1.4281683613398938e-08	0.0838561123000005	-0.0305408178999988	1
-0.1210469601829287	6.718896765841934e-07	-0.0069222323622836	-0.0030465499999999	0.0021681999999999	4.701091239645997e-06	9.281466902212098e-06	-0.0504104000000002	-0.0361086000000001	0.0013038309939595	0.0025412084281602	0.1390619999999998	0.0056919999999997	3.2398863999968254e-05	0.0193382398439998	-0.0007119720000004	-1.2407999999876012e-05	1.5395867260308677e-10	5.069041287410276e-07	0.0001095849999991	0.0003032370000006	9.195267833874289e-08	1.2008872541874142e-08	-0.0001790679999998	-5.956200000029464e-05	3.547631685708423e-09	3.20653482158452e-08	0.0808065841000005	-0.037988810199999	1
-0.1433941648955572	-2.2318718769249585e-07	-0.0071893609934937	0.0075889200000004	0.0106354700000001	0.0001131132221203	5.759170676636288e-05	-0.0173551	0.0330553000000002	0.0010926528580898	0.0003011994960097	0.1176649999999997	-0.0213970000000002	0.0004578316089998	0.0138450522249997	-0.0006057420000004	0.0001062300000001	1.128481286637698e-08	3.66923370421751e-07	9.275329999381593e-06	-0.0001003096699999	1.0062030162655931e-08	8.603208010404907e-11	7.707520000072487e-05	0.0002561432	6.560933879750527e-08	5.940586535814251e-09	0.0776911488000005	-0.045312890899999	1
-0.0601494518230993	6.728034495855757e-08	0.0607915325815468	-0.0206585000000002	-0.0282474200000004	0.0007979167366564	0.0004267736222499	0.0084695500000001	0.0258246499999999	0.0006669125476221	7.173327720214917e-05	0.179052	0.061387	0.0037683637690001	0.0320596187039997	-0.0006134940000002	-7.751999999725663e-06	6.009361885465852e-11	3.763748876854206e-07	-6.881290000098654e-05	-7.808823000013111e-05	6.097771432446995e-09	4.735215681636992e-09	0.0002497830000007	0.0001727078	2.9827983578330113e-08	6.23915476629798e-08	0.0745123476000005	-0.0524891703999989	1
0.2902354200485186	-1.8681076379409785e-08	0.3084305813393503	-0.0024759299999999	0.0181825700000003	0.0003306058518045	6.130229364592692e-06	-0.0848715000000004	-0.0933410500000003	0.0087125516151023	0.0072031715122511	0.1849549999999999	0.0059029999999998	3.48454090000188e-05	0.034208352025	-0.0007242960000005	-0.000110802	1.2277083340789756e-08	5.246046955224054e-07	0.000768422	0.0008372349000008	7.009622784551502e-07	5.90472369938637e-07	0.0008464010000014	0.0005966180000006	3.559530384494011e-07	7.163946553042497e-07	0.0712727730000006	-0.0594942411999988	1
0.7270900878351187	4.424001295946567e-09	0.3834721583812335	-0.0453111000000013	-0.0428351700000005	0.0018348517889296	0.0020530957832119	-0.0352405000000008	0.0496310000000005	0.0024632361610002	0.0012418928402495	0.1571109999999995	-0.0278440000000003	0.0007752883359998	0.0246838663209996	-0.000782488	-5.819199999977149e-05	3.386308728216697e-09	6.122874693481722e-07	0.0004724379999998	-0.0002959840000002	8.76065283160517e-08	2.231976631778881e-07	0.0002971100000009	-0.0005492910000008	3.017206030605186e-07	8.82743523661485e-08	0.0679750673000006	-0.0663052539999986	1
1.0030838718945083	-6.618881818729718e-10	0.2361970959814277	-0.0048176000000007	0.0404935000000013	0.0016397235422507	2.3209269758811444e-05	0.0323376000000006	0.0675781000000002	0.00456679959961	0.0010457203737597	0.1496849999999997	-0.0074260000000001	5.514547600002871e-05	0.0224055992249996	-0.0010114100000003	-0.0002289219999999	5.2405281720671366e-08	1.022950188016761e-06	0.0006101729999999	0.0001377350000003	1.897093017545728e-08	3.723110896969432e-07	0.0003896670000009	9.255700000021055e-05	8.566797502451161e-09	1.5184037121359006e-07	0.0646219202000004	-0.0728999929999985	1
1.1186004707238488	-1.3171992496888412e-10	0.0932496113853068	-0.0122718	-0.0074542000000002	5.556509763986555e-05	0.00015059707524	-0.0474273999999999	-0.0797650000000005	0.0063624552249998	0.0022493582707593	0.1357149999999997	-0.0139700000000003	0.0001951608999997	0.0184185612249999	-0.001903520000001	-0.0008921100000003	7.958602526282219e-07	3.623388391890902e-06	0.0007825930000002	0.0001724200000003	2.9728656655008157e-08	6.12451803118067e-07	5.051060000099728e-05	-0.0003391564000007	1.1502706376711943e-07	2.551320856422439e-09	0.0612160665000006	-0.0792569472999986	1
1.1365829068313364	1.921564556519888e-10	0.0105335655257894	-0.0088362500000003	0.00343555	1.1803003802255032e-05	7.807931406209996e-05	-0.0592018000000006	-0.0117743999999997	0.0001386364953593	0.0035048531232405	0.1647359999999997	0.0290209999999998	0.000842218441	0.0271379496959999	-0.0022310300000012	-0.0003275099999997	1.072627998839537e-07	4.977494863294172e-06	0.0008495770000004	6.698399999982491e-05	4.486856476311963e-09	7.217810782941583e-07	-0.0001043789999992	-0.0001548896	2.399078809798072e-08	1.0894975320132853e-08	0.0577602841000005	-0.0853553818999986	1
1.1163186972288537	-1.249681265024e-10	-0.0261692276457584	-0.0123661000000001	-0.0035298499999998	1.2459841021982292e-05	0.0001529204292095	0.0829646000000007	0.1421664000000005	0.020211285288961	0.0068831248531609	0.0371487999999994	-0.1275872000000009	0.01627849360384	0.00138003334144	0.0021146700000006	0.0043457000000022	1.8885108492900244e-05	4.471829208766769e-06	0.0008495770000003	-1.7705550676145243e-16	-5.877437311844328e-16	7.217810784898814e-07	-0.0005887759999997	-0.0004843970000006	2.3464045335827227e-07	3.466571781456042e-07	0.0542573916000003	-0.0911754049999988	1
1.0100894553131547	6.633338699673985e-11	-0.035654433897542	-0.0041191599999999	0.00824694	6.801201936328382e-05	1.696747910590085e-05	-0.0527135999999997	-0.1356782000000009	0.0184085739552406	0.0027787236249585	0.1005899999999994	0.0634412000000001	0.0040247858574401	0.0101183481	0.001986360000001	-0.0001283100000004	1.646345617982474e-08	3.945626049748324e-06	0.0008495769999998	4.4441957816762985e-17	-3.2372862949279437e-16	7.217810782703297e-07	-0.0002101109999996	0.0003786650000005	1.4338718239246558e-07	4.4146632575186776e-08	0.0507102460000004	-0.0966980327999987	1
0.6499694946818907	-3.182069262531609e-11	-0.030838139926619	-0.0123828000000003	-0.0082636400000001	6.828774604956383e-05	0.0001533337358397	-0.0264132000000003	0.0263004000000001	0.0006917110401596	0.0006976571342397	0.0838555999999995	-0.0167344000000001	0.0002800401433597	0.0070317616513598	0.0015311400000009	-0.0004552200000004	2.072252484272741e-07	2.344389699014841e-06	0.0011951699999997	0.0003455930000006	1.1943452119007016e-07	1.4284313284309025e-06	-0.000498481	-0.0002883700000001	8.315725725566338e-08	2.484833069175176e-07	0.0471217404000003	-0.1019052517999989	1
0.2290925503738456	1.4377797069183736e-11	-0.0207215884375435	0.000552291	0.0129350910000003	0.000167316579178	3.0502534866640125e-07	-0.0076862099999997	0.0187269900000001	0.0003507001544597	5.907782416386192e-05	0.0449984999999994	-0.0388571000000004	0.0015098742204098	0.00202486500225	0.0019903500000007	0.00045921	2.108738237836881e-07	3.961493122509232e-06	0.0017345900000003	0.0005394200000009	2.909739368207165e-07	3.008802467870203e-06	-0.000588776	-9.0295000000164e-05	8.153186829243394e-09	3.466571778189831e-07	0.0434948016000002	-0.1067800770999991	1
-0.0273708304378358	-6.222550541523813e-12	-0.0127361558074132	-0.0221276000000004	-0.0226798910000002	0.0005143774557719	0.0004896306817601	0.0371925000000006	0.0448787099999999	0.0020140986112636	0.0013832820562502	0.0600153999999994	0.0150168999999999	0.0002255072856098	0.0036018482371598	0.0032837900000014	0.0012934400000003	1.672987033024647e-06	1.078327676582534e-05	0.0012754500000001	-0.0004591400000008	2.1080953969287402e-07	1.6267727021458075e-06	-0.0002506049999995	0.0003381710000004	1.1435962526800833e-07	6.28028661072891e-08	0.0398323878000001	-0.1113066078999992	1
-0.1265124034583191	2.6218601868908562e-12	-0.004676848719404	0.0023749699999999	0.0245025700000005	0.000600375936605	5.640482500638608e-06	-0.0619526	-0.0991451000000006	0.0098297508540099	0.0038381246467598	0.0794391999999994	0.0194237999999998	0.0003772840064398	0.00631058649664	0.0028204200000014	-0.0004633700000006	2.1471175674885305e-07	7.954768977349083e-06	0.0011666599999997	-0.00010879	1.1835263261428228e-08	1.3610955555846258e-06	-0.0004483849999997	-0.0001977800000007	3.911692814767381e-08	2.0104910811298401e-07	0.0361374862000001	-0.1154700796999994	1
-0.1423857007560086	-1.0680441507087669e-12	-0.0053272590920001	-0.0012699199999998	-0.00364489	1.328522311183096e-05	1.612696806154101e-06	-0.0453404000000005	0.0166122000000002	0.0002759651888395	0.0020557518721605	0.1043899999999995	0.0249507999999999	0.00062254242064	0.0108972720999997	0.002183780000001	-0.0006366400000005	4.053104896675906e-07	4.768895088577544e-06	0.0013	0.0001333399999998	1.7779554389713382e-08	1.6899999999252825e-06	-0.0003832569999996	6.512799999999878e-05	4.2416562403532465e-09	1.4688592791403776e-07	0.0324131103000002	-0.1192569120999994	1
-0.0349543657453047	4.3523035026703566e-13	0.0815266608052007	-0.0015923099999997	-0.0003223899999999	1.0393531164963942e-07	2.535451135734128e-06	0.0356750000000004	0.0810154000000003	0.0065634950371602	0.0012727056250001	0.0984252999999995	-0.0059647000000002	3.5577646089955985e-05	0.0096875396800895	0.0020086000000009	-0.0001751800000003	3.068803166480641e-08	4.034473959732812e-06	0.0007484619999997	-0.0005515380000009	3.041941654425145e-07	5.601953652505411e-07	8.380730000109546e-05	0.0004670643000004	2.181490609306342e-07	7.023663662656424e-09	0.0286622978	-0.1226547531999994	1
0.3417003870330163	-1.6371117243629562e-13	0.3969200562025651	-0.0094702499999997	-0.0078779400000002	6.206193864346755e-05	8.968563506271897e-05	-0.0377047999999998	-0.0733798000000005	0.0053845950480399	0.0014216519430394	0.1263629999999995	0.0279377	0.0007805150812899	0.0159676077689997	0.0020703800000008	6.177999999985265e-05	3.816768249936107e-09	4.286473344348049e-06	0.0011620699999995	0.0004136080000004	1.7107157770170053e-07	1.3504066846254435e-06	-0.0003605839999998	-0.0004443913000013	1.9748362793446138e-07	1.300208208628469e-07	0.0248881079000002	-0.1256525200999992	1
0.7677504304817602	7.14793170513161e-14	0.5323322489193623	-0.0201764000000004	-0.01070615	0.0001146216478224	0.0004070871169603	-0.0144962000000001	0.0232086	0.0005386391139599	0.0002101398144397	0.1090399999999994	-0.0173230000000001	0.0003000863289998	0.0118897215999995	0.0026412500000012	0.0005708699999999	3.258925567147359e-07	6.9762015636375855e-06	0.0020731500000003	0.000911080000001	8.300667676194245e-07	4.2979509233376165e-06	-0.0005887760000004	-0.0002281919999999	5.207158859204677e-08	3.46657177968442e-07	0.0210936190000002	-0.128240434499999	1
1.0228039202113164	-1.8881025830336516e-14	0.3518395693420397	0.0064299700000002	0.0266063700000004	0.0007078989245771	4.1344514200295233e-05	-0.0349903	-0.0204941000000001	0.0004200081348096	0.0012243210940901	0.0365750999999992	-0.0724649000000005	0.0052511617320099	0.00133773794001	-0.0002430999999998	-0.0028843500000018	8.319474924510281e-06	5.909760949719047e-08	0.0002087499999995	-0.0018644000000019	3.4759873618790123e-06	4.3576562500450775e-08	-0.0005887760000003	3.674384021236025e-17	4.742477381030895e-16	3.4665717806934965e-07	0.0172819257000002	-0.1304100552999988	1
1.1244993025622114	1.5432235404708072e-14	0.1473192853394941	-0.0036912899999995	-0.0101212600000003	0.0001024399039872	1.3625621863831824e-05	0.0464973000000005	0.0814876000000003	0.0066402289537601	0.0021619989072901	-0.0140049000000011	-0.0505800000000004	0.0025583363999998	0.0001961372240105	-0.0009551750000007	-0.0007120750000003	5.070508048922428e-07	9.123592807558272e-07	0.0002087499999995	2.3820657062074597e-16	-4.0683581547394486e-16	4.3576561914394966e-08	-0.0007651430000005	-0.0001763670000002	3.1105318687176696e-08	5.854438099123042e-07	0.0134561371	-0.1321543055999989	1
1.1350940091590556	2.6547862461219466e-15	0.0238788880454121	-0.0164380000000002	-0.0127467100000003	0.0001624786158236	0.000270207844	-0.0750326000000004	-0.1215299000000005	0.0147695165940102	0.0056298910627598	0.0908537999999992	0.1048587000000005	0.0109953469656905	0.00825441297444	-0.0008756450000007	7.953000000023118e-05	6.325020646480495e-09	7.667541663182234e-07	0.0002087499999996	-3.040407163405499e-16	-3.921228316006778e-16	4.3576562225789476e-08	-0.0008261270000002	-6.098399999947705e-05	3.719047675938246e-09	6.824858199203176e-07	0.0096193735000001	-0.1334674959999988	1
1.1123496519750282	7.15112690466897e-15	-0.0328332925038622	0.0267871000000008	0.0432251000000006	0.0018684092700104	0.0007175487264111	-0.0274943000000003	0.0475383000000003	0.0022598899668898	0.0007559365324898	-0.0328299000000012	-0.1236837000000007	0.0152976576456903	0.001077802334011	0.0017509800000006	0.0026266250000013	6.899158890923572e-06	3.0659309602902827e-06	-0.0005178750000012	-0.0007266250000001	5.279838908576471e-07	2.681945159541924e-07	-0.0002986240000002	0.0005275030000006	2.782594151416989e-07	8.917629332033519e-08	0.0057747642000002	-0.1343453431999988	1
0.9827028951586568	5.466034173406084e-15	-0.049160057612614	-0.0175151999999996	-0.0443023000000007	0.0019626937852906	0.00030678223104	0.0636683000000004	0.0911626000000006	0.00831061963876	0.004053652424891	0.1958849999999995	0.2287149000000016	0.0523105054820126	0.038370933225	-0.0001448239999997	-0.0018958040000011	3.5940728070386e-06	2.0973990683891913e-08	0.0013247800000005	0.001842655000001	3.39537745038567e-06	1.7550420482404873e-06	-0.000802324	-0.0005036999999999	2.5371368958839536e-07	6.437238008496151e-07	0.0019254449000001	-0.1347849837999989	1
0.5991992188696232	5.865093401999921e-15	-0.0439708958083031	-0.0107479000000002	0.0067672999999998	4.579634928955719e-05	0.0001155173544094	-0.1224140000000006	-0.1860823000000007	0.0346266223732912	0.0149851873960011	0.1632139999999999	-0.0326710000000005	0.0010673942409996	0.0266388097959999	0.000544317	0.0006891409999999	4.749153171234333e-07	2.9628099589945694e-07	0.0013707200000003	4.593999999985856e-05	2.1104836947381282e-09	1.8788733178680428e-06	-0.0010467400000003	-0.0002444160000003	5.973918092644466e-08	1.0956646274118262e-06	-0.0019254448999997	-0.1347849837999992	1
0.1908968991604234	5.303860229830083e-15	-0.0303480592409518	0.0068372	0.0175851000000005	0.0003092357420095	4.6747303839568114e-05	-0.0118457000000005	0.1105683000000009	0.012225348964891	0.000140320608489	0.1694849999999997	0.0062709999999998	3.932544100018216e-05	0.0287251652249997	0.0002605189999998	-0.000283798	8.054130458585445e-08	6.787014933875125e-08	0.0015531300000001	0.0001824100000001	3.3273408460185265e-08	2.412212796465102e-06	-0.0013854100000008	-0.0003386700000003	1.1469736917910592e-07	1.91936086899822e-06	-0.0057747641999999	-0.1343453431999994	1
-0.0452801931244896	5.222987344904622e-15	-0.0187655813114482	-0.0024296799999996	-0.0092668800000002	8.587506493417678e-05	5.903344902502073e-06	-0.0121668999999998	-0.0003211999999999	1.0316943952642493e-07	0.0001480334556097	0.2213059999999999	0.051821	0.0026854160410001	0.0489763456360002	0.0001102079999996	-0.0001503109999998	2.2593397016241e-08	1.2145803103142196e-08	0.00170109	0.0001479599999999	2.1892161090213e-08	2.8937071872575538e-06	-0.0007857920000003	0.0005996180000009	3.5954174771608725e-07	6.174690670207609e-07	-0.0096193734999997	-0.1334674959999993	1
-0.1309911119666987	5.023090001499184e-15	-0.0075215740633784	-0.0055838599999998	-0.0031541800000001	9.948851472270782e-06	3.1179492499554764e-05	-0.0583844000000003	-0.0462175000000001	0.0021360573062494	0.0034087381633604	0.243606	0.0222999999999997	0.0004972899999998	0.0593438832360005	0.0004452919999998	0.0003350840000003	1.1228128699703363e-07	1.9828496484047906e-07	0.0020883600000001	0.0003872700000003	1.4997805295297117e-07	4.361247489563556e-06	-0.0008151630000002	-2.9371000000261104e-05	8.626555573100817e-10	6.644907162587175e-07	-0.0134561370999997	-0.1321543055999995	1
-0.1401027904011674	4.8911950525537924e-15	-0.0064536241501851	0.0025841800000002	0.0081680400000002	6.67168774413563e-05	6.677986272234625e-06	-0.0034121099999999	0.0549722900000003	0.0030219526678441	1.1642494651714794e-05	0.247865	0.0042589999999997	1.813908100002173e-05	0.0614370582250004	3.414309999969345e-05	-0.0004111489	1.690434178394321e-07	1.1657509884806414e-09	0.0018787800000001	-0.0002095800000003	4.392377635639589e-08	3.52981428794467e-06	-0.0007811710000001	3.399199999971324e-05	1.155456005361109e-09	6.102281308688097e-07	-0.0172819256999998	-0.1304100552999995	1
-0.0056925941159623	5.31061688645769e-15	0.1074393673993127	-0.0091164499999998	-0.0117006300000002	0.0001369047423969	8.310966060257284e-05	-0.0052829599999996	-0.00187085	3.500079722063334e-06	2.7909666361201627e-05	0.233462	-0.0144030000000004	0.0002074464089996	0.0545045054440002	0.0001099339999996	7.579090000022394e-05	5.744260592186016e-09	1.2085483939131366e-08	0.0019819100000001	0.0001031300000001	1.063579692204486e-08	3.927967247811475e-06	-0.000686084	9.508699999987006e-05	9.041537427837317e-09	4.707112546627002e-07	-0.0210936189999997	-0.1282404344999994	1
0.3936680265118258	5.670601372860593e-15	0.431808206529115	-0.0091554599999999	-3.901000000003726e-05	1.521779992887246e-09	8.382244781157459e-05	-0.0592867000000002	-0.0540037400000001	0.0029164039339872	0.0035149127968903	0.253909	0.0204469999999998	0.0004180798089999	0.0644697802810004	0.000807168	0.0006972340000005	4.861352504700528e-07	6.515201799823287e-07	0.0021801700000003	0.0001982599999997	3.9307027463680666e-08	4.753141229027549e-06	-0.0006860840000004	-2.1493829720922344e-16	-3.5456995615356843e-16	4.707112547357731e-07	-0.0248881078999997	-0.1256525200999993	1
0.8059802215950814	5.961882218217726e-15	0.5266555531247427	-0.00920457	-4.910999999992774e-05	2.411792045986815e-09	8.472410888479449e-05	-0.0247285000000002	0.0345582000000003	0.00119426918724	0.0006114987122498	0.2397379999999998	-0.0141710000000001	0.0002008172409998	0.0574743086440001	0.0006347670000001	-0.0001724009999999	2.972210464333777e-08	4.029291442202772e-07	0.0024979100000007	0.0003177399999999	1.0095870746200805e-07	6.239554369218648e-06	-0.0008606480000006	-0.0001745640000002	3.0472589897425726e-08	7.407149797729489e-07	-0.0286622977999997	-0.122654753199999	1
1.0406066871265254	6.020713813055569e-15	0.3295460575668852	-0.00924555	-4.097999999994149e-05	1.679360423680112e-09	8.548019480256496e-05	-0.0011291399999997	0.02359936	0.0005569297924093	1.2749571392131073e-06	0.2216199999999998	-0.0181180000000002	0.0003282619239997	0.0491154243999999	0.0002221689999999	-0.000412598	1.7023710967348168e-07	4.935906438108364e-08	0.002631550000001	0.0001336399999999	1.7859649224890192e-08	6.925055403882149e-06	-0.0009346880000003	-7.403999999991575e-05	5.481921303815024e-09	8.736416574288358e-07	-0.0324131102999998	-0.1192569120999988	1
1.1292276558614809	6.045970721017254e-15	0.1311566153317784	-0.00920371	4.184000000007983e-05	1.7505856319720023e-09	8.470827776425569e-05	0.0185069000000006	0.0196360399999999	0.000385574066881	0.0003425053476097	0.2398619999999997	0.0182419999999996	0.0003327705639998	0.0575337790440001	0.000445292	0.0002231230000002	4.978387277717879e-08	1.982849648120097e-07	0.002487350000001	-0.0001442000000003	2.0793639865730797e-08	6.186910023139524e-06	-0.0006860839999998	0.0002486040000005	6.180394892762707e-08	4.7071125476560646e-07	-0.0361374861999998	-0.1154700796999988	1
1.1332803355228314	6.169877487799312e-15	0.0152925690169456	-0.00922136	-1.7650000000081107e-05	3.1152263714426905e-10	8.50334802498627e-05	-0.0391018999999999	-0.0576088000000004	0.0033187738374395	0.0015289585836094	0.2657289999999999	0.0258669999999997	0.0006691016889999	0.0706119014410005	-0.0003883330000002	-0.0008336250000003	6.949306410471861e-07	1.5080251895536706e-07	0.0026326800000008	0.00014533	2.1120808474286e-08	6.931003983483547e-06	-0.0011087300000004	-0.0004226460000006	1.7862964200902384e-07	1.229282213357053e-06	-0.0398323877999997	-0.1113066078999988	1
1.107307751162368	6.000401781116329e-15	-0.0363500036422769	-7.986359999991423e-05	0.0091414963999999	8.356695643133164e-05	6.3781944532427855e-09	-0.0657739000000005	-0.0266719999999998	0.0007113955839991	0.0043262059212106	0.25523	-0.0104990000000003	0.0001102290009998	0.0651423529000005	3.215339999989249e-05	0.0004204864000003	1.7680881200048062e-07	1.0338410754875952e-09	0.0022982100000008	-0.0003344700000005	1.1187018072131206e-07	5.281769204054072e-06	-0.0011389800000004	-3.024999999983628e-05	9.150623975410027e-10	1.2972754408933713e-06	-0.0434948015999996	-0.1067800770999989	1
0.9514824903513772	5.9353563384965906e-15	-0.0497006488262441	-0.0091468600000001	-0.0090669964000001	8.221042371758297e-05	8.366504785940523e-05	0.0120457	0.0778196000000003	0.0060558901441601	0.0001450988884892	0.218491	-0.0367390000000005	0.0013497541209998	0.0477383170809998	0.000315861	0.0002837076000001	8.049000193741638e-08	9.97681711846663e-08	0.0021278200000006	-0.0001703900000001	2.9032752469487314e-08	4.527617952445691e-06	-0.0011389800000002	3.354440450705641e-16	-2.745847042051818e-16	1.2972754407754592e-06	-0.0471217403999998	-0.1019052517999988	1
0.5482807708702433	5.624539992903684e-15	-0.0430293993744507	0.0004635300000001	0.0096103900000001	9.235959595210016e-05	2.1486006112667557e-07	-0.0389294999999999	-0.0509752000000003	0.0025984710150394	0.0015155059702495	0.2543319999999999	0.0358409999999998	0.001284577281	0.0646847662240005	0.0004323899999999	0.000116529	1.3579007925700476e-08	1.8696111195780522e-07	0.0024103300000005	0.0002825100000002	7.981190002966405e-08	5.809690709462952e-06	-0.0011389800000004	-7.210855219165789e-18	-2.868069146537988e-16	1.2972754409584717e-06	-0.0507102459999998	-0.096698032799999	1
0.1551139531559295	4.668829568000106e-15	-0.0290767445356432	-0.0044767899999999	-0.0049403200000001	2.4406761702337197e-05	2.0041648704025423e-05	-0.017398	0.0215315000000001	0.0004636054922495	0.0003026904039997	0.2374919999999999	-0.0168400000000003	0.0002835855999997	0.0564024500640001	0.0003158609999998	-0.0001165289999998	1.357900796710216e-08	9.976817115226105e-08	0.0023884600000007	-2.187000000008484e-05	4.782967718576185e-10	5.704741172416282e-06	-0.000926726	0.0002122540000002	4.505176064086704e-08	8.588210789760785e-07	-0.0542573915999999	-0.0911754049999992	1
-0.061200949475767	7.562659691225466e-15	-0.0178385060502428	-0.0358821000000011	-0.0314053100000004	0.0009862934961963	0.0012875251004107	-0.0385100000000004	-0.0211120000000001	0.0004457165439994	0.0014830200999999	0.0458402999999995	-0.1916517000000014	0.0367303741128904	0.0021013331040897	-0.0004369800000004	-0.0007528410000006	5.667695712745502e-07	1.9095151997035722e-07	0.0010769600000001	-0.0013115000000005	1.7200322509617718e-06	1.1598428408479988e-06	-0.000833282	9.344400000139647e-05	8.731779321937388e-09	6.943588909895337e-07	-0.0577602841	-0.0853553818999992	1
-0.1346239085350092	-4.079093214444389e-15	-0.0065815366740831	-0.0475796000000021	-0.0116974999999993	0.000136831506249	0.0022638183361617	0.0840049000000006	0.1225149000000005	0.0150099007220104	0.007056823224011	0.0100324999999992	-0.0358078000000002	0.0012821985408397	0.0001006510562497	-0.001981980000001	-0.0015450000000008	2.387025000107858e-06	3.928244721079769e-06	0.0004088139999997	-0.0006681460000001	4.464190771019178e-07	1.6712888691567636e-07	-0.0014614200000007	-0.0006281379999999	3.945573479958444e-07	2.1357484163075247e-06	-0.0612160665000006	-0.0792569472999993	1
-0.1362605420246475	3.6113322031190726e-14	-0.0050879335323965	0.0293877000000003	0.0769673000000015	0.0059239652692926	0.00086363691129	-0.0964426999999999	-0.1804476000000008	0.0325613363457613	0.0093011943832899	0.0824315999999993	0.0723991000000003	0.0052416296808103	0.0067949686785597	-0.0003973640000008	0.0015846160000008	2.5110078675933165e-06	1.57898148496866e-07	0.0004716900000006	6.287599999967917e-05	3.9533911068125616e-09	2.2249145551946097e-07	-0.0010063899999999	0.0004550299999999	2.0705230130535585e-07	1.012820831393349e-06	-0.0646219202000003	-0.0728999929999991	1
0.0275368871020721	-9.345911218239471e-14	0.1360855410961628	-0.0186814	-0.048069100000001	0.0023106383748111	0.0003489947059591	-0.0179894000000007	0.0784533000000007	0.0061549202808906	0.0003236185123595	0.0685361999999993	-0.0138953999999999	0.0001930821411597	0.0046972107104394	-0.0005670040000006	-0.0001696399999997	2.8777729577637812e-08	3.214935363726014e-07	0.0004716899999997	-1.9583202715719078e-16	-9.686854656859548e-17	2.2249145616253087e-07	-0.0011888700000003	-0.0001824800000003	3.329895058104853e-08	1.4134118769495538e-06	-0.0679750673000003	-0.066305253999999	1
0.4455972838587648	3.060285982582533e-13	0.3894870342456045	0.0131392000000003	0.0318206000000007	0.00101255058436	0.0001726385766398	0.0133514000000005	0.0313408000000001	0.0009822457446397	0.00017825988196	0.0788732999999992	0.0103370999999998	0.0001068556364099	0.0062209974528891	-0.0003897420000005	0.0001772620000002	3.142181624825651e-08	1.5189882649364498e-07	0.0002174259999994	-0.0002542640000002	6.465018152550201e-08	4.727406563413455e-08	-0.0012315500000006	-4.2680000000166985e-05	1.8215818673543518e-09	1.5167154027875e-06	-0.0712727730000003	-0.0594942411999987	1
0.8417022192804329	-8.808408320907496e-13	0.3743657028913063	0.0131390000000011	-2.0000000034109362e-07	3.9406145930807646e-14	0.0001726333210009	-0.0042756899999994	-0.0176270900000001	0.0003107143018676	1.82815249760063e-05	0.1167539999999994	0.0378807000000002	0.00143494743249	0.0136314965159993	-0.0002576550000005	0.0001320870000002	1.7446975675282015e-08	6.638609897008306e-08	0.0004531209999998	0.000235695	5.555213281698501e-08	2.053186403071528e-07	-0.0007839959999998	0.0004475540000005	2.003045835053004e-07	6.146497278660155e-07	-0.0745123476000001	-0.0524891703999986	1
1.0565135128473837	2.5543803036582467e-12	0.2009493932763265	-0.0119637999999999	-0.0251028000000007	0.0006301505678402	0.0001431325104398	-0.0522091000000003	-0.0479334100000002	0.0022976117942277	0.0027257901228101	0.1178429999999994	0.0010889999999998	1.1859209997975705e-06	0.0138869726489993	0.0002289189999999	0.0004865740000003	2.3675425746861013e-07	5.240390806415174e-08	0.0005236479999996	7.052699999999741e-05	4.974057479905588e-09	2.742072278549516e-07	-0.0006588489999996	0.0001251470000003	1.566177156268579e-08	4.3408200421932187e-07	-0.0776911488000002	-0.0453128908999984	1
1.1328646261162028	-7.174708036710107e-12	0.0670496031530638	-0.0016136700000002	0.0103501300000002	0.0001071251910166	2.603930868381004e-06	-0.0227137000000002	0.0294954000000002	0.0008699786211596	0.0005159121676897	0.0887487999999994	-0.0290942000000002	0.0008464724736399	0.0078763495014393	-7.77725000000288e-05	-0.0003066915000002	9.405967617956594e-08	6.048561227850917e-09	0.0005236479999996	3.28078300354374e-16	-1.994795611641825e-16	2.742072281756128e-07	-0.0006588489999994	4.0299753643731447e-16	-1.3632690784538411e-16	4.340820038412671e-07	-0.0808065841000003	-0.0379888101999983	1
1.1312573672936987	1.9889022996699323e-11	-0.0044970827310913	-0.0088827200000002	-0.0072690500000001	5.283908790235045e-05	7.8902714598072e-05	-0.0066642299999999	0.01604947	0.0002575854872804	4.441196149247148e-05	0.0954033999999995	0.0066545999999997	4.428370115985899e-05	0.0091018087315593	-0.0006336930000003	-0.0005559205000002	3.090476025089062e-07	4.015668181016313e-07	0.0005236479999995	2.898049590587585e-16	-1.2229541247254278e-16	2.742072280886883e-07	-0.0011460099999999	-0.0004871610000004	2.3732584096989306e-07	1.313338919989995e-06	-0.0838561123000003	-0.0305408178999983	1
1.1008206679330823	-5.415988578267044e-11	-0.033370160737228	-0.0137543000000006	-0.00487158	2.373229169621238e-05	0.0001891807684896	-0.0611724000000005	-0.0545081700000001	0.0029711405967483	0.0037420625217603	0.1622619999999997	0.0668586000000001	0.0044700723939601	0.0263289566439993	0.0001653780000001	0.0007990710000004	6.385144630258784e-07	2.7349882591417593e-08	0.0005236479999992	3.420265457826344e-17	-3.2415937019572674e-16	2.742072278574308e-07	-0.0015143300000007	-0.0003683199999997	1.3565962240408582e-07	2.2931953502657013e-06	-0.0868372463000003	-0.0229932077999983	1
0.9165135488767576	1.4528143542333744e-10	-0.0376883105067124	0.0223393000000005	0.0360936000000007	0.0013027479609601	0.0004990443244907	0.0334951000000005	0.0946675000000004	0.0089619355562503	0.0011219217240098	0.1773039999999998	0.0150419999999999	0.0002262617640001	0.0314367084159993	-0.0001518679999999	-0.0003172460000003	1.0064502442633912e-07	2.306388928782398e-08	0.0005236479999997	2.329273001129609e-16	-4.680155992517303e-16	2.742072275859297e-07	-0.0011460100000001	0.0003683200000006	1.35659622625239e-07	1.313338920254153e-06	-0.0897475545000002	-0.0153705985999983	1
0.4977482384365942	-3.8280763513126126e-10	-0.0300357940214757	-0.0038766499999994	-0.026215950000001	0.0006872760344027	1.5028415222608135e-05	-0.0673884000000002	-0.1008835000000006	0.0101774805722499	0.00454119645456	0.1871689999999999	0.0098649999999997	9.73182249997364e-05	0.0350322345609996	0.0003252439999999	0.000477112	2.2763586083800202e-07	1.0578365943740463e-07	0.0010518399999998	0.0005281920000006	2.7898678931212935e-07	1.106367385290293e-06	-0.00114601	-1.905076359839819e-16	-1.7491052449349346e-16	1.3133389205464378e-06	-0.0925846634000001	-0.0076978536999986	1
0.1218523108524917	9.925263411410546e-10	-0.0191475493591166	0.00600756	0.0098842100000002	9.769760732376284e-05	3.609077715330687e-05	-0.0224698000000002	0.0449186000000004	0.0020176806259598	0.0005048919120398	0.1871379999999999	-3.100000000017062e-05	9.610000229331254e-10	0.0350206310439994	-6.606370000015044e-05	-0.0003913077000001	1.5312171632775814e-07	4.364412376058527e-09	0.0009665509999997	-8.528900000001768e-05	7.27421331282087e-09	9.342208356217128e-07	-0.0011460099999999	9.26929301194134e-17	-2.069922743048464e-16	1.3133389201718265e-06	-0.0953462589000002	1.3218038803932389e-15	1
-0.0752731489525676	-2.532434630235572e-09	-0.011358290783147	-0.0267639000000006	-0.0327714600000003	0.001073968590532	0.0007163063432101	0.0549016000000007	0.0773714000000002	0.0059863335379598	0.0030141856825604	0.2008649999999999	0.0137269999999996	0.0001884305289996	0.0403467482249992	0.0002938810000001	0.0003599447000001	1.295601869440488e-07	8.636604154096287e-08	0.0013944299999998	0.0004278790000006	1.8308043874873533e-07	1.944435024953921e-06	-0.0015572200000005	-0.0004112100000003	1.690936642741841e-07	2.4249341295475745e-06	-0.0980300886000003	0.0076978537000012	1
-0.1375624691167753	6.348931972310398e-09	-0.0037466543111715	0.0036281599999997	0.0303920600000005	0.0009236773110436	1.3163544985064658e-05	-0.0833459	-0.1382475000000007	0.0191123712562505	0.00694653904681	0.196684	-0.0041810000000001	1.7480760999807612e-05	0.0386845958559996	0.0004142039999999	0.0001203229999996	1.447762463754474e-08	1.7156495360600687e-07	0.0014857900000002	9.13600000002379e-05	8.346649476780628e-09	2.2075719243833244e-06	-0.0012898700000003	0.0002673500000004	7.147602244126827e-08	1.663764617238471e-06	-0.1006339636000002	0.0153705986000012	1
-0.1304828957259955	-1.5601000034775178e-08	0.0009322448319017	0.0103169000000003	0.00668874	4.473924278711882e-05	0.00010643842561	-0.0237535000000003	0.0595924000000005	0.0035512541377601	0.0005642287622499	0.1896639999999999	-0.00702	4.928040000005438e-05	0.0359724328959993	0.0005131009999999	9.889700000014986e-05	9.780616546212566e-09	2.632726361242913e-07	0.0012165500000003	-0.0002692400000005	7.249017778446666e-08	1.4799939025074383e-06	-0.0011413399999997	0.0001485300000001	2.2061160754030374e-08	1.302656995784469e-06	-0.1031557601000004	0.0229932078000012	1
0.0645799901630621	3.743280800939102e-08	0.1713828907731251	-0.0028160999999997	-0.0131330000000003	0.0001724756889998	7.930419209677199e-06	-0.0039466099999997	0.01980689	0.0003923128914718	1.5575730491943423e-05	0.2385439999999999	0.0488800000000001	0.0023892544000001	0.0569032399359997	-0.0001311770000001	-0.0006442780000001	4.150941415001705e-07	1.7207405460606243e-08	0.0007149589999993	-0.0005015910000008	2.5159353099650545e-07	5.11166371571965e-07	-0.0012789000000004	-0.0001375600000003	1.8922753333416306e-08	1.6355852107989829e-06	-0.1055934213000003	0.0305408179000014	1
0.4969526462034865	-8.715302577522848e-08	0.5257304999533	0.0041905500000005	0.0070066500000001	4.9093144222227306e-05	1.7560709302662057e-05	0.0230198000000008	0.0269664099999999	0.0007271872682879	0.00052991119204	0.2809620000000001	0.0424179999999999	0.0017992867240001	0.078939645444	7.828369999993942e-05	0.0002094607000002	4.3873784709896034e-08	6.128337939897804e-09	0.0010093899999993	0.0002944310000001	8.668961361289303e-08	1.0188681714740212e-06	-0.0010365600000008	0.00024234	5.8728675338918127e-08	1.0744566336906162e-06	-0.1079449589000001	0.0379888102000017	1
0.8748563939048238	1.9547709350498378e-07	0.584887773410723	-0.0120333999999998	-0.0162239500000006	0.0002632165536025	0.0001448027155598	-0.0822084000000004	-0.1052282000000005	0.0110729740752403	0.0067582210305607	0.2694550000000001	-0.0115070000000002	0.0001324110489997	0.0726059970250001	5.213520000004727e-05	-2.6148500000141795e-05	6.837440568888167e-10	2.7180793993864603e-09	0.0012258899999998	0.0002164999999999	4.687224956644532e-08	1.502806291800838e-06	-0.0008722990000005	0.0001642610000001	2.6981675868313322e-08	7.609055451645249e-07	-0.1102084551000001	0.0453128909000019	1
1.0707143434866058	-4.157415340613981e-07	0.351859378412642	0.0087743900000002	0.0208077900000004	0.000432964124684	7.698991987205345e-05	-0.0202017000000002	0.0620067000000005	0.0038448308448902	0.0004081086828896	0.2694790000000001	2.399999999984481e-05	5.760001514921734e-10	0.072618931441	-4.631379999993207e-05	-9.8448999999986e-05	9.692205410099233e-09	2.144968397546253e-09	0.0014226600000002	0.0001967699999999	3.8718433056347866e-08	2.0239614753584234e-06	-0.000872299	-3.6711852488739345e-17	-2.9090680665617783e-16	7.609055449710182e-07	-0.1123820637000001	0.052489170400002	1
1.1355012965556528	8.121975371427685e-07	0.1337119250790362	-0.0079079899999999	-0.0166823800000004	0.0002783018024646	6.253630584013811e-05	-0.0049151899999997	0.0152865099999999	0.0002336773879796	2.415909273564632e-05	0.2532549999999999	-0.0162240000000004	0.0002632181759997	0.0641380950249998	0.0004009580000003	0.0004472718000001	2.000520630421176e-07	1.607673176355979e-07	0.0014226600000001	1.5955596086510358e-17	1.8918015548351316e-16	2.02396147525412e-06	-0.0007957269999995	7.657200000021085e-05	5.863271000525676e-09	6.331814582189023e-07	-0.1144640119000001	0.059494241200002	1
1.1291034863322855	-1.3460462013696734e-06	0.0092366508113234	-0.0244973000000008	-0.0165893100000001	0.0002752052062763	0.0006001177072904	-0.0408772000000002	-0.0359620100000001	0.0012932661632395	0.0016709454798395	0.311697	0.0584419999999999	0.003415467364	0.0971550198090008	-0.0003112439999996	-0.0007122020000004	5.072316893091043e-07	9.687282758231493e-08	0.0014226599999995	2.3169135598619675e-16	-7.429686109841795e-16	2.0239614749908687e-06	-0.0008722990000003	-7.657199999980948e-05	5.863270942989807e-09	7.60905545039115e-07	-0.1164526015	0.066305254000002	1
1.0924599475887449	1.3656097557403667e-06	-0.0446936697856219	0.0096787699999998	0.0341760700000007	0.0011680037606457	9.367858871237498e-05	-0.0548728000000003	-0.0139955999999999	0.0001958768193591	0.0030110241798403	0.2799440000000002	-0.0317530000000004	0.0010082530089998	0.0783686431360003	-1.514849999949094e-05	0.0002960955	8.767254445926774e-08	2.2947703251875672e-10	0.000676367999999	-0.0007462920000004	5.569517499485621e-07	4.574736707874285e-07	-0.0013414400000006	-0.0004691410000007	2.20093278678698e-07	1.7994612741324709e-06	-0.1183462108	0.0728999930000021	1
0.8778545415912625	2.2107630119920893e-06	-0.0569566021008045	0.0004005740000003	-0.0092781960000001	8.608492101411247e-05	1.604595291960838e-07	0.0686071000000008	0.1234799000000004	0.0152472857040107	0.0047069341704105	0.2487730000000001	-0.0311710000000005	0.0009716312409998	0.0618880055289997	5.198870000030692e-05	6.7137199999719e-05	4.5074030121383185e-09	2.7028249355825264e-09	0.0008466579999998	0.0001702900000002	2.899868426288501e-08	7.168297689204976e-07	-0.0011022699999999	0.0002391700000004	5.7202288823813336e-08	1.2149991527748743e-06	-0.1201432952000003	0.079256947300002	1
0.4481248785379221	-2.1475957129029184e-05	-0.0479010266670213	0.0158337000000008	0.0154331259999996	0.0002381813781313	0.0002507060556909	-0.0914716	-0.1600787000000009	0.0256251901936909	0.0083670536065599	0.2111070000000001	-0.0376660000000005	0.0014187275559996	0.0445661654489996	0.000295975	0.0002439862999996	5.9529314622865735e-08	8.7601200588036e-08	0.0009083880000001	6.173000000015459e-05	3.8105933022045335e-09	8.251687585128534e-07	-0.0012294299999996	-0.0001271600000007	1.6169664902157098e-08	1.511498125558694e-06	-0.1218423890000002	0.0853553819000019	1
0.0908736437400176	0.0001014900112659	-0.0320296926032029	0.0027564300000003	-0.0130772700000001	0.0001710149906523	7.597906344755334e-06	0.0192745999999999	0.1107462000000008	0.0122647208144411	0.0003715102051592	0.304512	0.0934050000000004	0.0087244940250007	0.0927275581440005	0.0003540000000001	5.802500000015349e-05	3.366900276879878e-09	1.2531600053061308e-07	0.0011227399999998	0.0002143519999995	4.5946780236666574e-08	1.2605451072630714e-06	-0.0010991400000001	0.00013029	1.6975483662695324e-08	1.2081087397683457e-06	-0.1234421064000003	0.0911754050000017	1
-0.0872508371174193	-0.0003609603989362	-0.0189711315769333	0.0027924200000003	3.5989999999675674e-05	1.2952798859446859e-09	7.79760945636656e-06	-0.0788541000000001	-0.0981287000000004	0.0096292417636897	0.0062179690868105	0.2792720000000003	-0.0252400000000004	0.0006370575999996	0.0779928499840003	2.066950000159865e-07	-0.0003537933050004	1.2516970297253785e-07	4.28002529141127e-14	0.0010294599999996	-9.32799999999902e-05	8.701158026423177e-09	1.0597878915127673e-06	-0.0007863659999997	0.000312774	9.782757538535867e-08	6.183714853945623e-07	-0.1249411427000002	0.0966980328000016	1
-0.1407335880301139	0.0008326804709152	-0.0079301480850376	0.0027879	-4.519999999995091e-06	2.0430051646329415e-11	7.772386409657443e-06	-0.0127631000000002	0.0660910000000004	0.0043680202810001	0.0001628967216096	0.2394100000000002	-0.0398620000000005	0.0015889790439999	0.0573171480999995	-0.0002325500000002	-0.0002327566950001	5.417567930553657e-08	5.4079502690151995e-08	0.0011032699999999	7.381000000019955e-05	5.447916609697851e-09	1.2172046933306568e-06	-0.0008722979999992	-8.593200000025875e-05	7.384308399248172e-09	7.609038000867693e-07	-0.1263382751000003	0.1019052518000017	1
-0.1306633257713447	0.0083399846925625	0.0038721294142996	0.0027939500000002	6.049999999998507e-06	3.6602237289371625e-11	7.80615660253883e-06	-0.0018984799999996	0.0108646199999999	0.0001180399677439	3.604226310148893e-06	0.295144	0.055734	0.0031062787560002	0.0871099807360003	3.0062799999875005e-05	0.0002626128000003	6.896548269053613e-08	9.037719454305327e-10	0.0010401299999996	-6.314000000025206e-05	3.986659842430898e-09	1.0818704165808338e-06	-0.0007658569999996	0.0001064409999995	1.1329686241369009e-08	5.865369438716826e-07	-0.1276323643000002	0.1067800771000017	1
-0.0966206508218846	0.2019594202454638	0.2072327446534708	-0.0117222	-0.0145161500000004	0.0002107186108225	0.0001374099728399	-0.0810020000000005	-0.0791035200000003	0.0062573668763902	0.006561324004001	0.3145380000000003	0.0193939999999997	0.0003761272359998	0.0989341534440006	0.0006558990000002	0.0006258362000003	3.916709492652213e-07	4.30203498223558e-07	0.0015597199999998	0.0005195900000002	2.699737684753134e-07	2.4327264785183496e-06	-0.0004786929999996	0.0002871640000001	8.246316311094392e-08	2.291469873243161e-07	-0.1288223547000002	0.1113066079000016	1
-0.0608691967028095	0.6081303344304855	0.4970695234348672	-0.0204638000000006	-0.0087415999999998	7.64155705600018e-05	0.00041876711044	-0.0252369000000005	0.0557651000000005	0.0031097463780105	0.0006369011216096	0.3570350000000002	0.0424970000000001	0.0018059950090001	0.1274739912250012	0.0009595180000004	0.0003036190000003	9.218449717896945e-08	9.206747925868632e-07	0.0019020699999998	0.00034235	1.1720352306340441e-07	3.6178702852514593e-06	0.0002469200000006	0.000725613000001	5.265142275781122e-07	6.096948625712725e-08	-0.1299072757	0.1154700797000016	1
-0.0335610980064511	0.939133857601258	0.4550051240442516	-0.0197363000000004	0.0007275000000003	5.292562501680843e-07	0.0003895215376899	0.0529950000000007	0.0782319000000002	0.0061202301776103	0.0028084700250002	0.3830980000000004	0.0260629999999999	0.0006792799689998	0.1467640776040016	-0.0005658780000001	-0.0015253960000007	2.326832957271558e-06	3.202179108055321e-07	0.0017717399999996	-0.0001303300000003	1.6985908196523632e-08	3.139062627659445e-06	0.0002973740000009	5.045399999930007e-05	2.545605063093275e-09	8.843129606781268e-08	-0.1308862425000002	0.1192569121000015	1
-0.0164861833439989	1.099788437637868	0.2395524687163137	-0.00923242	0.01050388	0.000110331495054	8.523757905607364e-05	-0.0305137000000001	-0.0835087000000007	0.0069737029756899	0.0009310858876896	0.00772081	-0.3753771900000018	0.1409080347722995	5.96109070555096e-05	0.0011289599999999	0.0016948380000001	2.872475845667701e-06	1.2745506819239516e-06	0.0007803469999999	-0.0009913929999999	9.828600798292517e-07	6.089414407392394e-07	-0.0010211699999998	-0.0013185440000005	1.73855828065543e-06	1.042788168991919e-06	-0.1317584565000001	0.1226547532000015	1
-0.0072991463706754	1.1445408888883335	0.0766725988546653	0.0090843800000001	0.0183168000000003	0.00033550516224	8.252595998457894e-05	-0.00885982	0.0216538800000001	0.0004688905190542	7.849641043231657e-05	0.0089284299999995	0.00120762	1.4583460640809373e-06	7.971686226411399e-05	0.0008989869999998	-0.0002299730000002	5.2887581043859696e-08	8.081776257657125e-07	0.0011330900000005	0.0003527430000004	1.2442762423826234e-07	1.2838929485515948e-06	-0.000758236999999	0.0002629330000005	6.913376260188745e-08	5.749233474085723e-07	-0.1325232065000008	0.1256525201000013	1
-0.0029149927839045	1.129692816755609	-0.0092182630824821	-5.621249999963722e-05	-0.0091405925000004	8.355043125114344e-05	3.159845249834318e-09	0.0205050000000002	0.02936482	0.0008622926536321	0.000420455025	-0.0374746000000006	-0.0464030300000001	0.0021532411931802	0.0014043456451597	0.0007789969999998	-0.0001199899999998	1.4397599803877906e-08	6.068363254491398e-07	0.0012353700000005	0.00010228	1.0461198716117803e-08	1.5261390368945689e-06	-0.0012032299999995	-0.0004449930000008	1.980187706183905e-07	1.4477624330487475e-06	-0.1331798687000006	0.1282404345000014	1
-0.001026305911532	1.082933112853274	-0.0430715773094838	-0.0182468000000005	-0.0181905875000003	0.0003308974735954	0.00033294571024	0.0219719000000003	0.0014668999999998	2.1517956095153407e-06	0.0004827643896097	-0.0421042000000007	-0.0046295999999998	2.1433196159405125e-05	0.0017727636576398	0.0020420800000005	0.0012630830000006	1.5953786647103395e-06	4.170090726646106e-06	0.0007803469999998	-0.0004550230000002	2.070459312287653e-07	6.089414403973177e-07	-0.00120323	1.7969558635564334e-16	-4.414803706983859e-16	1.44776243329673e-06	-0.1337279074000008	0.1304100553000014	1
-0.0002751627375703	0.8356623884276794	-0.0470414412454895	0.0168490000000002	0.0350958000000004	0.0012317151776403	0.0002838888010003	-0.0692094000000004	-0.0911813000000004	0.0083140294696898	0.0047899410483605	-0.0240980000000007	0.0180062000000003	0.0003242232384398	0.0005807136039999	0.0019523400000007	-8.974000000040216e-05	8.053267449199285e-09	3.8116314759092577e-06	0.0007803470000002	-3.5663782830045536e-17	-6.455760001770074e-16	6.089414407201813e-07	-0.0012032299999998	-1.3431700842814855e-16	-5.155117464905491e-16	1.4477624333333222e-06	-0.1341668758000008	0.1321543056000015	1
-1.6787065428504347e-05	0.4012160734577533	-0.0370017269808624	0.0001461310000002	-0.0167028690000005	0.0002789858328309	2.13542688140603e-08	-0.0056777800000004	0.0635316200000004	0.0040362667398247	3.2237185728176914e-05	-0.0683171000000012	-0.0442191000000001	0.0019553288048098	0.0046672261524105	0.0004713599999998	-0.0014809800000009	2.193301761179037e-06	2.2218024950451058e-07	0.0007803470000004	3.663918854890298e-17	-1.0403483461843014e-15	6.089414406480457e-07	-0.00120323	4.4294717409796025e-17	2.2657883447960706e-17	1.4477624331382416e-06	-0.1344964157000008	0.1334674960000016	1
1.6140901672733957e-06	0.0583607087136681	-0.0232428836961299	0.000146127	-3.999999972909846e-09	-4.816817699962395e-16	2.135309987840233e-08	-0.0056784999999999	-7.200000000649552e-07	5.180692506135221e-13	3.224536224989545e-05	-0.0683236000000015	-6.499999999902295e-06	4.224997125330745e-11	0.0046681143169605	0.0002477119999994	-0.000223648	5.0018427623929e-08	6.136123467107382e-08	0.0007803470000005	-6.705218835836315e-17	-2.036092769627814e-17	6.089414403537167e-07	-0.00120323	-3.689556069363333e-17	5.961042451432814e-17	1.4477624327685691e-06	-0.1347162584000008	0.1343453432000018	1
-2.1198576912505326e-06	-0.0813534998826192	-0.0145872056281843	-0.0063031300000002	-0.006449257	4.159291585164201e-05	3.97294477966842e-05	-0.0202308000000001	-0.0145523	0.0002117694352896	0.0004092852686399	-0.0615327000000014	0.0067909	4.611632281000864e-05	0.0037862731692905	0.0021258200000003	0.001878108000001	3.527289659942435e-06	4.519110673166294e-06	0.0012198900000006	0.0004395430000001	1.9319804967549718e-07	1.4881316123536967e-06	-0.0012609800000001	-5.7750000000101537e-05	3.335062329248213e-09	1.5900705607478538e-06	-0.1348262246000008	0.1347849838000018	1
