trial_type.stimulus_shape	trans_x	trans_x_derivative1	trans_x_derivative1_power2	trans_x_power2	trans_y	trans_y_derivative1	trans_y_derivative1_power2	trans_y_power2	trans_z	trans_z_derivative1	trans_z_derivative1_power2	trans_z_power2	rot_x	rot_x_derivative1	rot_x_derivative1_power2	rot_x_power2	rot_y	rot_y_derivative1	rot_y_derivative1_power2	rot_y_power2	rot_z	rot_z_derivative1	rot_z_derivative1_power2	rot_z_power2	cosine00	cosine01	cosine02	intercept
-3.176861425859747e-09	0.0001200919999975	9.868351394559108e-16	-2.4079207981440802e-15	1.4422087893368397e-08	0.0345314000000035	-1.1530682753960602e-15	-1.1558333600703276e-15	0.0011924175859611	-0.0497973000000022	3.3637327049462923e-16	-4.68778758441899e-16	0.0024797710872921	0.0009270470000092	-1.832622993647177e-15	-4.649057063207779e-16	8.594161424075071e-07	0.000626800000005	-6.543668040804492e-16	6.294825891549022e-16	3.928782422118279e-07	0.0005404660000034	-3.9203318686361343e-16	-1.1045591371022306e-15	2.921035003862395e-07	-1.0369130429728438e-15	-8.868104120654419e-16	-7.393425387528028e-16	1
8.871206673818182e-09	0.0127506000000007	0.0126305080000033	0.0001595297323409	0.0001625778003623	0.037509200000001	0.0029777999999999	8.867292839819903e-06	0.0014069400846409	-0.030589200000003	0.0192081000000028	0.0003689511056111	0.000935699156639	0.0007394790000011	-0.0001875680000011	3.518175447644096e-08	5.468291934922098e-07	0.0007016380000002	7.483800000191332e-05	5.60072679407355e-09	4.922958836302511e-07	-9.480560000154108e-05	-0.0006352716000033	4.035700094282191e-07	8.988099744136904e-09	0.1226193154000016	0.1225936593000009	0.122550903000001	1
-2.4325514611899453e-08	6.075079999883933e-05	-0.0126898492000034	0.0001610322727225	3.690658730246986e-09	0.0375129000000011	3.699999999749929e-06	1.3689523557422059e-11	0.0014072176664108	-0.0306521000000026	-6.289999999985696e-05	3.956408612583164e-09	0.0009395512344088	0.0006540490000015	-8.543000000027475e-05	7.298286233671915e-09	4.277800957417313e-07	0.0007016379999998	-7.837229890234731e-16	-2.36291496920211e-15	4.922958844068375e-07	-9.480560000418612e-05	5.670609331815695e-16	-2.7249551789305205e-15	8.988101608942562e-09	0.1225509030000013	0.122320104900001	0.1219357633000009	1
6.557498474161386e-08	0.0067379799999998	0.0066772292000017	4.458538978883542e-05	4.5400374479720405e-05	-0.0041117500000013	-0.0416246500000015	0.0017326114876245	1.690648806022249e-05	-0.0263722000000024	0.0042799000000008	1.831754400965919e-05	0.0006954929328389	0.000736757000001	8.270799999820209e-05	6.8406123703451875e-09	5.428108810838628e-07	0.000484975	-0.0002166630000008	4.6942856117110014e-08	2.352007487859645e-07	9.17950999982192e-05	0.0001866007000025	3.4819820324095365e-08	8.42633740728338e-09	0.1224141163000018	0.1217736065000011	0.1207085716000011	1
-1.738685104431913e-07	0.0088404100000014	0.0021024299999995	4.420211902321762e-06	7.815284896827511e-05	0.0151579999999982	0.0192697500000016	0.0003713232650633	0.0002297649639986	-0.0349478000000032	-0.0085756000000006	7.354091535975442e-05	0.0012213487248391	0.0001659269999982	-0.0005708300000014	3.258468920438157e-07	2.7531766690975785e-08	0.0005485330000008	6.355799999993585e-05	4.039619715889368e-09	3.008884538178844e-07	3.2509899999613555e-05	-5.928520000121185e-05	3.514733536034557e-09	1.0568930854677324e-09	0.1222090316000019	0.120955383600001	0.1188754878000008	1
4.533776251346218e-07	7.247979999869165e-05	-0.0087679302000023	7.687659999315092e-05	5.253321258825019e-09	0.0374722000000004	0.0223142000000011	0.0004979235216405	0.0014041657728402	-0.009219740000001	0.0257280600000032	0.0006619330713678	8.500360566692979e-05	0.0004150819999993	0.0002491550000017	6.207821394585223e-08	1.722930667337723e-07	0.0007016380000007	0.0001531050000004	2.344114084308825e-08	4.922958855145457e-07	0.0001416129999989	0.0001091031000012	1.1903485595667704e-08	2.0054242349560985e-08	0.1219357633000014	0.119867261900001	0.116445712800001	1
-1.1618262006573249e-06	0.0103161000000001	0.0102436202000028	0.0001049317548029	0.0001064219192106	0.0356899000000013	-0.0017823000000004	3.1765932892419523e-06	0.0012737689620113	-0.0345827000000024	-0.025362960000003	0.0006432797399657	0.0011959631392885	0.0003605529999988	-5.452899999884012e-05	2.9734116168651114e-09	1.2999846334123306e-07	0.0007016380000022	5.067970266883997e-16	-6.071455080320667e-16	4.922958859961803e-07	2.689159999881294e-05	-0.0001147213999998	1.3160998088971446e-08	7.231584799780154e-10	0.1215944640000013	0.1185116696000008	0.1134314430000009	1
2.921728557815763e-06	0.0089203600000016	-0.001395740000001	1.948090145285412e-06	7.957282252994436e-05	0.0196936999999999	-0.0159962000000006	0.0002558784144398	0.0003878418196882	-0.0231100000000021	0.0114727000000015	0.00013162284529	0.0005340720999984	0.0003765969999978	1.6043999999753135e-05	2.5740974060813763e-10	1.418252993891428e-07	0.0007016380000024	-1.0422134001389936e-15	-8.00454980103897e-17	4.922958870652843e-07	0.0002655490000015	0.0002386574000015	5.695735518493165e-08	7.051627172839775e-08	0.1211853240000014	0.1168916313000007	0.109847808200001	1
-7.183200516609263e-06	7.630839999883289e-05	-0.0088440516000024	7.821724870484831e-05	5.822971355771475e-09	0.0308447000000002	0.0111510000000004	0.0001243448009997	0.0009513955180898	-0.0161535000000013	0.0069565000000007	4.839289224922648e-05	0.0002609355622484	0.0004537419999996	7.71450000011152e-05	5.9513503593874385e-09	2.058818031946072e-07	0.000401141	-0.0003004970000029	9.029844764686969e-08	1.609141000876669e-07	0.000299543000001	3.399399999906487e-05	1.1555903311636967e-09	8.972600983199337e-08	0.1207085716000014	0.1150107621000008	0.1057127965000009	1
1.7246898086783083e-05	6.979919999715371e-05	-6.509199999109364e-06	4.236765433210304e-11	4.871927842114921e-09	0.0425001000000017	0.0116554000000001	0.0001358483491593	0.0018062585000123	-0.0132473000000008	0.0029062000000001	8.445998438920533e-06	0.0001754909572879	0.0002140299999994	-0.0002397120000006	5.7461843430979874e-08	4.580883979562086e-08	0.0002636679999982	-0.0001374729999998	1.8898825906255472e-08	6.952081262837058e-08	0.0003805900000002	8.104700000106893e-05	6.568615484207389e-09	1.4484874881845113e-07	0.1201644728000013	0.1128732589000007	0.1010471634000006	1
-4.024691126145828e-05	0.0076182299999999	0.007548430800002	5.697880754279458e-05	5.803742833164899e-05	0.0090643199999998	-0.0334357800000015	0.0011179513842092	8.216189706079614e-05	-0.0215438000000015	-0.0082965000000009	6.883191224950828e-05	0.000464135318438	0.0004543259999995	0.0002402960000008	5.7742165755141094e-08	2.0641211487204842e-07	0.000263667999999	1.1437720314052008e-15	-1.554291497229981e-15	6.952081205318125e-08	7.972940000025325e-05	-0.0003008606000023	9.051710034618289e-08	6.356774322457218e-09	0.1195533312000013	0.1104838913000008	0.0958743277000008	1
9.027073954136229e-05	0.0119632000000024	0.0043449700000002	1.8878764300139977e-05	0.000143118154242	0.0257698999999995	0.0167055800000009	0.0002790764031364	0.0006640877460092	-0.0121909000000008	0.0093529000000011	8.747673840950447e-05	0.0001486180428086	0.0004543259999995	6.853459507161273e-16	-8.237956028467382e-16	2.06412115344243e-07	0.0002636679999992	7.834307335014623e-16	4.034236857481733e-16	6.952081235128155e-08	0.0005081800000032	0.0004284506000027	1.835699183059561e-07	2.58246917547826e-07	0.1188754878000013	0.1078479910000007	0.0902202545000005	1
-0.0001832332445737	0.014459400000003	0.0024961999999998	6.231014438042469e-06	0.0002090742483625	0.0638192000000027	0.0380493000000011	0.001447749230491	0.0040728902886461	0.0059555300000013	0.0181464300000016	0.0003292929217441	3.546833758174128e-05	0.0004543260000008	1.863100867265051e-15	-2.211661093464164e-15	2.0641211500369929e-07	0.0002636679999991	1.002027983112116e-15	3.856733049993162e-16	6.952081365649376e-08	1.8225499999240656e-05	-0.0004899545000029	2.400554142061456e-07	3.321668540221957e-10	0.1181313206000005	0.1049714396000004	0.0841133241000007	1
0.0003315328526588	0.0099950200000025	-0.004464380000002	1.9930688784528983e-05	9.990042480011234e-05	0.0312386000000019	-0.0325806000000023	0.0010614954963598	0.0009758501299593	0.0037545400000016	-0.0022009900000009	4.844356979124129e-06	1.4096570611717683e-05	0.000584440000001	0.0001301139999992	1.6929652415033113e-08	3.415701157127544e-07	0.0002636679999999	-1.5609356686158075e-16	-1.7169215785250802e-15	6.952081360392037e-08	0.0004716560000024	0.0004534305000036	2.055992210388297e-07	2.224593843149911e-07	0.1173212450000003	0.1018606559000005	0.0775841900000007	1
-0.0008597745155185	0.0089455900000017	-0.001049430000001	1.1013033237696525e-06	8.002358044692474e-05	0.031245600000001	6.999999999709289e-06	4.899894744182288e-11	0.0009762875193597	0.0059720500000016	0.0022175099999996	4.917350598634566e-06	3.566538120279e-05	0.0002933519999999	-0.0002910880000012	8.473222306776794e-08	8.60553956886123e-08	0.000263668000001	-4.530531683216127e-16	-1.968663281662749e-15	6.952081441751128e-08	0.0002838190000024	-0.000187837000002	3.5282737163325844e-08	8.05532235148068e-08	0.1164457128000007	0.0985225813000005	0.0706656249000004	1
0.0299008565587062	0.0090145000000017	6.890999999969343e-05	4.748587693477621e-09	8.126121024935366e-05	0.0423350000000018	0.0110893999999999	0.0001229747923591	0.0017922522250008	0.0301243000000041	0.024152250000002	0.0005833311800657	0.0009074734504975	-0.000101122000001	-0.0003944740000017	1.5560973695000997e-07	1.0225657921190346e-08	0.0002636690000021	9.99998863424085e-10	-3.1608381539252644e-15	6.952134252305563e-08	3.592139999882163e-05	-0.0002478975999997	6.145321906981677e-08	1.290345562524803e-09	0.1155052126000003	0.0949646642000006	0.0633923564000002	1
0.2937739000797961	0.010495700000002	0.0014811999999998	2.193953438122573e-06	0.0001101597184903	0.0312542000000016	-0.0110808000000009	0.0001227841286384	0.0009768250176403	0.0059769100000024	-0.0241473900000038	0.0005830964438153	3.572345314827937e-05	0.0002569060000004	0.0003580280000027	1.281840484954427e-07	6.600069377967479e-08	-0.000271403000002	-0.0005350720000032	2.86302050176366e-07	7.365958572801423e-08	-9.380370000231032e-05	-0.0001297251000001	1.6828601631926197e-08	8.799133573910761e-09	0.1145002691000009	0.0911948439000009	0.0558008923000006	1
0.7056608493085526	0.0086566200000019	-0.0018390800000009	3.3822152450610987e-06	7.493706982355524e-05	0.0061953699999996	-0.025058830000001	0.0006279449609687	3.838260943501432e-05	0.0060100400000017	3.312999999952024e-05	1.0975952833999339e-09	3.612058080217988e-05	0.0002038560000012	-5.305000000101008e-05	2.8143007819911443e-09	4.1557269029958215e-08	0.0001561929999993	0.0004275960000034	1.8283834188505973e-07	2.4396252967713463e-08	-0.0001963160000033	-0.0001025122999996	1.0508769798314412e-08	3.853997075974337e-08	0.1134314430000017	0.0872215321000015	0.047929337700001	1
0.9933444521009496	6.676129999878636e-05	-0.0085898587000019	7.378567248832733e-05	4.457070649918597e-09	0.0275388000000003	0.0213434300000009	0.0004555420041648	0.0007583855054403	0.000241226000001	-0.005768814000001	3.3279214965671306e-05	5.8189982665068884e-08	0.0001215550000012	-8.23009999993507e-05	6.773454333178421e-09	1.4775617030701862e-08	0.0001561929999998	-1.0057868171183336e-16	-2.0859578547096464e-15	2.4396252555187143e-08	0.0004255710000002	0.0006218870000043	3.867434478291163e-07	1.811106772569868e-07	0.1122993305000021	0.0830535951000018	0.0398172036000011	1
1.1184621199054672	0.0071892999999995	0.0071225387000025	5.0730557534378633e-05	5.1686034488598303e-05	0.0280830000000013	0.0005441999999996	2.961536389535581e-07	0.0007886548890005	0.0060265600000017	0.0057853340000003	3.34700894905033e-05	3.6319425433706265e-05	-0.0002077320000009	-0.0003292870000015	1.084299286562407e-07	4.3152582657364776e-08	-0.0002932360000017	-0.000449429000002	2.019864292156195e-07	8.59873501015989e-08	0.0004577330000028	3.216200000035616e-05	1.0343921731754026e-09	2.0951950243621898e-07	0.1111045634000021	0.078700333000002	0.0315052085000011	1
1.1456572470034794	5.4958499998784697e-05	-0.0071343415000014	5.089882864013849e-05	3.0204358435162712e-09	0.0036515999999996	-0.0244314000000009	0.0005968933059598	1.333418255856512e-05	3.79022000010292e-05	-0.005988657800001	3.586402224454017e-05	1.4365760852732304e-09	0.0002786080000015	0.0004863400000024	2.365265947581888e-07	7.762241783503407e-08	-1.1619000001537306e-05	0.0002816170000025	7.930813380526058e-08	1.3500029439244806e-10	0.0003148270000023	-0.0001429060000027	2.0422123661883693e-08	9.911603948243617e-08	0.1098478082000025	0.074171459700002	0.023035074200001	1
1.0876067177392268	5.665329999775197e-05	1.694800000838394e-06	2.871447213291317e-12	3.2095969763252894e-09	0.0136631999999996	0.0100116000000007	0.0001002321345595	0.0001866830342393	0.0060561600000014	0.0060182578000003	3.621942694717046e-05	3.66770739459164e-05	-0.000299601	-0.0005782090000033	3.343256501317208e-07	8.976075844470671e-08	-0.0003055040000023	-0.0002938850000014	8.636839349682686e-08	9.333269273224488e-08	0.0003849770000016	7.015000000026984e-05	4.921021374863854e-09	1.48207291307848e-07	0.1085297661000024	0.0694770808000019	0.0144493163000007	1
0.7752862125297595	3.610029999755026e-05	-2.0552999999039205e-05	4.2242539127217855e-10	1.3032314822123796e-09	0.0263977000000008	0.0127345000000004	0.0001621674902491	0.0006968385652907	0.0060498200000016	-6.340000000384765e-06	4.0194468413370696e-11	3.660032203239592e-05	-0.0005496010000025	-0.0002499999999998	6.249999866713489e-08	3.020612578302641e-07	-0.0001453070000013	0.000160197000002	2.5663077333299495e-08	2.111412467486808e-08	0.000368898000002	-1.6079000000522832e-05	2.5853318442965675e-10	1.36085735562547e-07	0.1071511725000018	0.0646276715000013	0.0057910305000003	1
0.3303656382843391	-0.0022452300000023	-0.0022813302999999	5.2044679376884006e-06	5.04105775415404e-06	-0.0167697000000017	-0.0431674000000013	0.0018634244227614	0.0002812228380887	0.0060685900000014	1.8769999999702486e-05	3.5231190281466224e-10	3.6827784589225374e-05	0.0003192690000007	0.0008688700000035	7.549350814034088e-07	1.0193269591138268e-07	2.302729999991561e-05	0.0001683343000016	2.8336435138450106e-08	5.302571190427662e-10	0.0002319900000013	-0.0001369080000018	1.874379997695596e-08	5.381935917082231e-08	0.1057127965000017	0.0596340525000007	-0.0028963232000002	1
0.0259740619761764	4.693259999801076e-05	0.0022921626000009	5.254009384510819e-06	2.2026691913467933e-09	0.0074706599999982	0.0242403600000017	0.00058759505293	5.581076083467838e-05	0.0060756100000014	7.019999999697578e-06	4.9280227046352816e-11	3.691303687304969e-05	-0.0001507249999999	-0.000469994000002	2.20894360561752e-07	2.271802524273384e-08	-0.0001453070000006	-0.0001683343000008	2.8336435477891856e-08	2.1114123279005932e-08	0.0003356750000016	0.0001036850000002	1.0750578034750262e-08	1.1267770583385732e-07	0.1042154406000013	0.0545073666000002	-0.0115691389000009	1
-0.1078124285370879	6.053399999807768e-05	1.3601400000333604e-05	1.8499751872516622e-10	3.6643650974909142e-09	0.0132949999999995	0.0058243400000006	3.39229364347874e-05	0.0001767570249992	0.0060879200000015	1.2309999999615116e-05	1.5153582316465268e-10	3.7062769927154e-05	-0.0001507250000005	2.2182930835773544e-16	-2.146155340341222e-15	2.2718025831078622e-08	-0.0005287410000038	-0.0003834340000017	1.470216336557735e-07	2.795670457786635e-07	0.0002945720000014	-4.1103000000719134e-05	1.6894563529965796e-09	8.67726625972771e-08	0.1026599403000009	0.0492590534999998	-0.0201838837000011	1
-0.1400223466004184	5.917629999787407e-05	-1.3576999993926538e-06	1.843449323128045e-12	3.5018343013762063e-09	0.0254835000000006	0.0121885000000004	0.0001485595322491	0.00064940877225	0.0160916000000026	0.0100036800000007	0.0001000736135428	0.0002589395905629	-0.000400725000001	-0.000250000000001	6.249999875832695e-08	1.6058052529547609e-07	-0.000318052000003	0.0002106890000026	4.4389853504792897e-08	1.0115707534066923e-07	0.0003002440000009	5.672000000878317e-06	3.2170612686448325e-11	9.01464587397266e-08	0.1010471634000005	0.0439008240999996	-0.0286973162000013	1
-0.0781980367227651	5.75739999981189e-05	-1.602299999485076e-06	2.567223599095779e-12	3.3147648657952733e-09	0.0036483899999996	-0.0218351100000008	0.0004767720287113	1.3310749591000603e-05	0.0060663000000019	-0.0100253000000016	0.0001005066400901	3.67999956908159e-05	0.0002872540000012	0.0006879790000034	4.733151068670536e-07	8.251486136199003e-08	6.219240000037522e-05	0.0003802444000034	1.4458580594668934e-07	3.86789592394033e-09	0.0004080560000026	0.000107812	1.1623427286667053e-08	1.6650970081464037e-07	0.0993780096000007	0.0384446348999997	-0.0370667037000012	1
0.2441424944806312	0.009845020000001	0.0097874460000023	9.579409920511576e-05	9.69244188002241e-05	0.0036700699999989	2.1680000000381e-05	4.70021563302807e-10	1.3469413803837371e-05	0.0060966600000019	3.035999999958737e-05	9.21728134472602e-10	3.716926315645994e-05	-0.0002694550000003	-0.0005567090000028	3.0992491250155615e-07	7.260599649625007e-08	-0.0001618159999988	-0.0002240084000015	5.01797620183954e-08	2.6184417011581464e-08	-0.000378270000002	-0.0007863260000054	6.183085863614312e-07	1.4308819500182065e-07	0.0976534104000012	0.0329026606000001	-0.045250036200001	1
0.6866172045672903	3.700359999966401e-05	-0.0098080164000027	9.619718570596844e-05	1.3692661558304752e-09	-0.0109651000000019	-0.0146351699999999	0.0002141882009282	0.0001202334180088	0.0061126000000018	1.593999999969414e-05	2.5408249527700026e-10	3.7363878761086814e-05	-0.0002694550000004	-2.6070346286835835e-16	-6.300231560559721e-16	7.260599620648296e-08	0.0003039890000032	0.0004658050000018	2.169743010721107e-07	9.240931416334777e-08	-0.0001282700000024	0.0002500000000021	6.249999964382414e-08	1.6453192809692188e-08	0.0958743277000019	0.0272872677000007	-0.0532062378000005	1
0.982859769133269	0.0100554000000007	0.0100183964000027	0.0001003682664303	0.0001011110691599	0.0170602999999996	0.0280254000000016	0.0007854230451603	0.0002910538360901	0.0036544000000018	-0.0024582000000005	6.042747237721266e-06	1.335463936096026e-05	-0.0002694550000001	2.1579637604406524e-15	-1.3794822945154594e-15	7.260599646580886e-08	-0.0001289639999972	-0.000432953000003	1.874483022763866e-07	1.6631712401436132e-08	-0.0001282700000024	5.850695086347571e-16	-2.5192665834538664e-15	1.645319392113722e-08	0.094041754400002	0.021610986200001	-0.0608953728000003	1
1.1106186697201452	0.0083518300000021	-0.0017035700000011	2.9021507441258098e-06	6.97530643475152e-05	-0.0288842000000025	-0.0459445000000013	0.0021108970802519	0.0008342970096398	0.0061070800000018	0.00245268	6.015639181088866e-06	3.729642612791584e-05	7.270290000179112e-05	0.0003421578999997	1.170720268075631e-07	5.285713288583471e-09	-0.000288838	-0.0001598740000011	2.555969371810396e-08	8.342739022713646e-08	-0.0001282700000011	5.060126086261234e-17	-1.4125315208058909e-15	1.6453191869402852e-08	0.0921567128000024	0.0158864821000012	-0.0682788456000002	1
1.1401747670056366	0.0091123700000015	0.0007605399999996	5.784210905545317e-07	8.303528701661808e-05	0.0218136999999992	0.0506979000000029	0.0025702770644133	0.0004758375076904	-0.0107489999999996	-0.016856080000002	0.0002841274329679	0.000115541000999	-0.0003498949999986	-0.0004225979	1.7858898421990818e-07	1.224265089438705e-07	-0.0003176760000012	-2.883799999964811e-05	8.3162978733903e-10	1.009180411917858e-07	0.0002418280000017	0.0003700980000014	1.3697253218624382e-07	5.848078115466671e-08	0.0902202545000025	0.0101265291000011	-0.0753195954000004	1
1.0705484221192154	4.255419999885511e-05	-0.0090698158000019	8.226155864823378e-05	1.8108603394971275e-09	0.0096326300000003	-0.0121810700000005	0.0001483784663438	9.278756071567744e-05	0.0061706100000017	0.0169196100000019	0.0002862732025537	3.807642777287816e-05	-0.000756393000002	-0.0004064980000026	1.65240624150834e-07	5.721303697854796e-07	0.0001909660000027	0.0005086420000021	2.587166889361456e-07	3.64680136411264e-08	-0.0001282699999998	-0.0003700980000028	1.3697253016279942e-07	1.6453191994583565e-08	0.0882334601000019	0.0043439798000009	-0.0819822812000006	1
0.7369302614207797	5.429049999778535e-05	1.1736300000868873e-05	1.3773936218684556e-10	2.9474586078816557e-09	0.0096396700000001	7.040000000065863e-06	4.9560360622570046e-11	9.292323770854152e-05	0.0061408500000021	-2.976000000036645e-05	8.856559419453671e-10	3.771003872367858e-05	-0.0004483660000012	0.0003080270000026	9.488063232361315e-08	2.0103206971909482e-07	1.706020000384429e-05	-0.0001739058000022	3.0243224820616174e-08	2.9105159389565475e-10	-0.0001282700000027	6.012296302766092e-16	-1.970739066483806e-16	1.6453192883075606e-08	0.0861974380000016	-0.0014482625999996	-0.0882334601000011	1
0.2968889800762901	0.0064668699999999	0.0064125795000017	4.112117584344499e-05	4.182040759556969e-05	-0.0074581000000011	-0.0170977700000002	0.000292333738972	5.562325560961699e-05	-0.0141815999999998	-0.0203224500000025	0.0004130019740051	0.0002011177785589	2.578250000096324e-05	0.0004741485000024	2.2481680062274266e-07	6.647376106595219e-10	-0.000133415999999	-0.0001504762000005	2.2643085398512217e-08	1.779982726225023e-08	-0.0001282700000013	2.2510896673878843e-16	-4.658218485975955e-16	1.6453192918395205e-08	0.0841133241000014	-0.0072372734000003	-0.0940417544000017	1
0.008609440970533	4.9712199998803246e-05	-0.0064171578000017	4.11799142305153e-05	2.4713031505845012e-09	0.009634499999999	0.0170926000000011	0.0002921569747596	9.282359024938168e-05	-0.0141814000000003	2.000000001495618e-07	3.9988592192282e-14	0.000201112105959	-0.0002997200000001	-0.0003255025000015	1.059518781565153e-07	8.983207646894918e-08	0.0002336860000022	0.0003671020000017	1.3476388188840566e-07	5.460914744130172e-08	0.0002166680000015	0.0003449380000018	1.189822260787766e-07	4.694502069057638e-08	0.0819822812000011	-0.0130101349000008	-0.0993780096000022	1
-0.1132502371768278	5.036409999747389e-05	6.519000007066682e-07	4.234017951740865e-13	2.536542695394183e-09	0.027990300000001	0.0183558000000006	0.0003369353936392	0.0007834568940909	-0.0091789499999997	0.0050024500000005	2.502450600208714e-05	8.425312310179061e-05	-0.0003821370000012	-8.241699999972962e-05	6.792560640177612e-09	1.4602868528052454e-07	3.0296500002420563e-05	-0.000203389500002	4.1367288837870746e-08	9.178776342095861e-10	0.0002298200000018	1.3151999999663852e-05	1.7297513539528738e-10	5.281723148321964e-08	0.0798054984000005	-0.0187539658000012	-0.1042154406000024	1
-0.1402086906475624	0.0061124999999997	0.0060621359000016	3.674949166979989e-05	3.73626562480746e-05	-0.0064327600000005	-0.0344230600000014	0.0011849470597638	4.138040121665859e-05	-0.0141692999999999	-0.0049903500000005	2.490359312201393e-05	0.0002007690624893	0.0001866600000016	0.0005687970000016	3.235300282063632e-07	3.4841956899528226e-08	-0.0003176760000003	-0.0003479725000018	1.210848622091787e-07	1.0091803986285429e-07	-0.0001282700000002	-0.0003580900000027	1.282284499051084e-07	1.645319097079837e-08	0.0775841900000006	-0.0244559492000012	-0.1085297661000024	1
-0.062351961949076	0.0065577800000005	0.0004452799999997	1.9827427690024969e-07	4.300447852704103e-05	0.0242196000000002	0.0306523600000015	0.0009395671735701	0.0005865890241603	-0.0041006999999991	0.0100686000000011	0.0001013767059604	1.6815740490228167e-05	-0.0003188369999985	-0.0005054970000027	2.555272190399489e-07	1.0165703231839489e-07	-0.0003176760000015	5.29604123039416e-16	-7.311803190631049e-16	1.0091804017442976e-07	-2.0409800000826405e-05	0.0001078602000015	1.1633822397144604e-08	4.165572904423931e-10	0.0753195954000006	-0.0301033619000013	-0.1122993305000025	1
0.2821900658395305	0.010034500000001	0.0034767200000008	1.2087581956749573e-05	0.0001006911902502	0.0368560000000022	0.0126363999999997	0.0001596786049584	0.0013583647360025	-0.0141450999999995	-0.0100444000000014	0.0001008899713597	0.0002000838540082	-0.0008510050000023	-0.0005321680000015	2.832027834781706e-07	7.242095100353997e-07	-0.0003176770000004	-9.999995076955335e-10	-6.6144896808607e-16	1.0091867631683399e-07	-0.0001282710000005	-0.0001078611999999	1.1634037971518402e-08	1.6453448988953217e-08	0.0730129781000005	-0.0356836022000009	-0.1155052126000021	1
0.7192233830221564	0.0137166000000035	0.0036821000000001	1.355786040945507e-05	0.0001881451155639	-0.0189030000000008	-0.0557590000000023	0.0031090660810029	0.0003573234089987	-0.0038185399999988	0.0103265600000012	0.0001066378414334	1.4581247732399071e-05	-3.836689999929907e-05	0.0008126381000017	6.603806858501572e-07	1.4720197359004732e-09	-0.0005676770000013	-0.0002500000000012	6.25000004845595e-08	3.222571782712925e-07	-0.0001282709999995	3.940908937768133e-16	-9.115149703580117e-16	1.6453450162971812e-08	0.0706656249000013	-0.0411842184000003	-0.1181313206000014	1
0.9996223559275184	0.0105887000000026	-0.0031279000000016	9.783758408765964e-06	0.0001121205676898	0.0280788000000003	0.0469818000000024	0.0022072895312425	0.0007884190094411	-0.0141234999999995	-0.0103049600000012	0.000106192200601	0.0001994732522492	-0.0003866109999976	-0.0003482440999997	1.2127395194593634e-07	1.4946806340585458e-07	-0.0003176770000008	0.000250000000002	6.250000107724406e-08	1.0091867720385677e-07	-0.0001282710000005	-8.805055682139829e-16	-1.08624328443329e-15	1.6453449314065714e-08	0.0682788456000017	-0.0465929364999999	-0.1201644728000012	1
1.115715800864192	0.0155224000000034	0.0049337000000007	2.43413956884789e-05	0.000240944901767	0.0153253000000013	-0.0127535000000009	0.0001626517622486	0.0002348648200897	-0.0141234999999994	5.937564724343763e-17	-1.4875605613415778e-15	0.0001994732522489	-0.0003866109999997	-1.6675808241025482e-16	-1.1006914754422633e-15	1.4946806406127684e-07	-0.0003176769999993	3.091530692870406e-16	-9.04323706831394e-16	1.0091867591611065e-07	-0.000128271	5.715109377301244e-16	-1.6511690550862994e-15	1.6453449314732637e-08	0.0658539718000016	-0.0518976875999999	-0.121594464000001	1
1.1401129211661585	0.0071025200000011	-0.0084198800000025	7.08943792150495e-05	5.044579034902535e-05	0.035420900000002	0.0200956000000002	0.0004038331393592	0.0012546401568122	-0.031056000000001	-0.0169325000000018	0.0002867095562516	0.0009644751359987	-0.0009566430000014	-0.0005700320000013	3.249364847251074e-07	9.151658292578226e-07	-0.0003176770000006	-7.4307330833386745e-16	-1.5540052264028728e-15	1.009186750674519e-07	-0.0001950050000005	-6.673400000093399e-05	4.453425827574999e-09	3.8026952038996283e-08	0.0633923564000018	-0.0570866345999999	-0.1224141163000011	1
1.0536005235229975	0.0067100100000003	-0.0003925099999997	1.5406409817568438e-07	4.50242341994313e-05	0.0096450900000013	-0.0257758100000015	0.0006643923811554	9.302776110727786e-05	-0.0141276999999999	0.0169283000000023	0.0002865673408914	0.0001995919072893	-0.0005164180000007	0.0004402250000011	1.9379805143857725e-07	2.666875505222991e-07	-0.0002534359999997	6.42410000006224e-05	4.126904871724327e-09	6.422980520472567e-08	-0.0001282710000008	6.673400000154689e-05	4.453427205305188e-09	1.6453448937990468e-08	0.0608953728000016	-0.0621481990000001	-0.1226193154000012	1
0.6985258690163759	4.855949999786913e-05	-0.0066614505000009	4.437492276411747e-05	2.35802392537665e-09	0.047872500000003	0.0382274100000009	0.0014613348753086	0.0022917762562545	-0.0141195999999995	8.099999999929578e-06	6.56086414598089e-11	0.0001993631041589	-0.0008184639999999	-0.0003020459999997	9.123178702053561e-08	6.698833196608169e-07	-0.0005676770000025	-0.0003142410000017	9.874740734780857e-08	3.222571779012766e-07	-0.0001282710000026	7.728960476858301e-16	1.2729369118012699e-16	1.6453449248652344e-08	0.0583644140000009	-0.0670710865000007	-0.1222090316000018	1
0.2649897651861379	6.06257999979347e-05	1.2066300000875785e-05	1.4559444221512078e-10	3.675487881414948e-09	-0.0172336999999999	-0.0651062000000032	0.0042388172784441	0.0002970004156893	-0.0141097999999996	9.800000000041777e-06	9.604003116150616e-11	0.0001990864560396	-0.0006205490000005	0.0001979149999979	3.9170344190829624e-08	3.850810612057575e-07	-0.0003176770000008	0.0002500000000023	6.250000033991649e-08	1.009186773335135e-07	-0.0004349760000033	-0.0003067050000006	9.406795731025241e-08	1.8920412599283808e-07	0.0558008923000006	-0.0718443121000013	-0.1211853240000022	1
-0.0075009700937187	5.2379099998653856e-05	-8.246699999855745e-06	6.800647807922138e-11	2.7435702955880886e-09	-0.0172313000000021	2.400000000795306e-06	5.7590545780262096e-12	0.0002969176996901	-0.0141143999999998	-4.599999999839387e-06	2.115962502742513e-11	0.0001992162873594	-0.0004774380000001	0.0001431110000002	2.048075804278e-08	2.279470453606672e-07	-0.000368547	-5.087000000013074e-05	2.5877558944521853e-09	1.3582689138825332e-07	-0.0001817430000025	0.0002532330000026	6.412695401134441e-08	3.3030518162804734e-08	0.0532062378000008	-0.0764572251000017	-0.1195533312000025	1
-0.1180228845056036	0.0082471600000005	0.008194780900002	6.715443400061568e-05	6.801564806415736e-05	0.0194477000000002	0.0366790000000018	0.001345349041001	0.0003782130352904	-0.0186315999999999	-0.0045172000000004	2.0405095838985103e-05	0.0003471365185596	-0.0004774379999999	1.917625740927823e-15	-1.5168942616782277e-15	2.2794704330177602e-07	-0.0003176769999995	5.087000000122299e-05	2.5877559451690114e-09	1.0091867658342577e-07	-0.0001282710000008	5.347200000080528e-05	2.8592536026902556e-09	1.64534498169044e-08	0.0505818983000002	-0.0808995320000021	-0.1173212450000026	1
-0.1398755246294987	4.961389999922611e-05	-0.0081975461000024	6.71997620626314e-05	2.461539301658125e-09	-0.0040794900000002	-0.0235271900000009	0.0005535286692955	1.6642238659193886e-05	-0.0359204000000015	-0.0172888000000016	0.0002989026054431	0.0012902751361602	-0.0002427809999988	0.0002346570000002	5.5063906772290633e-08	5.8942612944427895e-08	-0.0003176770000012	-5.501596464878676e-16	-1.89515692635102e-15	1.0091867432401573e-07	-0.0001282710000001	-4.264282422831839e-16	-1.7019087193191821e-16	1.6453449389853666e-08	0.0479293377000003	-0.0851613205000021	-0.1145002691000024	1
-0.0442876155379197	0.0084478100000006	0.0083981961000019	7.05296977350433e-05	7.136549379558623e-05	-0.0040737400000008	5.750000000354276e-06	3.3061792977185985e-11	1.6595357587178458e-05	-0.0359287000000019	-8.299999999375505e-06	6.888984109970568e-11	0.0012908714836906	-0.0003248019999991	-8.202100000086184e-05	6.727444113723986e-09	1.0549633915755819e-07	-0.0004844000000017	-0.0001667230000001	2.7796558672511905e-08	2.346433590385079e-07	-0.0001282710000004	7.078555867161056e-16	-1.1397330311704889e-15	1.645344906773101e-08	0.0452500362000007	-0.089233080700002	-0.1111045634000024	1
0.3208926083351049	0.0085067100000018	5.889999999928109e-05	3.4692079083797433e-09	7.236411502378515e-05	-0.0010587100000006	0.0030150300000004	9.090405900193828e-06	1.1208668633435215e-06	-0.0359313000000017	-2.599999999405244e-06	6.75961223325298e-12	0.0012910583196903	-0.000528804	-0.0002040020000009	4.161681559384453e-08	2.796336698730183e-07	-0.0003176770000004	0.000166723000001	2.7796559200943296e-08	1.0091867576684933e-07	-0.0001824029999999	-5.41320000006228e-05	2.9302729094011613e-09	3.3270854815015254e-08	0.042545488500001	-0.0931057271000016	-0.1071511725000019	1
0.7504666929285643	0.0084207900000018	-8.59200000005897e-05	7.382244420756114e-09	7.090970422405136e-05	-0.0040623200000005	-0.0030036099999998	9.021673031297518e-06	1.6502443781708907e-05	-0.0359386000000016	-7.29999999941321e-06	5.328949067089939e-11	0.0012915829699602	-0.0007514040000014	-0.0002226000000009	4.955075996398896e-08	5.646079714751358e-07	-0.0003176769999991	-6.6667632986182755e-16	-5.789008001648428e-16	1.009186758089367e-07	-0.0001282709999993	5.413200000002285e-05	2.930273264908533e-09	1.6453449556688813e-08	0.0398172036000014	-0.096770618100001	-0.1026599403000012	1
1.0150900014278408	0.0082483200000018	-0.0001724700000004	2.9745899072356666e-08	6.803478282201873e-05	-0.0040623200000004	2.5431616696553787e-16	-8.655485839203209e-16	1.6502443781632443e-05	-0.0290144000000009	0.0069242000000013	4.7944545639344254e-05	0.0008418354073596	-0.0007514040000016	5.078121314028684e-16	-1.1525018043666162e-15	5.64607971835603e-07	-0.0003176769999985	-7.028019951877355e-16	-8.66039343764655e-16	1.009186761000485e-07	-0.0001282709999989	-6.424883378946027e-16	-2.412815681077133e-16	1.645344982102197e-08	0.0370667037000016	-0.1002195761000007	-0.0976534104000008	1
1.1201511246955966	4.130419999931367e-05	-0.008207015800002	6.735510834263183e-05	1.7060371025459194e-09	-0.0040623200000003	2.200705118080774e-16	-8.322023655651935e-16	1.6502443781921285e-05	-0.0359372000000014	-0.0069228000000003	4.792515984001188e-05	0.00129148234384	-0.0007514040000003	5.873046574868762e-16	-8.95284784644409e-16	5.646079715782975e-07	-0.0005101650000006	-0.0001924880000022	3.705162887458688e-08	2.602683273012244e-07	-0.000128271	-1.038743041835136e-15	-2.2645691440510303e-16	1.645345019054286e-08	0.0342955233000018	-0.1034449050000004	-0.0921567128000006	1
1.1394833911523228	4.961469999835337e-05	8.310500000735512e-06	6.906266041382471e-11	2.46161873132578e-09	-0.0215184000000012	-0.0174560800000003	0.0003047147289659	0.0004630415385606	-0.0359386000000016	-1.39999999933648e-06	1.9594701091689974e-12	0.00129158296996	-0.0007514040000004	-4.918526314270307e-16	-1.1803797841003141e-15	5.646079719790065e-07	-0.0003176769999998	0.0001924880000016	3.705163079000689e-08	1.0091867628756645e-07	-0.0001282710000005	5.45360937213908e-17	1.5842809741870802e-16	1.6453448837431044e-08	0.031505208500002	-0.1064394079000005	-0.0861974380000006	1
1.0344085801820002	5.527039999767712e-05	5.655700000968061e-06	3.1985919609815e-11	3.0548171977412443e-09	0.0315830000000016	0.0531014000000023	0.0028197586819635	0.0009974858890021	-0.0359242000000015	1.4400000000587273e-05	2.073590941671272e-10	0.0012905481456404	-0.0011755400000017	-0.0004241359999993	1.79891346865486e-07	1.3818942934263667e-06	-0.0003176769999993	-4.8491815548740305e-17	2.9775398976488023e-16	1.0091867696903828e-07	3.8352300000116425e-05	0.0001666233000009	2.7763325165593257e-08	1.4708983947850527e-09	0.0286973162000014	-0.1091964029000007	-0.0798054984000007	1
0.6595836732203113	4.331529999809797e-05	-1.1955099999110365e-05	1.4292322539011043e-10	1.876215674397785e-09	-0.0040604199999988	-0.0356434200000021	0.0012704533892966	1.6487010575668254e-05	-0.0359011000000013	2.3100000000479088e-05	5.336096160044155e-10	0.0012888889812102	-0.0007418390000019	0.0004337010000018	1.880965576357462e-07	5.50325101623996e-07	-0.0003176769999991	-1.858247785682576e-16	-9.653617333164247e-16	1.0091867672599185e-07	-1.0023099998807566e-05	-4.83754000004728e-05	2.3401802507210667e-09	1.004612175337852e-10	0.0258734130000008	-0.1117097380000014	-0.0730129781000009	1
0.2344112696209337	4.961519999863472e-05	6.299900000332012e-06	3.9687038426473486e-11	2.4616679504563014e-09	-0.0085601100000004	-0.0044996899999998	2.0247210095210985e-05	7.32754832116237e-05	-0.0358753000000014	2.580000000051362e-05	6.656393629746964e-10	0.0012870371500904	-0.0003572699999993	0.0003845690000021	1.4789331596838724e-07	1.276418526235326e-07	-0.0003176769999996	2.1340247117075238e-17	-7.545513514777055e-16	1.0091867614204209e-07	-0.0001282710000003	-0.0001182479000011	1.3982566499427734e-08	1.6453449044887885e-08	0.0230350742000005	-0.113973804900002	-0.0658539718000014	1
-0.0223932960892498	0.0136942000000023	0.0136445848000031	0.0001861746943711	0.0001875311136432	0.0228133000000013	0.0313734100000012	0.0009842908550286	0.0005204466568905	-0.0359428000000011	-6.749999999955334e-05	4.5562489254286325e-09	0.0012918848718407	-0.000484815	-0.0001275449999989	1.6267727132149762e-08	2.350455828774832e-07	-0.0004500960000001	-0.0001324189999997	1.753479160415556e-08	2.0258640797213657e-07	5.723980000173023e-05	0.000185510800002	3.441425471321828e-08	3.2763951752001555e-09	0.0201838836999997	-0.1159835518000025	-0.0583644140000015	1
-0.122139712032043	0.0080241900000024	-0.0056700100000023	3.214901339992045e-05	6.438762515415191e-05	0.0311625000000027	0.0083491999999994	6.970914063856005e-05	0.0009711014062506	-0.0359421000000009	7.000000001894705e-07	4.887607599455522e-13	0.00129183455241	-0.0004848150000003	1.11257470797539e-15	-4.669435710029777e-16	2.3504558211485475e-07	-0.0001160869999988	0.0003340090000014	1.115620148957647e-07	1.3476191253731417e-08	-0.0001282709999987	-0.0001855108000018	3.4414257131232163e-08	1.6453448998226097e-08	0.0173214319999991	-0.1177344940000029	-0.0505818983000014	1
-0.1388836687793967	4.244599999973798e-05	-0.0079817440000023	6.370823728293474e-05	1.8016629127861307e-09	-0.004067209999999	-0.035229710000002	0.0012411324666843	1.6542197182436742e-05	-0.0382165000000013	-0.0022743999999999	5.172895360461e-06	0.001460500872251	-0.0002396279999986	0.0002451869999993	6.011666488275707e-08	5.7421577759893073e-08	-0.0005001350000012	-0.0003840480000035	1.4749286855707537e-07	2.50135017067566e-07	-0.000128271	-1.875374115749834e-18	3.338932496285532e-17	1.6453448829000326e-08	0.0144493162999994	-0.1192227245000027	-0.0425454885000013	1
-0.0239606478217143	0.006996850000001	0.0069544040000015	4.836373499542456e-05	4.895590992109125e-05	-0.00405873	8.480000000000849e-06	7.190935105738322e-11	1.6473289211953393e-05	-0.0290313000000005	0.0091852000000014	8.43678990401005e-05	0.0008428163796899	-0.000484814999999	-0.0002451870000021	6.011666545327814e-08	2.350455847939873e-07	-0.0005001350000012	8.474504119351295e-16	-7.439315504187224e-16	2.501350176524677e-07	-0.0003782710000021	-0.0002500000000004	6.249999912138352e-08	1.430889538389164e-07	0.0115691388999997	-0.1204449224000025	-0.0342955233000011	1
0.3600163734759036	5.245749999990396e-05	-0.0069443925000019	4.822458719485262e-05	2.751789146918797e-09	-0.0040593299999999	-5.999999999801756e-07	3.5893301281144985e-13	1.6478160048001413e-05	-0.0359410000000009	-0.0069097000000005	4.774395409010011e-05	0.0012917554810003	-0.0004848149999988	-6.789756065346168e-18	-4.4132518838560106e-17	2.350455836264804e-07	-0.0002634089999997	0.000236726000001	5.6039199735318715e-08	6.938430019240877e-08	-0.0001282710000009	0.0002500000000019	6.250000140014318e-08	1.6453448749054455e-08	0.0086825068000001	-0.121398360700002	-0.0258734130000005	1
0.7803731310985804	0.0079503000000011	0.007897842500002	6.237591615625839e-05	6.320727008946573e-05	-0.0040513199999997	8.009999999927914e-06	6.415926944984806e-11	1.6413193741917817e-05	-0.0470240000000018	-0.0110830000000008	0.0001228328890007	0.0022112565760018	-0.0007348150000005	-0.0002500000000007	6.250000070813447e-08	5.399530839470857e-07	-0.0005001349999996	-0.0002367260000014	5.6039199942475445e-08	2.5013501800064604e-07	4.774530000171918e-05	0.0001760163000014	3.0981738336010984e-08	2.279612799975165e-09	0.0057910305000007	-0.1220809117000014	-0.0173214319999998	1
1.0294147538971836	4.2445699999531055e-05	-0.0079078543000018	6.25341596313428e-05	1.8016370025726031e-09	0.0210820000000019	0.0251333200000007	0.0006316837742223	0.0004444507239996	-0.0276096000000003	0.0194144000000027	0.000376918927362	0.0007622900121598	-0.0006030839999988	0.0001317310000011	1.73530549236248e-08	3.637103106353082e-07	-0.0005001350000015	-1.4134034147177955e-16	-1.4030082541330665e-15	2.501350172665948e-07	-0.0001282709999998	-0.0001760163000016	3.0981737939343145e-08	1.6453449665096593e-08	0.0028963232000005	-0.122491052500001	-0.0086825067999994	1
1.1239960117775678	0.0081278200000011	0.0080853743000024	6.537327757306279e-05	6.606145795121467e-05	-0.0040581799999984	-0.0251401800000016	0.0006320286504315	1.646882491161968e-05	-0.0290252999999997	-0.0014156999999999	2.0042064890341125e-06	0.0008424680400893	-0.0004848149999987	0.0001182689999995	1.3987556060609792e-08	2.3504558385310707e-07	-0.0006665100000011	-0.0001663749999998	2.7680640080052352e-08	4.4423558215238507e-07	4.146970000117699e-05	0.000169740700002	2.8811905746932913e-08	1.7197333739752132e-09	4.982158088456985e-16	-0.1226278679000008	8.934799899155835e-16	1
1.1380909629842348	4.2446000000138005e-05	-0.0080853740000022	6.537327272162817e-05	1.8016625613982493e-09	-0.0040539699999994	4.209999999849104e-06	1.7723016271649804e-11	1.643467275996696e-05	-0.0359513000000005	-0.0069260000000005	4.79694759998692e-05	0.0012924959716895	-0.0008477769999997	-0.0003629620000015	1.3174141411413084e-07	7.187258419549587e-07	-0.0005001350000007	0.0001663750000005	2.7680639751349907e-08	2.5013501844168085e-07	-0.0001282709999989	-0.0001697407000023	2.8811904878666666e-08	1.6453448977417552e-08	-0.0028963231999991	-0.1224910525000008	0.008682506800001	1
1.0128297762486909	0.0054565100000007	0.0054140640000016	2.9312088996538136e-05	2.977350137832685e-05	-0.0040563699999992	-2.400000000234606e-06	5.758782982888007e-12	1.645413757599837e-05	-0.0263092999999997	0.0096420000000012	9.296816399954257e-05	0.0006921792664893	-0.0007348150000005	0.0001129620000005	1.2760413093205834e-08	5.399530853527758e-07	-0.0006704250000008	-0.0001702900000004	2.8998683805871512e-08	4.494696827092238e-07	-2.440869999915169e-05	0.0001038623000011	1.0787377962398954e-08	5.95783252339234e-10	-0.0057910304999995	-0.1220809117000011	0.017321432000001	1
0.620335804939914	4.244599999974561e-05	-0.0054140640000012	2.9312088996760024e-05	1.8016621532810398e-09	0.0203930000000022	0.0244493700000004	0.0005977716933963	0.0004158744489998	-0.021434899999999	0.0048744000000004	2.375977535890661e-05	0.0004594549380089	-0.0009313390000008	-0.0001965239999997	3.862168209980754e-08	8.673923339711071e-07	-0.0005001350000005	0.000170290000001	2.8998683633323423e-08	2.501350193317235e-07	-0.0001282709999999	-0.0001038623000009	1.0787377231347068e-08	1.645344896089315e-08	-0.0086825068000004	-0.1213983607000016	0.0258734130000006	1
0.2051825543954847	4.244509999966827e-05	-8.999998449328211e-10	-2.444863232995485e-16	1.801586340765815e-09	-0.0322072000000003	-0.0526002000000025	0.0027667810400421	0.0010373037318405	-0.0359724000000003	-0.0145375000000017	0.0002113389062519	0.0012940135617599	-0.0008997830000022	3.1555999998404015e-05	9.957790772937331e-10	8.096094481624814e-07	-0.000500135	-1.3529385503406678e-16	-4.0211875343712957e-16	2.5013501908632184e-07	-0.0001282709999989	1.822353790176814e-16	2.795972986276615e-16	1.6453449354207092e-08	-0.0115691389000004	-0.1204449224000021	0.0342955233000002	1
-0.0361583384314371	0.0024542100000006	0.0024117649000003	5.816609932880984e-06	6.023146722889242e-06	0.00199791	0.0342051100000017	0.0011699895501129	3.991644366196574e-06	-0.0106243999999984	0.025348000000003	0.0006425211040045	0.0001128778753604	-0.0007121640000009	0.0001876190000013	3.5200887274962226e-08	5.071775644777252e-07	-0.0005001349999998	-2.2541245380710528e-17	-5.65427804907805e-16	2.501350178020895e-07	-0.0001282709999994	3.969805133405459e-16	-1.0654256755415897e-16	1.6453450490141663e-08	-0.014449316300001	-0.1192227245000026	0.0425454885	1
-0.1257272066359856	4.244600000043053e-05	-0.0024117640000009	5.81660559158204e-06	1.8016623303819955e-09	-0.0191714	-0.0211693100000011	0.0004481396858749	0.0003675425779591	-0.0217297999999987	-0.0111054000000017	0.0001233299091604	0.0004721842080388	-0.0006643970000009	4.776699999956389e-05	2.2816852948576406e-09	4.41423374275365e-07	-0.0005001349999994	-4.556424436826638e-16	-1.2489651861259997e-15	2.501350191469009e-07	-0.0001282709999992	-2.1187300619096762e-16	1.959295107255e-16	1.6453448811765317e-08	-0.0173214320000012	-0.1177344940000026	0.0505818983000001	1
-0.137088017013317	-0.0048268300000008	-0.0048692760000013	2.3709848764840176e-05	2.329828785216119e-05	-0.0456809000000023	-0.0265095000000004	0.0007027535902494	0.0020867446248123	-0.0130828999999984	0.0086469000000007	7.476887960962618e-05	0.0001711622724095	-0.0002842289999987	0.0003801679999997	1.445277087700402e-07	8.078612623477064e-08	-0.0005001350000002	1.991856548325444e-16	-1.3883792463080043e-16	2.501350186226837e-07	-0.0001282710000002	1.0281126232556701e-16	-6.492479985455441e-16	1.6453449344862472e-08	-0.0201838837000009	-0.1159835518000026	0.0583644140000002	1
-0.0011328707713088	3.587279999950104e-05	0.0048627028000013	2.3645878522327027e-05	1.2868572210960375e-09	-0.0006004940000002	0.0450804060000023	0.0020322430051269	3.605930430502759e-07	-0.0203536999999986	-0.007270800000001	5.286453263980654e-05	0.0004142731036892	-0.0007877109999994	-0.000503482000001	2.5349412564398746e-07	6.204886199046666e-07	-0.0005001349999992	2.2464517792590526e-16	-2.566411828994633e-16	2.5013501946684684e-07	-1.3415899999291387e-05	0.0001148551000005	1.3191693753842776e-08	1.7998499693186443e-10	-0.023035074200001	-0.1139738049000023	0.0658539718000004	1
0.3993275165002699	-0.0053522000000015	-0.0053880728000009	2.903132849878495e-05	2.8646044845128624e-05	-0.0322130000000006	-0.0316125060000013	0.0009993505355998	0.0010376773690005	-0.0316545999999998	-0.0113009000000014	0.0001277103408106	0.0010020137011591	-0.0006071439999999	0.0001805669999996	3.26044402508153e-08	3.686238364765443e-07	-0.0005001350000002	-1.9668167411787758e-16	-5.3496744378189765e-16	2.50135018391228e-07	-3.131639999887034e-05	-1.7900500000727367e-05	3.2042776750254687e-10	9.807160581530543e-10	-0.0258734130000004	-0.1117097380000018	0.0730129781000012	1
0.8089199452931345	4.244599999963277e-05	0.0053946460000017	2.910220546604791e-05	1.8016621989917163e-09	-0.0322183000000014	-5.2999999995004565e-06	2.8088917143718268e-11	0.0010380188548905	-0.0130410999999982	0.018613500000002	0.0003464623822514	0.0001700702892092	-0.0007261719999998	-0.0001190280000016	1.4167663961341676e-08	5.27325775731463e-07	-0.0005001349999991	6.116360919343127e-16	-4.0194290972129125e-16	2.501350176987845e-07	-0.0001282709999997	-9.695460000012896e-05	9.400193576317886e-09	1.645344896299353e-08	-0.0286973162	-0.109196402900001	0.0798054984000016	1
1.0426280872941731	4.19095000002578e-05	-5.365000000269567e-07	2.869302401962212e-13	1.7564055141048e-09	-0.0322183000000015	5.227444752970688e-16	-1.0831891645962952e-15	0.0010380188548911	-0.0358983999999998	-0.0228573000000027	0.0005224561632931	0.0012886951225592	-0.0007261719999996	7.796559350866013e-16	-1.5170103219906729e-15	5.273257734749103e-07	-0.0002928689999976	0.000207266000001	4.2959195827098345e-08	8.577225044597579e-08	-0.0001282709999993	-9.115858764798917e-16	2.1780635414914242e-16	1.6453450119094903e-08	-0.0315052084999996	-0.1064394079000007	0.0861974380000021	1
1.1273402407925406	4.369150000033361e-05	1.7820000000145525e-06	3.1747560758935157e-12	1.90894654430273e-09	-0.0322183000000014	5.109064080187984e-16	-9.788901264237393e-16	0.0010380188548904	-0.022066499999999	0.0138319000000015	0.00019132145761	0.000486930422249	-0.0007261719999998	-6.716046048295155e-16	-4.752566744714104e-16	5.27325775445326e-07	-0.0006960610000001	-0.0004031920000028	1.6256379283486398e-07	4.8450091716736e-07	-0.0001282709999999	-1.8219807107106464e-16	2.8997852850823213e-16	1.6453449526960438e-08	-0.0342955232999996	-0.1034449050000005	0.0921567128000022	1
1.1358567417040335	4.244599999962366e-05	-1.2454999996991866e-06	1.5509630276237525e-12	1.801662845293029e-09	0.0074732200000011	0.0396915200000016	0.0015754167599118	5.584901716771145e-05	-0.0358882999999997	-0.0138218000000016	0.0001910421552404	0.0012879700768893	-0.0012555700000012	-0.0005293980000001	2.8026224418385854e-07	1.5764560272597235e-06	-0.0005001349999996	0.0001959260000012	3.8386998220191744e-08	2.5013501909225705e-07	-0.0001282710000001	-5.129920150096721e-16	-1.1618668787039914e-16	1.6453449959891633e-08	-0.0370667037	-0.1002195761000005	0.0976534104000024	1
0.9888750523832576	4.244540000022245e-05	-5.999996734526493e-10	7.761721881891492e-18	1.8016108964405422e-09	-0.0376194000000004	-0.0450926200000021	0.0020333443784655	0.0014152192563605	-0.0185183999999985	0.0173699000000018	0.0003017134260107	0.0003429311385592	-0.0005719030000002	0.0006836670000014	4.674005703651885e-07	3.270730419212291e-07	-0.0005001349999994	3.895177699385991e-16	-2.404239838439281e-16	2.501350187472743e-07	-0.0001282709999997	5.265861452197827e-16	2.1496678476883238e-16	1.6453449589930968e-08	-0.0398172036000003	-0.0967706181000006	0.1026599403000023	1
0.5810300550346041	-0.005473550000001	-0.0055159954000012	3.042620525367992e-05	2.9959749607658276e-05	-0.0258949000000011	0.0117245000000009	0.0001374639002489	0.0006705458460097	-0.0184365999999983	8.179999999965595e-05	6.691238869658985e-09	0.0003399082195587	-0.0007261719999991	-0.0001542690000006	2.3798923809631687e-08	5.273257743149971e-07	-0.0005748719999997	-7.473700000094105e-05	5.5856183442980805e-09	3.304778170118448e-07	-0.0001282710000004	-5.354564865411995e-16	-9.269131221011884e-16	1.645344956837027e-08	-0.0425454885000006	-0.0931057271000012	0.1071511725000018	1
0.1773890211700128	-0.0031373900000012	0.0023361600000009	5.457643545217781e-06	9.843216014598131e-06	-0.0272285000000008	-0.0013335999999997	1.7784889587157062e-06	0.0007413912122503	-0.0332211999999995	-0.0147846000000019	0.000218584397161	0.001103648129439	-0.0008390910000006	-0.0001129190000004	1.27506999918239e-08	7.040737068454967e-07	-0.0005001349999998	7.473700000089955e-05	5.585619208895145e-09	2.501350181222488e-07	-0.0001282710000003	1.3479090508153141e-16	-6.812367588676096e-17	1.6453449488302635e-08	-0.0452500362000011	-0.0892330807000017	0.1111045634000014	1
-0.0488281240616594	-0.0026299600000002	0.0005074299999999	2.574852045930087e-07	6.916689602006593e-06	-0.0476218000000023	-0.0203933000000002	0.0004158866848892	0.0022678358352424	-0.0185617999999987	0.0146594000000015	0.0002148980083601	0.0003445404192392	-0.0002367669999984	0.0006023240000014	3.627942042742643e-07	5.6058613532961e-08	-0.0005001350000003	8.88561726198347e-16	6.471122784650777e-16	2.5013501795253415e-07	-0.0001282710000005	4.720921326981899e-16	-1.211662033423045e-16	1.6453449443310104e-08	-0.0479293377000013	-0.085161320500002	0.1145002691000011	1
-0.1288417629960395	4.2446000000325504e-05	0.0026724060000002	7.1417538288636125e-06	1.8016624192632794e-09	-0.0156867000000009	0.0319351000000018	0.0010198506120106	0.000246072556889	-0.0322893999999994	-0.0137276000000019	0.000188447001761	0.0010426053523594	-0.000729531999999	-0.0004927650000015	2.428173469559129e-07	5.322169383697912e-07	-0.0005001349999996	-4.1930719188519646e-17	-1.3210335294809786e-17	2.501350180202648e-07	-0.0001282709999999	-4.296087041992236e-16	-5.722289950158279e-16	1.6453449310248024e-08	-0.0505818983000015	-0.080899532000002	0.1173212450000012	1
-0.1343783040646411	4.244600000087184e-05	-4.936648106073062e-16	-1.2531573983365254e-16	1.801660778513592e-09	-0.0503843000000023	-0.0346976000000008	0.0012039234457601	0.002538577686493	-0.0358625	-0.0035731000000004	1.2767043608725138e-05	0.0012861189062498	-0.0003772159999992	0.0003523160000002	1.2412656445482098e-07	1.4229191038529552e-07	-0.0005001350000004	5.684228276164317e-16	5.185444510108789e-16	2.501350184342722e-07	-0.0001282709999998	-1.9721598572430185e-17	-1.1199542614736775e-16	1.64534491842887e-08	-0.0532062378000014	-0.076457225100002	0.1195533312000012	1
0.0239365787264734	4.244510000095784e-05	-9.000006950516176e-10	-3.736246746086486e-16	1.801585341236339e-09	-0.0376107000000025	0.0127736000000014	0.0001631648569595	0.001414564754491	-0.0358866000000001	-2.410000000000157e-05	5.80808906650978e-10	0.0012878480595596	-0.0007114479999998	-0.0003342320000016	1.1171103087514912e-07	5.061582568950003e-07	-0.0005001349999999	-6.414353535132554e-17	4.652946038396999e-16	2.501350177816196e-07	-0.0001282709999996	-5.435423722361805e-16	-6.721265926158725e-16	1.6453449419414507e-08	-0.0558008923000011	-0.0718443121000016	0.1211853240000012	1
0.4385654266422681	3.0341900000595984e-05	-1.2103200000403602e-05	1.4648713085276842e-10	9.20629796948153e-10	-0.037614600000002	-3.899999999310242e-06	1.5209285946882028e-11	0.0014148581331613	-0.0482511000000011	-0.0123645000000013	0.0001528808602502	0.0023281686512116	-0.0005411579999988	0.0001702900000014	2.8998683725750897e-08	2.928519796766019e-07	-0.0005632260000006	-6.30910000002024e-05	3.9804744103736975e-09	3.172235273843665e-07	5.4381000007957295e-06	0.0001337091000002	1.7878124403040924e-08	2.9572291284598416e-11	-0.0583644140000005	-0.0670710865000009	0.1222090316000018	1
0.8359590223588337	4.244599999964503e-05	1.2104100000166134e-05	1.4650901523182838e-10	1.801662730757159e-09	0.0112751000000012	0.048889700000002	0.002390202766093	0.0001271278800087	-0.0455729000000008	0.0026782000000004	7.172755238839476e-06	0.0020768892144114	-0.0010406099999994	-0.0004994520000003	2.494523013143623e-07	1.0828691710431137e-06	-0.0005001350000004	6.309100000033783e-05	3.98047429213334e-09	2.501350181132817e-07	-0.0001282710000005	-0.0001337091000014	1.7878123012297733e-08	1.645344961243696e-08	-0.0608953728000006	-0.0621481990000004	0.1226193154000023	1
1.0547109016896832	2.7373800000102083e-05	-1.5072199999689276e-05	2.2717178459335108e-10	7.493237220171247e-10	-0.0518577000000011	-0.0631328000000028	0.0039857504358442	0.0026892210492932	-0.0518649000000013	-0.0062920000000003	3.958926399943562e-05	0.0026899678520124	-0.0008415480000004	0.0001990619999988	3.962567823601903e-08	7.082030348895059e-07	-0.0005001350000002	3.3655788948128385e-16	5.530782480812515e-16	2.50135018652306e-07	2.107980000118409e-05	0.0001493508000013	2.230566210831313e-08	4.443568168997245e-10	-0.0633923564	-0.0570866345999999	0.1224141163000025	1
1.1302380670277017	4.175110000020311e-05	1.4377299999974566e-05	2.0670635827694307e-10	1.743154188121078e-09	-0.0114715000000005	0.0403862000000022	0.001631045150442	0.0001315953122482	-0.0330341999999999	0.0188307000000024	0.0003545952624914	0.0010912583696398	-0.000847538999999	-5.990999998828207e-06	3.5889408419819777e-11	7.18322355776221e-07	-0.0005971260000003	-9.699100000071118e-05	9.407253965312126e-09	3.565594593931309e-07	-0.0001282709999997	-0.0001493508000019	2.2305661353847384e-08	1.645345016186025e-08	-0.0658539718000002	-0.0518976875999997	0.1215944640000026	1
1.1326332205801537	4.075109999990578e-05	-9.999999996607154e-07	9.99588120696574e-13	1.6606520590641451e-09	-0.011471099999999	3.999999996095411e-07	1.5863705920358597e-13	0.0001315861352087	-0.0358374999999994	-0.0028033000000005	7.85849088870671e-06	0.0012843264062488	-0.00100933	-0.0001617910000003	2.617632769764252e-08	1.0187470487486171e-06	-0.0005837269999999	1.3399000000241464e-05	1.7953224915845668e-10	3.407372107984202e-07	-4.9637299999982056e-05	7.863370000065955e-05	6.1832591571905534e-09	2.4638597872299193e-09	-0.0682788456000006	-0.0465929364999997	0.1201644728000027	1
0.9627070327745968	4.244849999963012e-05	1.6974000003927684e-06	2.880685570361256e-12	1.801875089570527e-09	0.0040109300000019	0.01548203	0.0002396932529199	1.6087559463605245e-05	-0.0403369999999998	-0.0044995000000005	2.0245500248569528e-05	0.0016270735689993	-0.0011510000000009	-0.0001416699999989	2.007038841579113e-08	1.3248010000738372e-06	-0.0005001349999994	8.359200000045166e-05	6.98762157075899e-09	2.5013501790335414e-07	-0.0001282710000005	-7.863370000062335e-05	6.183258807175709e-09	1.6453449162296475e-08	-0.070665624900001	-0.0411842183999999	0.1181313206000024	1
0.5419112439053441	4.244590000018588e-05	-2.599999874527054e-09	-1.683517259854939e-16	1.8016537530739006e-09	-0.0296009999999998	-0.0336119300000018	0.0011297618383248	0.0008762192009996	-0.0358304999999996	0.0045065000000003	2.030854224868268e-05	0.0012838247302493	-0.0007475500000002	0.000403450000001	1.6277190337928972e-07	5.588310010088782e-07	-0.0005001349999996	1.4080479180074035e-16	-5.705305831372438e-16	2.501350178098126e-07	-0.0001282710000002	3.6783961419344687e-16	7.766660546285565e-17	1.645344902859499e-08	-0.0730129781000014	-0.0356836022000005	0.115505212600002	1
0.1510353175191941	4.244589999983247e-05	-2.71865428609182e-17	-1.5317214384533037e-17	1.8016542029223143e-09	0.0155773000000018	0.0451783000000015	0.0020410787908918	0.0002426522752888	-0.0358341999999995	-3.700000000217836e-06	1.3688711172346579e-11	0.0012840898896393	-0.0011492700000006	-0.0004017199999998	1.6137895912399333e-07	1.3208215325460966e-06	-0.0005001349999996	-3.005873593576234e-16	-3.653148810866681e-16	2.501350177285751e-07	-0.0001282710000007	1.3276794656025e-17	-4.645805413996202e-16	1.6453449551191403e-08	-0.0753195954000021	-0.0301033619000009	0.1122993305000013	1
-0.0603348357407915	4.24485000002824e-05	2.5999999447511673e-09	2.1832032562048627e-16	1.8018746231568283e-09	-0.0307521999999996	-0.0463295000000025	0.0021464225702511	0.0009456978048394	-0.0357953999999995	3.879999999971362e-05	1.505439094530828e-09	0.0012813106611592	-0.0008588680000012	0.0002904019999997	8.43333212570059e-08	7.37654239947399e-07	-0.0005001349999995	-7.741048511111203e-17	-5.126896049453996e-16	2.5013501773085255e-07	-0.0001282709999997	5.283056606885021e-16	-7.175549580377043e-17	1.6453448872667068e-08	-0.0775841900000023	-0.0244559492000012	0.1085297661000011	1
-0.1315166551058164	4.754210000066399e-05	5.093599999492153e-06	2.5944219364741416e-11	2.2602505527247967e-09	-0.0307600000000012	-7.799999999654299e-06	6.083881121840868e-11	0.0009461775999999	-0.0357652999999996	3.009999999978302e-05	9.060086011416341e-10	0.0012791566840891	-0.0009405030000009	-8.163500000024037e-05	6.664272972985427e-09	8.845458928013403e-07	-0.0005001349999992	-3.389668759062458e-16	-4.943884827951492e-16	2.501350172745428e-07	-0.0002964100000012	-0.0001681390000011	2.8270722752423453e-08	8.785889134431032e-08	-0.079805498400002	-0.0187539658000011	0.1042154406000009	1
-0.1306014564674903	2.9040400000615956e-05	-1.8501700000482507e-05	3.423127364428903e-10	8.43344361698748e-10	-0.0307598000000012	2.0000000034446246e-07	3.8817150386840084e-14	0.00094616529604	-0.0382397999999998	-0.0024745000000003	6.123150248946453e-06	0.0014622823040393	-0.000940503000001	2.0488904849645035e-16	1.7136566025310038e-16	8.845458925659133e-07	-0.0005001349999993	-2.1175933210864072e-16	-9.463831650915927e-17	2.501350172129088e-07	-9.233940000021464e-05	0.0002040706000015	4.164481082418546e-08	8.526564328891875e-09	-0.081982281200002	-0.0130101349000011	0.0993780096000008	1
0.0511831334476092	4.355109999995992e-05	1.45106999998122e-05	2.1056036883696766e-10	1.896698424367635e-09	0.003681160000001	0.0344409600000013	0.0011861797257222	1.355093894384939e-05	-0.0393860999999998	-0.0011463000000002	1.314003689066293e-06	0.0015512648732096	-0.001190500000001	-0.0002499969999994	6.249849987618461e-08	1.417290250072385e-06	-0.0007384690000008	-0.0002383340000018	5.6803096290088045e-08	5.453364653932097e-07	-8.052400000002086e-05	1.1815399999810184e-05	1.3960390862831323e-10	6.484114439179268e-09	-0.0841133241000022	-0.0072372734000007	0.0940417544000009	1
0.4775156349937499	4.39762000000421e-05	4.251000001530862e-07	1.802557461091607e-13	1.9339055045640503e-09	-0.0307584999999999	-0.0344396600000018	0.0011860901809155	0.0009460853222498	-0.0357651999999995	0.0036209000000002	1.3110916808563986e-05	0.0012791495310387	-0.000940503	0.000249997	6.249849955075009e-08	8.845458917651215e-07	-0.0005973260000007	0.0001411430000013	1.9921346242240532e-08	3.567983505541849e-07	-0.000337159000002	-0.0002566350000011	6.586152355869993e-08	1.1367619460007257e-07	-0.0861974380000017	-0.0014482626	0.0882334601000014	1
0.8616290157890925	3.243159999988994e-05	-1.1544599999934238e-05	1.332770580496519e-10	1.0518090221896191e-09	-0.0219143000000004	0.0088442000000005	7.821987363923061e-05	0.0004802365444896	-0.0510516000000008	-0.0152864000000017	0.0002336740249609	0.0026062658625613	-0.0011107899999994	-0.0001702869999997	2.899766248491896e-08	1.2338544231299506e-06	-0.0005001349999995	9.719100000053404e-05	9.446090118205724e-09	2.501350167675872e-07	-0.000193570000002	0.0001435890000015	2.06178013697978e-08	3.746934628795712e-08	-0.0882334601000009	0.0043439798000007	0.0819822812000017	1
1.06570455242522	3.542449999980038e-05	2.9929000002937584e-06	8.95649794756807e-12	1.2548952847922996e-09	-0.0226495000000001	-0.0007351999999999	5.405190389008114e-07	0.0005129998502492	-0.0383787999999999	0.0126728000000016	0.0001605998598396	0.0014729322894393	-0.0009405029999991	0.0001702870000006	2.899766215199808e-08	8.845458915574462e-07	-0.0005001349999993	6.244254827637895e-17	-6.904896556944727e-16	2.501350162066004e-07	-0.0002118810000017	-1.8310999999573774e-05	3.3529232849054906e-10	4.4893559320835765e-08	-0.0902202545000008	0.010126529100001	0.0753195954000018	1
1.1327033629790757	-0.0022523900000009	-0.0022878145000001	5.234095185861506e-06	5.073260714503441e-06	-0.0307564000000006	-0.0081069000000002	6.572182760903896e-05	0.0009459561409604	-0.0521320000000009	-0.0137532000000015	0.0001891505102408	0.0027177454240011	-0.0011904999999996	-0.0002499970000011	6.24985005579678e-08	1.417290249394394e-06	-0.0005001349999991	-4.628565693002528e-16	-5.049642116628351e-16	2.501350162903213e-07	-8.236770000079675e-05	0.0001295133000009	1.677369525527419e-08	6.784437669873831e-09	-0.0921567128000005	0.0158864821000013	0.0682788456000018	1
1.128194845630368	8.90130999958091e-06	0.0022612913100009	5.1134383885223135e-06	7.923286057704654e-11	-0.0486996000000022	-0.0179432000000002	0.0003219584262397	0.0023716510401634	-0.0612929000000021	-0.0091609000000006	8.392208880935794e-05	0.0037568195904137	-0.0012734600000008	-8.296000000004497e-05	6.882361289553069e-09	1.6217003721409926e-06	-0.000500134999999	-7.946179245468363e-17	-5.564674818249175e-17	2.501350170593277e-07	-8.157480000032033e-05	7.929000000599144e-07	6.283326756014269e-13	6.654448680398597e-09	-0.0940417544	0.0216109862000014	0.0608953728000016	1
0.9344057877458593	5.500700000076426e-06	-3.400610000052246e-06	1.1563648181218674e-11	3.0257467688612614e-11	-0.0369900000000021	0.0117096000000013	0.0001371147321596	0.0013682601000008	-0.0443760000000009	0.0169169000000024	0.0002861815056107	0.0019692293760005	-0.0009405029999995	0.0003329570000018	1.1086036403556786e-07	8.845458915489905e-07	-0.000605894	-0.0001057590000005	1.1184966655437982e-08	3.671075379866219e-07	1.613200000088656e-05	9.770680000017092e-05	9.54661930827015e-09	2.6024143740164705e-10	-0.0958743277000006	0.0272872677000011	0.0532062378000013	1
0.5031772733323814	4.1163899999523616e-05	3.56632000000543e-05	1.2718636508199022e-09	1.6944672759211061e-09	-0.0016538899999995	0.0353361100000015	0.0012486406699333	2.735352130640557e-06	-0.052116700000001	-0.0077407000000007	5.991843648975158e-05	0.0027161504188916	-0.0014017800000005	-0.0004612770000002	2.127764717247949e-07	1.9649871684573964e-06	-0.0005001349999991	0.0001057590000001	1.11849659075249e-08	2.5013501683572936e-07	-5.585049999957581e-05	-7.198250000119156e-05	5.1814798909177274e-09	3.119278085882704e-09	-0.0976534104000015	0.0329026606000005	0.0452500362000007	1
0.1260465124983703	5.3087799998652e-06	-3.5855120000032604e-05	1.285589652622221e-09	2.8183256611684333e-11	-0.0407687000000009	-0.0391148100000017	0.0015299683613368	0.0016620868996911	-0.0521164000000012	3.000000001839279e-07	8.941754217443647e-14	0.0027161191489615	-0.0014017800000029	-1.048364651553939e-15	-8.208548828065892e-16	1.96498717007298e-06	-0.0006147579999998	-0.0001146230000012	1.3138432179413533e-08	3.779273977612266e-07	-8.812699999925666e-05	-3.227650000001681e-05	1.0417722788781855e-09	7.766368262113298e-09	-0.0993780096000019	0.0384446349	0.0370667037000002	1
-0.070824844467022	5.847880000067841e-06	5.390999995832746e-07	2.905013179464776e-13	3.419765500381556e-11	-0.0307687000000017	0.0100000000000009	9.999999999946589e-05	0.0009467128996901	-0.0520972000000014	1.920000000028829e-05	3.686390726097116e-10	0.0027141182478417	-0.0012214700000013	0.000180310000002	3.2511695849850694e-08	1.4919889608865115e-06	-0.0008083480000013	-0.0001935900000012	3.747708852301583e-08	6.534264911838156e-07	-6.92032999997856e-05	1.892369999965208e-05	3.5810694099556686e-10	4.789097606804562e-09	-0.1010471634000018	0.0439008240999999	0.0286973161999997	1
-0.1338023115577924	2.149279999975927e-05	1.5644919999737743e-05	2.447631506249116e-10	4.6194081588481615e-10	-0.0205596000000007	0.0102091000000005	0.0001042257228092	0.0004226971521591	-0.0521090000000013	-1.1799999999759672e-05	1.3923949664871647e-10	0.0027153478810016	-0.0012711700000005	-4.969999999955912e-05	2.4700895330509344e-09	1.6158731688675332e-06	-0.0009253970000032	-0.0001170490000004	1.3700467819416255e-08	8.563596112485764e-07	-0.0001597560000009	-9.055270000050398e-05	8.199791891673789e-09	2.5521980597155123e-08	-0.1026599403000022	0.0492590534999999	0.0201838836999996	1
-0.1254498141484636	2.498549999946819e-05	3.49269999993998e-06	1.2198847678914132e-11	6.242760306168917e-10	-0.0153805000000001	0.0051791000000001	2.682307680916778e-05	0.0002365597802489	-0.0589473000000018	-0.0068383000000003	4.676234689020905e-05	0.0034747841772931	-0.0014017800000011	-0.0001306099999995	1.70589720116247e-08	1.964987168661092e-06	-0.0006067340000013	0.0003186630000023	1.0154611011867846e-07	3.681261459759322e-07	-5.399290000042796e-05	0.0001057631000012	1.118583390927106e-08	2.9152327660545034e-09	-0.1042154406000022	0.0545073665999999	0.0115691388999994	1
0.0806074746466566	2.130659999960113e-05	-3.6789000000182528e-06	1.3533883990933062e-11	4.5397119584035133e-10	-0.0307905000000008	-0.0154100000000004	0.0002374680999991	0.0009480548902499	-0.0520896000000014	0.0068577000000011	4.702804928946223e-05	0.0027133264281618	-0.000876396999999	0.0005253830000022	2.760272991110557e-07	7.680716980636503e-07	-0.0006836810000012	-7.694700000013479e-05	5.920840594991241e-09	4.6741970986432316e-07	-2.908650000004125e-05	2.4906400000357976e-05	6.203294507387839e-10	8.460239305374311e-10	-0.105712796500002	0.0596340525000004	0.0028963231999995	1
0.5159877052458294	3.4721199999285615e-05	1.3414600000162238e-05	1.7995081242967092e-10	1.205562171009587e-09	-0.0131528	0.0176377000000008	0.0003110884612896	0.0001729961478387	-0.0520839000000011	5.70000000026672e-06	3.248925976027883e-11	0.0027127326392115	-0.0009637149999971	-8.731800000006239e-05	7.624432185562508e-09	9.28746597115479e-07	-0.0006606410000011	2.3040000000529693e-05	5.308408635015978e-10	4.364465304965924e-07	-3.252430000058779e-05	-3.4378000000365143e-06	1.1818521323578528e-11	1.0578283548969023e-09	-0.1071511725000016	0.0646276715000011	-0.0057910305	1
0.8859399305235353	4.059159999885605e-05	5.870400000580443e-06	3.446071313011274e-11	1.6476791071868135e-09	-0.0058476999999988	0.0073050999999997	5.336448600897939e-05	3.419559528876688e-05	-0.0520943000000009	-1.0399999999796186e-05	1.0815931716032123e-10	0.0027138160924909	-0.0013843499999991	-0.0004206350000018	1.7693380499500525e-07	1.9164249216828183e-06	-0.0005001349999993	0.0001605060000009	2.5762176133817487e-08	2.5013501579326585e-07	-6.569690000061864e-05	-3.317259999978759e-05	1.1004210686162472e-09	4.316080900444621e-09	-0.1085297661000014	0.0694770808000016	-0.0144493162999997	1
1.0757006828916835	4.403149999878039e-05	3.4399000007767198e-06	1.1831762870381403e-11	1.938774204416867e-09	0.0006144030000019	0.0064621029999995	4.175877518113867e-05	3.774910446851581e-07	-0.0324896999999992	0.0196046000000022	0.0003843403411621	0.001055580606088	-0.0011947199999986	0.0001896300000001	3.5959536599056895e-08	1.427355876940216e-06	-0.0008010150000008	-0.0003008800000016	9.052877574257342e-08	6.416250300374584e-07	-5.87966000006588e-05	6.900300000896073e-06	4.761502787421766e-11	3.4570387355024114e-09	-0.1098478082000015	0.0741714597000019	-0.0230350741999996	1
1.1348168867133768	0.0069911400000007	0.0069471085000021	4.8262316511759625e-05	4.887603849927102e-05	-0.0077170499999982	-0.008331453000001	6.941310908972313e-05	5.955286070157123e-05	-0.0520924000000003	-0.0196027000000023	0.0003842658472924	0.0027136181377604	-0.0013843499999986	-0.0001896300000007	3.5959536854743386e-08	1.916424921544157e-06	-0.0009934310000023	-0.0001924160000003	3.7023916024327535e-08	9.869051557377e-07	-0.0002052220000012	-0.0001464254000001	2.1440397939294293e-08	4.211607050145713e-08	-0.1111045634000014	0.0787003330000022	-0.0315052084999995	1
1.122345483233633	0.0079419500000017	0.0009508099999999	9.040396553911784e-07	6.30745698025475e-05	0.0029002700000017	0.0106173199999996	0.0001127274839812	8.411566071545942e-06	-0.0542180000000009	-0.0021256	4.518175358696118e-06	0.0029395915240013	-0.0016343500000005	-0.0002499999999998	6.25000005736546e-08	2.6710999245274668e-06	-0.000731255000001	0.0002621760000019	6.873625585797948e-08	5.347338755099125e-07	-0.0001870820000011	1.814000000080879e-05	3.2905923988744845e-10	3.4999675683073774e-08	-0.1122993305000012	0.0830535951000021	-0.0398172035999997	1
0.9038993836672964	0.0038064800000003	-0.0041354700000007	1.71021121212519e-05	1.4489289989587856e-05	0.0245203000000034	0.0216200299999998	0.0004674256971999	0.0006012451120898	-0.0520987000000007	0.0021193000000003	4.491432488538029e-06	0.0027142745416906	-0.0017987200000021	-0.0001643699999986	2.701749733614348e-08	3.2353936422619907e-06	-0.0005001349999989	0.0002311200000009	5.34164548420427e-08	2.501350157832914e-07	-1.4772500000014206e-05	0.0001723095000016	2.969056458878489e-08	2.1822588845422104e-10	-0.1134314430000018	0.0872215321000017	-0.0479293377000001	1
0.4650491986104645	2.2754399999461507e-05	-0.0037837256000007	1.4316579416664557e-05	5.177632040560776e-10	-0.0329840999999996	-0.0575044000000031	0.0033067560193629	0.0010879508528097	-0.052050500000001	4.820000000013687e-05	2.3232395256175993e-09	0.0027092545502514	-0.0013413600000007	0.0004573600000004	2.0917816984964025e-07	1.7992466481539704e-06	-0.0008425430000009	-0.0003424080000028	1.1724324023997481e-07	7.09878709094825e-07	-0.0001686280000001	-0.0001538555000009	2.367151561848173e-08	2.843540348658941e-08	-0.114500269100002	0.0911948439000013	-0.0558008923000007	1
0.1024094957399041	1.745919999954419e-05	-5.2952000000290165e-06	2.803839649265265e-11	3.0482439529833155e-10	-0.0304065000000013	0.0025776000000004	6.644021758777347e-06	0.0009245552422499	-0.0341212999999997	0.0179292000000021	0.0003214562126421	0.0011642631136882	-0.0013302299999998	1.1129999998653018e-05	1.238764164148348e-10	1.7695118536493074e-06	-0.0008719200000022	-2.9376999999491343e-05	8.630079577063803e-10	7.602444873685477e-07	-0.0001097760000004	5.8852000001156354e-05	3.463558265444336e-09	1.205076976965606e-08	-0.1155052126000022	0.0949646642000009	-0.0633923564000014	1
-0.0803372352320996	3.377889999882992e-05	1.6319700000200654e-05	2.6633239858321987e-10	1.1410149684500728e-09	0.0116158000000014	0.0420223000000015	0.0017658736972912	0.0001349268096391	-0.0457080000000001	-0.0115867000000014	0.0001342516168904	0.0020892212639996	-0.0016883400000007	-0.0003581099999996	1.2824277198538253e-07	2.8504919577642884e-06	-0.0005951869999997	0.0002767330000019	7.658115502011132e-08	3.542475638613898e-07	-0.0001008100000005	8.966000000094209e-06	8.038903336674929e-11	1.0162655939116264e-08	-0.1164457128000028	0.0985225813000005	-0.0706656249000017	1
-0.135749659208121	0.0024109700000001	0.0023771911000007	5.651037525976495e-06	5.812776339601522e-06	-0.0413416000000005	-0.0529574000000026	0.0028044862147618	0.0017091278905607	-0.0278513999999988	0.0178566000000018	0.0003188581635615	0.000775700481958	-0.0010886400000001	0.0005996999999998	3.596400920046214e-07	1.1851370470933063e-06	-0.0005001349999984	9.505200000095416e-05	9.034883053927731e-09	2.5013501599479346e-07	-0.000195408	-9.459799999961608e-05	8.948781231256066e-09	3.8184287153072216e-08	-0.117321245000003	0.1018606559000006	-0.0775841900000018	1
-0.1188611875788429	4.047099999943783e-05	-0.0023704990000007	5.619265509324087e-06	1.6379022237096131e-09	0.0145173000000013	0.0558589000000022	0.0031202167092132	0.0002107519992887	-0.0258902999999982	0.0019610999999996	3.845913208911506e-06	0.0006703076340879	-0.001420249999999	-0.00033161	1.0996519118815106e-07	2.017110061399285e-06	-0.0005001349999974	-9.005320862099599e-16	-8.186756130099839e-16	2.50135016650281e-07	-8.419730000050436e-05	0.0001112107000004	1.236781941181181e-08	7.0891844992742995e-09	-0.1181313206000031	0.1049714396000007	-0.084113324100002	1
0.1120541051019366	1.2934499999315897e-05	-2.753649999970153e-05	7.582587303856605e-10	1.6730137126403414e-10	-0.0420611000000003	-0.0565784000000028	0.0032011153465621	0.0017691361332113	-0.0336937999999989	-0.0078035000000014	6.0894612249998695e-05	0.0011352721584377	-0.0013108299999999	0.0001094199999976	1.1972734491431478e-08	1.7182752875590468e-06	-0.0006383779999984	-0.0001382430000011	1.9111126858563096e-08	4.075264704359779e-07	-0.0001181389999996	-3.3941699999836245e-05	1.152038808679971e-09	1.3956822000111196e-08	-0.1188754878000027	0.1078479910000011	-0.0902202545000018	1
0.5537210122041716	0.005174760000001	0.0051618255000011	2.664444249309111e-05	2.6778141055955453e-05	-0.0284861000000013	0.0135750000000008	0.0001842806249988	0.0008114578932103	-0.032437799999999	0.0012559999999999	1.5775359984442672e-06	0.0010522108688376	-0.0013420399999992	-3.1209999999967624e-05	9.740635134990091e-10	1.8010713615064785e-06	-0.0008776529999996	-0.0002392750000012	5.7252526063448284e-08	7.702747910735508e-07	-8.185569999966713e-05	3.628329999999396e-05	1.316477650613677e-09	6.7003549981335284e-09	-0.1195533312000018	0.1104838913000018	-0.0958743277000013	1
0.9088428525757256	0.0062545600000016	0.0010797999999998	1.1659680393921247e-06	3.911952079248272e-05	-0.0227104000000005	0.0057757000000003	3.3358710488626524e-05	0.0005157622681597	-0.0403505999999995	-0.007912800000001	6.261240383922737e-05	0.0016281709203581	-0.0014633399999992	-0.0001213000000001	1.471368923247402e-08	2.141363955823968e-06	-0.0008643480000002	1.3305000000342422e-05	1.7702175919460772e-10	7.470974678286668e-07	-8.870349999926277e-05	-6.8478000006643295e-06	4.689240330378903e-11	7.86831011149931e-09	-0.1201644728000014	0.1128732589000023	-0.1010471634000009	1
1.0847371787737143	5.557809999917905e-06	-0.0062490021900016	3.905002837182717e-05	3.088939548607125e-11	-0.0420700000000016	-0.0193596000000005	0.0003747941121591	0.0017698849000022	-0.0520372000000008	-0.0116866000000011	0.0001365766195603	0.0027078701838402	-0.0015920399999998	-0.0001287000000012	1.6563689429089278e-08	2.5345913633297177e-06	-0.000720873	0.0001434750000006	2.05850751430686e-08	5.196578818252963e-07	-4.275659999913597e-05	4.594689999961181e-05	2.111117293520377e-09	1.828126436036625e-09	-0.1207085716000008	0.1150107621000027	-0.1057127965000008	1
1.136609235738912	0.0075101500000015	0.0075045921900018	5.631890393977072e-05	5.640235302111733e-05	-0.0420761000000022	-6.099999999360521e-06	3.7208797071513516e-11	0.0017703981912121	-0.0326748999999994	0.0193623000000024	0.0003748986612909	0.0010676490900078	-0.0012795699999992	0.0003124700000008	9.76375009654149e-08	1.6372993845278191e-06	-0.0007691449999993	-4.827199999927064e-05	2.3301857450291583e-09	5.915840307747725e-07	-8.694759999904133e-05	-4.419100000026833e-05	1.9528434303099307e-09	7.559885596428169e-09	-0.1211853240000009	0.1168916313000028	-0.1098478082000008	1
1.1149592055644255	0.0066978500000014	-0.0008123000000006	6.598312897272392e-07	4.486119462245908e-05	0.0097504500000009	0.0518265500000021	0.0026859912849056	9.507127520152834e-05	-0.0520436000000004	-0.0193687000000023	0.0003751465396924	0.0027085363009608	-0.0018845399999999	-0.0006049700000003	3.6598870258386565e-07	3.551491015547292e-06	-0.000725914999999	4.322999999939888e-05	1.8688320829240547e-09	5.26952587193557e-07	-6.059649999883932e-05	2.635109999899099e-05	6.943801072653174e-10	3.671936550723798e-09	-0.1215944640000013	0.1185116696000028	-0.1134314430000009	1
0.8715958568301052	2.612329999984474e-05	-0.0066717267000015	4.451193716117136e-05	6.824268935923432e-10	-0.0418568000000005	-0.0516072500000024	0.0026633082525643	0.001751991706241	-0.0349924999999996	0.017051100000002	0.0002907400112114	0.0012244750562481	-0.0013533199999999	0.0005312199999998	2.821946893934181e-07	1.8314750214613965e-06	-0.0006616549999996	6.426000000022001e-05	4.129346850758166e-09	4.377873376002079e-07	-0.0001157739999991	-5.5177500000410586e-05	3.0445559711660092e-09	1.3403619270520874e-08	-0.1219357633000015	0.1198672619000023	-0.1164457128000012	1
0.4276170288224075	3.13928999991502e-05	5.269600000078309e-06	2.7767994298096428e-11	9.855150218905416e-10	-0.0239372000000011	0.0179196000000011	0.0003211120641593	0.0005729895438399	-0.0420245999999999	-0.0070321000000008	4.945043040982397e-05	0.0017660670051586	-0.0015669799999996	-0.0002136600000006	4.565059543663352e-08	2.455426322143992e-06	-0.0009261110000005	-0.0002644560000017	6.99369768128023e-08	8.576815872932742e-07	-6.035300000003261e-05	5.542099999995879e-05	3.071487879221277e-09	3.6424839748233862e-09	-0.1222090316000019	0.1209553836000018	-0.1188754878000019	1
0.0804645075474009	0.006697960000001	0.0066665671000014	4.444311690040693e-05	4.486266816072068e-05	-0.0269597000000009	-0.0030225	9.13550624870853e-06	0.0007268254240901	-0.0519985000000009	-0.009973900000001	9.947868121008896e-05	0.0027038440022505	-0.001566980000001	5.635539533564209e-16	-6.960159134143259e-16	2.455426321519533e-06	-0.0007728080000002	0.0001533030000016	2.3501809596625113e-08	5.972322055420306e-07	-3.754849999884607e-05	2.2804500000232106e-05	5.20044716228191e-10	1.409889592207641e-09	-0.1224141163000022	0.1217736065000013	-0.1207085716000022	1
-0.0893826877997434	2.9215600000173115e-05	-0.0066687444000023	4.44721518742463e-05	8.535516816019023e-10	-0.0338707000000017	-0.0069109999999997	4.776192099892553e-05	0.0011472243184903	-0.0519984000000012	1.0000000024600989e-07	9.687035095356354e-15	0.0027038336025608	-0.0015669800000013	-1.3889551489227495e-16	-6.133295130772155e-16	2.4554263218499373e-06	-0.0007207400000002	5.206799999955628e-05	2.711075559535489e-09	5.194661468642093e-07	2.219460001814052e-06	3.976795999933399e-05	1.5814902460283795e-09	4.9258944632090455e-12	-0.1225509030000022	0.122320104900001	-0.1219357633000026	1
-0.1357198960404845	-7.109820009491886e-07	-2.9926582000039573e-05	8.95599585389195e-10	5.062769059988653e-13	-0.0246821000000012	0.0091886000000006	8.443036995916701e-05	0.0006092060604098	-0.0530221000000013	-0.0010236999999998	1.047961689313489e-06	0.0028113430884112	-0.0015096300000006	5.735000000112369e-05	3.289021288295594e-09	2.2789827372568908e-06	-0.0006146279999992	0.0001061120000003	1.1259756052804972e-08	3.777675771171406e-07	-0.0001573930000004	-0.0001596124600014	2.5476137477492404e-08	2.4772557321379253e-08	-0.1226193154000023	0.122593659300001	-0.1225509030000026	1
