trial_type.nbacknontarget	trans_x	trans_x_derivative1	trans_x_derivative1_power2	trans_x_power2	trans_y	trans_y_derivative1	trans_y_derivative1_power2	trans_y_power2	trans_z	trans_z_derivative1	trans_z_derivative1_power2	trans_z_power2	rot_x	rot_x_derivative1	rot_x_derivative1_power2	rot_x_power2	rot_y	rot_y_derivative1	rot_y_derivative1_power2	rot_y_power2	rot_z	rot_z_derivative1	rot_z_derivative1_power2	rot_z_power2	cosine00	cosine01	cosine02	cosine03	intercept
1.9738155588966924e-08	-0.0140519000000003	1.6027454818316258e-16	-9.09130600158941e-17	0.0001974558936099	0.0683835000000007	-2.103724819938093e-16	-3.373642057831674e-17	0.0046763030722497	-0.0891592000000021	3.7313810975277847e-16	-5.564745690328431e-16	0.0079493629446429	9.27531000005804e-05	1.1863426881934852e-17	1.4644881528236794e-16	8.603138106721893e-09	-0.0005980200000001	3.2627645335556407e-16	4.175827651701242e-17	3.57627920965598e-07	-3.884899999991013e-05	-2.429623996124544e-16	-1.2459740133149692e-16	1.5092447340506394e-09	0.1208164769000004	0.1207926525000018	0.1207529488000003	0.1206973709000038	1
-7.724016418721888e-08	-0.0157370000000003	-0.0016850999999996	2.839562009859949e-06	0.0002476531689996	0.0275025999999992	-0.0408809000000008	0.0016712479848094	0.0007563930067602	-0.0989982000000027	-0.0098390000000001	9.680592099984196e-05	0.0098006436032448	-0.0002474260000003	-0.000340179100001	1.1572181917823859e-07	6.121962439929006e-08	-0.00059802	2.445948130352126e-16	2.1723906865342982e-16	3.576279205182363e-07	-3.577109999995069e-05	3.077899999982628e-06	9.473351638287184e-12	1.279572153012123e-09	0.1207529488000001	0.1205386237000015	0.1201816970000002	0.1196825909000039	1
2.675257252276058e-07	-0.0132837000000002	0.0024533	6.018680889950103e-06	0.0001764566856894	0.0641685999999998	0.0366660000000011	0.0013443955559999	0.0041176092259599	-0.0875796000000024	0.0114186000000012	0.0001303844259601	0.0076701863361626	-0.0001106790000003	0.0001367470000009	1.8699741774601508e-08	1.2249840986844713e-08	-0.0005425930000001	5.542700000018597e-05	3.072152467138581e-09	2.9440716392870506e-07	-4.134059999954514e-05	-5.569500000426394e-06	3.101948731326965e-11	1.7090454973479252e-09	0.1206259260000001	0.1200311003000017	0.1190418958000003	0.1176615628000038	1
-8.641901029042776e-07	-0.0001036909999989	0.0131800090000011	0.0001737126372397	1.075182385616352e-08	0.0641981000000006	2.9499999999791497e-05	8.702497573472206e-10	0.0041213960436092	-0.0621912000000013	0.0253884000000014	0.0006445708545608	0.0038677453574394	-0.0004721330000003	-0.0003614539999999	1.306489941624724e-07	2.229095698179393e-07	-0.0008055980000015	-0.0002630050000013	6.917162884508639e-08	6.489881380854949e-07	-4.134059999934569e-05	-4.6499799834704e-16	-2.2502218491640915e-16	1.709044878641672e-09	0.1204354754000005	0.1192711496000018	0.1173389375000003	0.1146512788000037	1
2.6647504322837413e-06	-0.0035305599999987	-0.0034268690000008	1.1743431142678151e-05	1.2464853914003436e-05	0.0813890000000013	0.0171909000000001	0.0002955270428103	0.0066241693210001	-0.0428403000000001	0.019350900000001	0.0003744573308095	0.001835291304088	-0.0011013400000014	-0.0006292070000001	3.959014491428111e-07	1.212949796370718e-06	-0.0005665570000016	0.0002390410000016	5.7140599823275575e-08	3.209868340409113e-07	-4.134059999945889e-05	-4.2362146222382363e-17	-3.947592414566732e-16	1.709045039327084e-09	0.1201816970000005	0.118260369800002	0.1150808781000002	0.1106770482000036	1
-7.939736889823246e-06	-0.0175760999999999	-0.0140455400000008	0.0001972771938921	0.0003089192912098	0.0171319999999996	-0.0642570000000015	0.0041289620490007	0.0002935054239994	-0.0312989999999996	0.0115413000000001	0.0001332016056883	0.0009796274009977	-0.0002142020000009	0.0008871380000007	7.870138309736629e-07	4.5882495714069344e-08	-0.0008033860000008	-0.0002368289999995	5.6087974657676784e-08	6.454290663865574e-07	-4.134059999965809e-05	2.569671656303933e-16	-7.820617703663946e-16	1.709044954509813e-09	0.1198647243000005	0.1170008867000022	0.1122784001000002	0.1057722848000035	1
2.300043084044657e-05	-0.0199397000000005	-0.0023636	5.58660495971604e-06	0.0003975916360904	0.0324351999999987	0.0153032000000008	0.0002341879302386	0.0010520421990402	-0.0390337999999998	-0.0077348000000006	5.982713104046171e-05	0.0015236375424384	0.0015278700000032	0.0017420720000018	3.034814855999631e-06	2.334386741900701e-06	-0.0008033860000005	1.9449761586022478e-16	3.411645477419523e-16	6.45429066104775e-07	-0.0001795480000015	-0.0001382074000013	1.9101285915004795e-08	3.2237485636195824e-08	0.1194847240000003	0.1154953489000021	0.1089447612000002	0.0999782263000035	1
-6.507268500889137e-05	-0.0126717	0.0072680000000008	5.2823823999663206e-05	0.0001605719808898	0.0318438999999987	-0.0005912999999995	3.4963568863632617e-07	0.0010140339672107	-0.0316116999999997	0.0074221000000002	5.508756841013917e-05	0.000999299576888	-0.0003063789999988	-0.0018342490000034	3.36446939584226e-06	9.386808985574953e-08	-0.0010533900000011	-0.000250004000001	6.250199946162296e-08	1.1096304941413395e-06	-4.134060000062987e-05	0.0001382074000018	1.910128563034621e-08	1.7090441556495495e-09	0.1190418958000004	0.1137469225000022	0.1050957322000001	0.0933435868000033	1
0.0001807406191759	-0.0155936	-0.0029219000000003	8.537499609922189e-06	0.0002431603609595	0.0441636999999993	0.0123198000000005	0.0001517774720391	0.0019504323976901	-0.0464616000000001	-0.014849900000001	0.0002205195300102	0.0021586802745588	-3.405969999964819e-05	0.0002723193000004	7.415780016950566e-08	1.1600624985333554e-09	-0.0006536330000009	0.0003997570000016	1.5980566026846257e-07	4.272360989624685e-07	-4.134059999988263e-05	-7.208201934315753e-17	9.275344728635782e-17	1.7090457054827922e-09	0.1185364727000004	0.1117592846000019	0.1007495216000002	0.0859241482000034	1
-0.0004822181877463	-0.0156084000000004	-1.4800000000038214e-05	2.1903991459260632e-10	0.0002436221505598	0.0646882000000004	0.0205245000000004	0.00042125510025	0.0041845632192397	-0.0526274000000005	-0.0061658000000002	3.801708963965821e-05	0.002769643230759	-3.40596999994347e-05	9.42870801753681e-17	-7.145432761256109e-16	1.160063059197481e-09	-5.001939999843463e-05	0.0006036136000018	3.6434938016999017e-07	2.5019395849190863e-09	-4.134060000027559e-05	9.275061951513821e-17	2.939023237668765e-17	1.709045359104764e-09	0.1179687204000005	0.1095366152000018	0.0959266905000002	0.0777822902000033	1
0.001208028282371	-0.0226611000000011	-0.0070527000000003	4.974057729010198e-05	0.0005135254532114	0.0584859000000006	-0.0062023000000003	3.84685252897369e-05	0.0034206004988095	-0.0439796000000003	0.0086478000000003	7.47844448393096e-05	0.0019342052161584	-0.00028406	-0.0002500003000006	6.250014996828248e-08	8.069008328071786e-08	-5.001939999691101e-05	-1.062245809981808e-16	-6.117956438949412e-16	2.501939502541901e-09	-4.134060000026239e-05	2.8148310264210163e-16	-4.650408117883554e-16	1.709044816931343e-09	0.1173389375000005	0.1070835886000021	0.0906500543000001	0.068986466900003	1
-0.0028896854049872	-8.264779999923238e-05	0.0225784522000021	0.0005097865037499	6.830658714993631e-09	0.0671018000000007	0.0086158999999998	7.423373281019572e-05	0.0045026515632394	-0.0499471000000003	-0.0059675000000004	3.561105624950591e-05	0.0024947127984093	-0.0002501550000002	3.390500000089337e-05	1.149548669237518e-09	6.257752383675061e-08	-0.0001998539999991	-0.0001498346000027	2.2450404388463146e-08	3.9941620041707584e-08	-4.13406000004795e-05	-3.9458558756205197e-16	-9.703290896637497e-16	1.709045684384511e-09	0.1166474550000004	0.1044053636000019	0.0849445755000001	0.0596106302000032	1
0.0503864568702503	-0.0146036999999996	-0.0145210522000015	0.0002108609569962	0.0002132680536896	0.0603001000000005	-0.0068017000000002	4.626312288979637e-05	0.0036361020600097	-0.0694627000000012	-0.019515600000001	0.0003808586433601	0.0048250666912912	0.0001444200000004	0.0003945750000003	1.5568943061016446e-07	2.085713625027861e-08	-0.0005637850000003	-0.000363931	1.3244577276563426e-07	3.178535264835152e-07	-4.134060000020967e-05	-6.7202786501278016e-18	-4.2443248000370925e-16	1.7090453979484256e-09	0.1158946366000005	0.1015075724000017	0.0788372454	0.0497336088000032	1
0.2099804184190846	-0.0164021000000002	-0.0017984	3.234242559520514e-06	0.00026902888441	0.0654853000000005	0.0051851999999998	2.688629903994488e-05	0.0042883245160896	-0.0701546000000014	-0.0006918999999997	4.787256093568916e-07	0.0049216679011609	0.0001093550000001	-3.506500000003969e-05	1.2295541859935702e-09	1.1958516327145218e-08	-0.0004782669999995	8.551800000030843e-05	7.313328578460817e-09	2.2873932318071538e-07	-4.1340599999911165e-05	2.6034363439919164e-16	-4.957551987453906e-16	1.7090448654894436e-09	0.1150808781000002	0.0983963093000019	0.0723569559999997	0.0394384452000039	1
0.2605097782437732	-0.0139301	0.0024720000000002	6.1107839992999895e-06	0.0001940476860096	0.0557005000000002	-0.0097848000000003	9.57423110398734e-05	0.0031025457002494	-0.0698492000000014	0.0003054	9.326915944003947e-08	0.004878910740641	4.64087999999544e-05	-6.29462000001361e-05	3.962223942878536e-09	2.1537767196411867e-09	-0.000300635999999	0.000177631	3.155277243446394e-08	9.038200359163842e-08	-4.134059999991162e-05	4.2408280821505914e-16	-5.509556670887936e-16	1.709044892871651e-09	0.1142066075000001	0.0950781172000019	0.0655343641999995	0.0288116973000036	1
0.1276690800963671	-0.0100553999999997	0.0038746999999999	1.5013300089365158e-05	0.0001011110691597	0.0910928000000015	0.0353923000000005	0.0012526148992905	0.00829789821184	-0.0336622	0.0361870000000021	0.0013094989690023	0.0011331437088385	0.0002346020000011	0.0001881932000003	3.5416680168787934e-08	5.503809903840109e-08	-0.0001461389999985	0.0001544970000003	2.3869322174837818e-08	2.1356606146009883e-08	-4.134060000009349e-05	-2.9923025845504846e-17	1.241028072251501e-16	1.709044328805858e-09	0.1132722844000005	0.0915599743000019	0.0584017456999998	0.0179427111000031	1
0.0879396791638649	-6.210699999877372e-05	0.0099932930000005	9.986590498400744e-05	3.8572806137877e-09	0.0994069000000023	0.0083140999999992	6.912425881082329e-05	0.0098817317676112	-0.0496053000000002	-0.015943100000001	0.0002541824376088	0.0024606857880897	-0.0008746880000011	-0.0011092900000011	1.230524305594415e-06	7.650790981203587e-07	-0.0005275850000009	-0.000381446000002	1.4550105173196177e-07	2.783459314790299e-07	0.0001833880000016	0.0002247286000016	5.05029450935621e-08	3.363115858505244e-08	0.1122784001000007	0.0878492794000018	0.0509928432999997	0.0069228690000027	1
0.1350612813927138	-0.011344699999999	-0.0112825930000008	0.0001272969048032	0.0001287022180893	0.0345028000000006	-0.0649041000000018	0.0042125421968115	0.0011904432078378	-0.0242065999999995	0.025398700000001	0.0006450939616896	0.0005859594835586	-0.000394990000001	0.0004796980000005	2.301101715228477e-07	1.560170997592158e-07	-0.0005095360000006	1.8049000001328635e-05	3.2576519571035717e-10	2.596269347406947e-07	-4.134059999895079e-05	-0.0002247286000023	5.050294649812815e-08	1.7090445001459255e-09	0.1112254773000004	0.0839538361000019	0.0433427066999996	-0.0041551779999971	1
0.1335553881447786	-0.0062221999999988	0.0051224999999999	2.6240006249824137e-05	3.8715772839619366e-05	0.0500826999999995	0.0155799000000005	0.0002427332840095	0.0025082768392899	-0.0210669999999992	0.0031395999999999	9.857088159585056e-06	0.0004438184889988	-0.0009646800000017	-0.00056969	3.245466957933405e-07	9.306075019545249e-07	-0.0004248620000005	8.46739999996459e-05	7.169686607130087e-09	1.8050771843827618e-07	-4.134060000019193e-05	2.1104801601314622e-16	-1.0053736104689373e-15	1.7090453633739816e-09	0.1101140695000003	0.079881836500002	0.0354875264999995	-0.0151982897999973	1
0.1672419788347095	-0.0197688999999997	-0.0135467000000013	0.000183513080891	0.0003908094072104	0.0387703999999995	-0.0113123	0.0001279681312889	0.0015031439161595	0.0135170000000023	0.0345840000000014	0.0011960530560021	0.0001827092890005	-0.0006165750000007	0.0003481050000004	1.211770910708019e-07	3.801647292923273e-07	-0.0008298080000005	-0.0004049460000002	1.6398126284041986e-07	6.885813181332145e-07	-4.1340600000213874e-05	1.0076201935042446e-16	-6.379379914351093e-16	1.7090442127829144e-09	0.1089447612000005	0.0756418442000021	0.0274644637999994	-0.0261136198999973	1
0.0794216261666663	-0.0189121000000001	0.0008568000000001	7.34106240687933e-07	0.0003576675264102	0.0269808999999989	-0.0117894999999999	0.0001389923102487	0.0007279689648105	0.0170752000000028	0.0035581999999993	1.2660787239794689e-05	0.0002915624550412	-0.0007843100000009	-0.0001677350000002	2.8135029409219483e-08	6.151421751706749e-07	-0.0005568350000001	0.0002729730000006	7.45142598739934e-08	3.100652170546014e-07	0.0001321630000007	0.0001735036000015	3.0103500169325396e-08	1.746705823085771e-08	0.1077181673000005	0.071242776000002	0.0193114736999995	-0.0368093960999977	1
0.0737516261566763	-0.0249751000000008	-0.0060630000000004	3.6759969000574447e-05	0.0006237556200112	0.0551276999999997	0.0281468000000008	0.0007922423502397	0.0030390633072899	-0.0226918999999989	-0.0397671000000027	0.0015814222424135	0.0005149223256098	-0.0003532420000003	0.0004310680000008	1.8581962038624946e-07	1.247799099132025e-07	-0.0004248619999992	0.0001319730000003	1.7416872956463525e-08	1.805077177040084e-07	0.0001136160000014	-1.854700000123221e-05	3.43991410063077e-10	1.290859575850912e-08	0.1064349327000005	0.0666938831000017	0.0110671257999995	-0.0471956920999977	1
0.1358477151389034	-0.0184643000000001	0.0065108000000014	4.239051663953188e-05	0.0003409303744894	-0.0255319000000032	-0.0806596000000013	0.0065059710721588	0.0006518779176144	-0.0100844999999991	0.0126074000000002	0.0001589465347596	0.0001016971402495	0.0010928300000004	0.0014460720000001	2.091124228417668e-06	1.1942774085893998e-06	-0.000424862999999	-1.000001220371651e-09	1.0188616367081152e-15	1.8050856804704986e-07	-1.4997500000125264e-05	-0.0001286135000009	1.6541432922707176e-08	2.2492476763918707e-10	0.1050957322	0.0620047319000018	0.0027704221999991	-0.0571851837999978	1
0.135519054387855	-0.0163985999999997	0.0020656999999995	4.2671164898212825e-06	0.0002689140819598	0.0510568999999985	0.0765888000000026	0.0058658442854416	0.0026068070376094	-0.0244019999999994	-0.0143175000000009	0.0002049908062505	0.0005954576039999	-7.400519999934347e-05	-0.0011668352000012	1.3615043830985827e-06	5.476768732753878e-09	-0.0004248629999996	-5.597567710839007e-16	-4.9638453507469367e-17	1.8050856801588725e-07	-1.258190000081605e-05	2.415599999976125e-06	5.834473720270993e-12	1.5830415952194987e-10	0.1037012698000001	0.0571851838000017	-0.0055393876000008	-0.0666938830999979	1
0.2326703217138831	-0.0198928000000002	-0.0034942000000002	1.2209433639734533e-05	0.0003957234918402	0.0511119999999999	5.509999999998416e-05	3.0360094572083877e-09	0.0026124365439997	-0.0210702999999994	0.0033316999999999	1.110022488946379e-05	0.0004439575420894	-0.000461580000001	-0.0003875748000004	1.5021422546915608e-07	2.130560958242893e-07	-0.0004248629999992	-1.6732434037649943e-16	3.021575093468632e-16	1.805085686110693e-07	2.7215400000289777e-05	3.979730000071221e-05	1.583824278104925e-09	7.40677232399675e-10	0.1022522790000002	0.0522453744000019	-0.013822992000001	-0.0756418441999975	1
0.2417424628033337	-0.0099074599999996	0.0099853400000005	9.97070149159388e-05	9.815776365093992e-05	0.0750350000000008	0.0239230000000002	0.0005723099290004	0.0056302512249996	-0.015993899999999	0.0050764	2.5769836959444035e-05	0.0002558048372096	-0.0003122110000007	0.000149369000001	2.231109820143752e-08	9.747570764591662e-08	-6.8133199999057e-05	0.0003567297999999	1.272561506377773e-07	4.642132995321399e-09	-0.0001873730000021	-0.0002145884000016	4.6048182559469895e-08	3.5108643863634564e-08	0.1007495216000003	0.0471956921000018	-0.0220412033000009	-0.0839538360999977	1
0.0997444408213855	-0.0200994	-0.0101919400000007	0.0001038756409639	0.0004039858803605	0.0369333	-0.0381017000000009	0.0014517395428898	0.0013640686488891	-0.0008526489999985	0.0151412510000003	0.0002292574818447	7.270103174963128e-07	5.596520000031944e-05	0.0003681761999999	1.355537136557853e-07	3.132102585785399e-09	-0.0004822979999992	-0.0004141648000008	1.7153248198305673e-07	2.3261136175410854e-07	-0.0002088080000036	-2.143499999917945e-05	4.5945701533141847e-10	4.360078447068477e-08	0.0991937878000005	0.0420467566000015	-0.030155143200001	-0.0915599742999983	1
0.0781766585500581	-0.0098898799999996	0.0102095200000005	0.0001042342986311	9.78097264135923e-05	0.0826556000000007	0.0457223000000006	0.002090528717291	0.0068319482113598	-0.0087053099999987	-0.0078526610000007	6.16642847804821e-05	7.578242219651428e-05	-7.184039999974919e-05	-0.0001278055999994	1.6334270047808097e-08	5.161043722193e-09	-0.0003817740000003	0.0001005239999995	1.0105074308488196e-08	1.4575138777294146e-07	0.0001294589999994	0.0003382670000032	1.144245685390404e-07	1.675963162051527e-08	0.0975858956000006	0.0368093961000013	-0.0381264267000008	-0.0983963092999983	1
0.1282101377536929	-0.0148502999999991	-0.0049604199999998	2.4605766575517266e-05	0.0002205314100892	-0.017107900000002	-0.0997635000000021	0.0099527559322515	0.0002926802424116	-0.0067711799999989	0.0019341299999995	3.740858855400156e-06	4.584887859285604e-05	0.0013028400000015	0.0013746803999999	1.8897462010913663e-06	1.6973920679944914e-06	-0.0003817740000001	2.9626479835439713e-16	5.638598416143279e-16	1.4575138690799056e-07	9.32117999934317e-06	-0.0001201378200008	1.4433095844457792e-08	8.688340328556063e-11	0.0959266905000001	0.0314946248000015	-0.0459173436000012	-0.1044053635999983	1
0.1297561418070748	-0.0098927099999991	0.0049575899999995	2.4577698607826325e-05	9.786571114360096e-05	0.0726379999999995	0.0897459000000023	0.0080543265668131	0.0052762790439987	-0.0218983999999995	-0.0151272200000008	0.0002288327849285	0.0004795399225605	0.0001594480000012	-0.0011433920000011	1.3073452646558028e-06	2.5423665028858458e-08	-0.0003817740000005	-3.571932986605753e-16	-3.941470598666829e-16	1.457513867269417e-07	2.794429999902061e-05	1.8623119999862136e-05	3.4681982504485955e-10	7.8088350183364e-10	0.0942170449000002	0.0261136199000013	-0.0534910372000012	-0.1095366151999984	1
0.2319057479284056	-0.0098891999999992	3.509999999703601e-06	1.2319385830757256e-11	9.779627663932692e-05	0.0686388000000008	-0.0039992000000002	1.599360064007807e-05	0.0047112848654395	-0.0263062999999998	-0.0044079000000004	1.942958240951733e-05	0.00069202141969	0.0001326840000004	-2.6764000000065137e-05	7.163115881539111e-10	1.7605044105117568e-08	-0.000200288	0.0001814860000006	3.293716855398769e-08	4.0115282658843776e-08	2.5383199995004666e-06	-2.5405979999971837e-05	6.454630934281791e-10	6.442532192946879e-12	0.0924578578000003	0.0206776976000014	-0.0608116782000014	-0.1137469224999981	1
0.2340109194374319	-0.0098860799999991	3.1199999997377376e-06	9.733581012756106e-12	9.773457776543888e-05	0.0623287000000004	-0.0063101000000003	3.981736200982885e-05	0.0038848668436895	-0.0337199000000003	-0.0074136000000003	5.496146495976174e-05	0.0011370316560101	0.0001050680000002	-2.761600000004661e-05	7.626431328079621e-10	1.1039285048254672e-08	-9.474609999960317e-05	0.0001055419	1.1139092941249526e-08	8.976822861083858e-09	0.0001294590000007	0.0001269206800013	1.6108859288576588e-08	1.6759632221557132e-08	0.0906500543000002	0.0151982898000012	-0.0678446344000015	-0.1170008866999981	1
0.096105883227657	-0.0098847099999992	1.3699999997452424e-06	1.876187983712185e-12	9.770749178324748e-05	0.0609754000000003	-0.0013533000000001	1.8314208894083832e-06	0.0037179994051593	-0.0163290999999998	0.0173908000000009	0.0003024399246405	0.00026663950681	0.0002795140000007	0.0001744460000003	3.0431407206635604e-08	7.812807705857697e-08	-0.0003597360000003	-0.0002649899000005	7.021964744216739e-08	1.294099892476127e-07	0.0001294590000012	-5.186625429715453e-16	1.0805552252306875e-17	1.6759632369555847e-08	0.0887945849000003	0.009686919800001	-0.0745566347000013	-0.1192711495999986	1
0.0750711740573591	-0.0099074199999994	-2.2710000000518223e-05	5.157441362097351e-10	9.815697105597088e-05	0.0889030000000012	0.0279276000000001	0.0007799508417602	0.0079037434090007	-0.0094557899999993	0.0068733100000001	4.724239035531472e-05	8.94119645244768e-05	-0.0012210300000017	-0.0015005440000015	2.2516322984546613e-06	1.4909142617072094e-06	-0.0003221420000007	3.759400000033852e-05	1.4133089700602544e-09	1.0377546817130321e-07	0.0001294590000009	-4.1368487002006636e-16	-9.986360114284949e-16	1.6759632540967562e-08	0.0868924252000005	0.004155178000001	-0.0809159264000013	-0.1205386236999987	1
0.206425633645805	-0.0301514000000007	-0.0202439800000008	0.0004098187262412	0.0009091069219613	-0.0125534000000018	-0.101456400000002	0.0102934011009618	0.0001575878515613	-0.0424850000000008	-0.0330292100000021	0.0010909287132245	0.0018049752250009	0.0007187379999989	0.0019397680000014	3.7626998957145393e-06	5.165843121328237e-07	-0.0006085660000001	-0.0002864239999997	8.203870683812764e-08	3.703525763394336e-07	0.0001294590000009	-1.813581407514652e-16	-1.1937406327480177e-15	1.67596332169281e-08	0.0849445754999999	-0.0013853021999988	-0.0868924252000016	-0.120792652499998	1
0.2125345913499969	-0.0198828000000006	0.0102686000000007	0.0001054441459595	0.0003953257358389	0.0430732999999981	0.0556267000000021	0.0030943297528896	0.0018553091728902	-0.0268852000000007	0.0155998000000012	0.0002433537600413	0.0007228139790399	-4.445540000039443e-05	-0.0007631934000005	5.824641646751434e-07	1.9762820716047896e-09	-0.0004572919999997	0.0001512739999994	2.288382241490463e-08	2.091159729699975e-07	0.0001294590000015	-4.2789508341864007e-16	2.630953246072028e-16	1.6759632930125772e-08	0.0829520599999998	-0.0069228689999989	-0.0924578578000018	-0.1200311002999981	1
0.1707005920377736	-0.0292956000000014	-0.0094128000000007	8.860080383980722e-05	0.0008582321793623	0.0536451999999996	0.0105719000000003	0.0001117650696089	0.00287780748304	-0.0168399	0.0100453000000006	0.00010090805209	0.0002835822320099	-0.0002758450000008	-0.0002313896000002	5.3541147147139126e-08	7.609046382368558e-08	-0.0004977309999994	-4.043899999967576e-05	1.6353124568372735e-09	2.4773614854363254e-07	0.0001294590000013	-2.938319345002673e-16	-2.931046318262914e-16	1.6759632704551217e-08	0.0809159264000001	-0.0124458769999991	-0.0975858956000016	-0.1182603697999982	1
0.1603356230692513	-0.019860900000001	0.0094347000000011	8.901356409010031e-05	0.0003944553488094	0.0641940000000003	0.0105488	0.0001112771814397	0.0041208696359997	-0.0190428	-0.0022029	4.85276840985006e-06	0.0003626282318399	-3.568550000048804e-05	0.0002401595000009	5.767658559533963e-08	1.27345495775733e-09	-0.0004977310000001	-7.775851217350056e-16	-3.302902396850405e-16	2.4773614956266136e-07	-4.156700000393545e-06	-0.0001336157000016	1.7853155658693137e-08	1.7277989724306987e-11	0.0788372454000002	-0.0179427110999991	-0.1022522790000016	-0.1154953488999982	1
0.1414731688625412	-0.0266576000000014	-0.0067967000000002	4.619513088970416e-05	0.0007106276377614	0.0681217000000006	0.0039276999999997	1.5426827289665197e-05	0.0046405660108899	-0.0197471000000001	-0.0007043	4.960384894404947e-07	0.0003899479584099	-0.0001650730000004	-0.0001293875000001	1.6741125051015068e-08	2.7249095742838937e-08	-0.0004977309999998	5.489415880108283e-16	-1.0884528334669683e-16	2.477361493642787e-07	0.0001294590000003	0.0001336157000012	1.7853155463675653e-08	1.6759632498286442e-08	0.0767171099000002	-0.0234018113999992	-0.1064349327000017	-0.1117592845999983	1
0.1528037845846641	-0.0214501000000013	0.0052075000000007	2.711805624975884e-05	0.0004601067900098	0.0836825000000012	0.0155607999999998	0.0002421384966401	0.0070027608062502	-0.0175422	0.0022049	4.861584009449897e-06	0.00030772878084	2.4776099999887868e-05	0.0001898491000006	3.6042681100329294e-08	6.138559038119522e-10	-0.0002538509999994	0.0002438800000003	5.947745466320435e-08	6.444033071471476e-08	0.0001294590000007	-3.985170447852693e-16	-4.780815309904892e-16	1.675963264044231e-08	0.0745566347000002	-0.0288116972999993	-0.1101140695000016	-0.1070835885999981	1
0.0601761463064933	-0.0214525000000011	-2.399999999548753e-06	5.7594825607656594e-12	0.0004602097562502	0.062708800000001	-0.0209737000000009	0.0004398960916899	0.0039323935974389	-0.0006152089999994	0.0169269910000008	0.0002865230243143	3.784821142060746e-07	-2.3148499999320317e-05	-4.79246000003242e-05	2.2967675865943088e-09	5.358533357704126e-10	-0.0003015749999993	-4.772399999991447e-05	2.277579535078293e-09	9.094748083035204e-08	3.245579999936688e-05	-9.7003200001163e-05	9.409621009740078e-09	1.0533783490400075e-09	0.0723569560000004	-0.0341609917999994	-0.1132722844000015	-0.1015075723999984	1
0.0753855579244787	-0.0193257000000008	0.0021268000000003	4.523278239745954e-06	0.0003734826804896	0.0648579000000005	0.0021490999999998	4.6186308097211964e-06	0.0042065471924096	-0.0059832999999995	-0.0053680910000004	2.881640098417423e-05	3.579987889046795e-05	-0.0001227339999996	-9.958550000010072e-05	9.917271522231913e-09	1.5063634864919346e-08	-0.0003098479999999	-8.273000000080773e-06	6.844243821836106e-11	9.600578335384377e-08	0.0001294589999998	9.70032000007916e-05	9.409620681454673e-09	1.6759632844618812e-08	0.0701192304000002	-0.0394384451999994	-0.1158946366000017	-0.0950781171999983	1
0.2172073075902105	-0.0186215000000007	0.0007042000000001	4.958976394390574e-07	0.0003467602622495	0.0760334000000008	0.0111754999999999	0.00012489180025	0.0057810779155601	-0.0167036999999999	-0.0107204000000005	0.0001149269761597	0.00027901359369	-0.0001227339999999	1.6053769486763788e-16	6.459528340920105e-17	1.5063634781482643e-08	-0.0001885209999998	0.0001213270000002	1.4720241147553356e-08	3.5540167211667826e-08	0.0001294590000005	-1.3411609249993781e-16	-4.672759731545008e-16	1.6759632786201163e-08	0.0678446344000001	-0.0446329588999993	-0.1179687204000019	-0.0878492793999977	1
0.2155084590520467	-0.021443800000001	-0.0028222999999999	7.965377289155654e-06	0.0004598365584398	0.0603971000000005	-0.0156363000000006	0.0002444938776898	0.0036478096884096	-0.0209592000000004	-0.0042555000000002	1.810928024946625e-05	0.0004392880646397	-0.0003776970000006	-0.0002549630000003	6.500613151537086e-08	1.4265502366456972e-07	-0.0002216139999995	-3.309300000001356e-05	1.0951465542212086e-09	4.911276464650681e-08	0.0001294590000007	5.2172597777567125e-17	-5.520831830506752e-16	1.6759632771680004e-08	0.0655343642	-0.0497336087999994	-0.119484724000002	-0.0798818364999976	1
0.1737009146452351	-0.0188573000000009	0.0025865000000004	6.689982249197036e-06	0.0003555977632891	0.0578191	-0.0025780000000001	6.646083999443341e-06	0.0033430483248099	-0.0256490000000008	-0.0046898000000001	2.199422403987682e-05	0.0006578712009997	-0.0002700220000007	0.0001076750000005	1.1593905614180813e-08	7.291187991117025e-08	-0.0003197320000001	-9.811800000056464e-05	9.627142048290564e-09	1.0222855203403493e-07	3.087049999983007e-05	-9.858850000093186e-05	9.71969248164578e-09	9.5298786173118e-10	0.0631896344999999	-0.0547296681999995	-0.120435475400002	-0.0712427759999977	1
0.1632919732359828	-0.0188089000000008	4.840000000016396e-05	2.342559042711668e-09	0.0003537747192092	0.0619390000000001	0.0041199	1.6973576009426935e-05	0.0038364397209998	-0.0176722000000006	0.0079768000000006	6.362933824008314e-05	0.0003123066528396	4.428800000019581e-05	0.0003143100000006	9.879077599532379e-08	1.961426769033719e-09	-0.0003197320000002	2.0604137783670212e-16	-1.7335528378192176e-16	1.022285521210493e-07	1.8793799999213567e-05	-1.2076699999807374e-05	1.4584626479485239e-10	3.532068632975977e-10	0.0608116781999999	-0.0596106301999996	-0.120816476900002	-0.0620047318999976	1
0.0581897545952035	-0.0214852000000012	-0.0026762999999999	7.1625816893561534e-06	0.00046161381904	0.0679402000000005	0.0060012	3.601440143950034e-05	0.0046158707760398	-0.0006165389999998	0.017055661000001	0.0002908955721474	3.80120338763216e-07	6.906760000103709e-05	2.4779599999876895e-05	6.1402838725169e-10	4.770333823457877e-09	-0.0005852820000008	-0.0002655500000001	7.051680239818974e-08	3.425550204980552e-07	0.0001294589999999	0.0001106652000009	1.2246786913409788e-08	1.6759632482921125e-08	0.0584017457000001	-0.0643662300999997	-0.1206259260000016	-0.0522453743999978	1
0.0782535649995721	-0.0214866000000014	-1.399999999653225e-06	1.959302575362861e-12	0.0004616739795597	0.0708239000000007	0.0028836999999996	8.315725689824677e-06	0.0050160248112099	-0.0177152000000004	-0.0170986610000009	0.0002923642079933	0.0003138283110398	-0.0001227339999992	-0.0001918016000004	3.678785334713335e-08	1.506363478375866e-08	-0.0003197320000004	0.0002655500000013	7.051680254215305e-08	1.0222855166297013e-07	0.0001294590000001	-2.7725013246118114e-16	2.4813219835729563e-18	1.6759633396258978e-08	0.0559611043000001	-0.0689864668999998	-0.1198647243000017	-0.0420467565999977	1
0.2167292834772516	-0.0214948000000014	-8.199999999639833e-06	6.723894354881727e-11	0.0004620264270399	0.0708239000000007	-3.3826291564876667e-16	-1.1815859190965546e-16	0.0050160248112098	-0.0214054000000007	-0.0036902	1.3617576039479897e-05	0.0004581911491594	-0.000122734	8.978877515487261e-17	2.3724013221158093e-16	1.5063634959154167e-08	-0.000597612000001	-0.0002778800000006	7.721729486189061e-08	3.571401033339885e-07	0.0001294590000007	-9.880374133706483e-17	-4.531369866803168e-16	1.6759632716766173e-08	0.0534910371999999	-0.0734616239999996	-0.1185364727000019	-0.0314946247999971	1
0.2131373547565322	0.0139242000000019	0.0354190000000028	0.001254505561004	0.000193883345642	0.087285400000001	0.0164614999999997	0.0002709809822504	0.0076187410531601	-0.0133663000000003	0.0080391000000005	6.462712880994577e-05	0.00017865797569	-0.0003394989999996	-0.0002167649999995	4.6987064264936894e-08	1.1525957068784546e-07	0.0004624279999993	0.0010600400000007	1.1236847999698266e-06	2.138396543448445e-07	0.0001294589999999	-4.888352899013074e-16	-3.83010085629004e-16	1.6759633062439816e-08	0.0509928432999999	-0.0777822901999994	-0.1166474550000017	-0.020677697599997	1
0.0844466360476775	-0.0122331999999993	-0.0261574000000027	0.0006842095747628	0.0001496511822382	0.0701903000000009	-0.0170951000000006	0.0002922424440098	0.0049266782140899	-0.0198043000000007	-0.0064380000000002	4.1447843999091615e-05	0.0003922102984897	-0.0001393839999995	0.0002001149999999	4.0046012937868003e-08	1.9427898135189983e-08	-0.0002550860000013	-0.000717514	5.148263392602571e-07	6.506886727387183e-08	4.150919999937444e-05	-8.794980000050248e-05	7.735167620316874e-09	1.7230142361223267e-09	0.0484678361999999	-0.0819393790999998	-0.1142066075000018	-0.0096869197999973	1
0.0930136517004599	0.0157185000000025	0.0279517000000022	0.0007812975328908	0.0002470712422533	0.0548857999999998	-0.0153045000000005	0.0002342277202496	0.0030124510416393	-0.0261856000000012	-0.0063813	4.072098969051018e-05	0.0006856856473597	-0.0001624829999988	-2.30989999999516e-05	5.33562402081926e-10	2.6400724963756262e-08	0.0008640790000003	0.0011191650000013	1.252530299000178e-06	7.466325202219116e-07	0.0001294589999993	8.7949800000764e-05	7.735167477321561e-09	1.675963174122348e-08	0.0459173435999997	-0.0859241481999999	-0.1112254773000017	0.0013853022000028	1
0.2208583286619763	0.0077948200000028	-0.0079236800000017	6.278470474016186e-05	6.075921883473576e-05	0.0768944000000001	0.0220086000000004	0.0004843784739598	0.0059127487513604	-0.0352208000000015	-0.0090352000000001	8.163483904008501e-05	0.0012405047526397	0.0002048230000016	0.0003673060000001	1.34913698182394e-07	4.1952460840377126e-08	0.0005420269999997	-0.0003220520000006	1.037174911363937e-07	2.9379326807261506e-07	0.0001294590000001	2.2750831992797713e-16	-1.524994421994163e-16	1.675963198442447e-08	0.0433427066999995	-0.0897282173999998	-0.1077181673000019	0.0124458770000034	1
0.2063578747445252	-0.0272261000000007	-0.0350209200000028	0.001226464837651	0.0007412605212097	0.0123909999999985	-0.0645034000000011	0.0041606886115595	0.0001535368810007	-0.0218365000000013	0.0133843000000008	0.0001791394864893	0.0004768327322491	0.0012934100000024	0.0010885869999995	1.185021655463063e-06	1.672909430724928e-06	-0.0005509700000003	-0.001092997000001	1.1946424417132687e-06	3.0356794056475604e-07	0.0001294590000004	6.200856197669236e-16	3.002489968615841e-16	1.6759632398025375e-08	0.0407452790999995	-0.0933435867999998	-0.1037012698000018	0.0234018114000035	1
0.0785823745682187	0.0020775100000003	0.0293036100000024	0.0008587015590349	4.31604779824733e-06	0.0672995999999992	0.0549086000000015	0.0030149543539606	0.0045292361601601	-0.0215732000000012	0.0002633000000002	6.93268905738635e-08	0.0004654029582394	-0.0013789600000004	-0.0026723700000033	7.141561422301276e-06	1.90153068109699e-06	0.000659186000001	0.0012101560000017	1.4644775459393512e-06	4.34526182775363e-07	0.0001294589999998	1.3951117151364728e-17	-3.221809396607089e-16	1.6759632261812952e-08	0.0381264266999995	-0.0967626531999999	-0.0991937878000017	0.0341609918000031	1
0.0012401398087943	0.0007899270000012	-0.0012875830000003	1.6578699803277628e-06	6.239846649864327e-07	0.0547693999999998	-0.0125302000000001	0.0001570059120392	0.0029996871763598	-0.0167630000000011	0.0048102000000005	2.3138024039786063e-05	0.0002809981689989	-0.0009164060000011	0.0004625540000012	2.1395620352728278e-07	8.397999562796603e-07	0.0003504229999997	-0.0003087630000009	9.53345906516666e-08	1.2279627864062577e-07	0.0001294590000004	7.635732676653402e-18	-2.2127205958535952e-16	1.6759632960170692e-08	0.0354875264999997	-0.0999782263000001	-0.0942170449000016	0.0446329589000029	1
-0.0258035878337589	-0.0091942499999997	-0.0099841770000012	9.968379036722348e-05	8.453423306132131e-05	0.0785353000000005	0.0237659000000006	0.0005648180028097	0.0061677933460903	0.0053610299999999	0.0221240300000014	0.0004894727034417	2.8740642660829483e-05	-0.0006468669999998	0.0002695390000007	7.265127281808786e-08	4.184369147895234e-07	-9.444110000099576e-05	-0.0004448641000001	1.979040676369174e-07	8.919120373796307e-09	0.0001294590000001	-2.0136563056375462e-16	3.547724934190691e-16	1.6759633423219322e-08	0.0328299661999999	-0.1029835436000002	-0.0887945849000014	0.0547296682000029	1
-0.0269310206347467	-0.0122651000000003	-0.0030708499999997	9.430119721508204e-06	0.0001504326780084	0.0386431999999996	-0.0398921000000009	0.0015913796424098	0.0014932969062397	-0.0124381000000007	-0.017799130000001	0.000316809028757	0.0001547063316091	-0.0010121300000007	-0.0003652630000006	1.3341705821522634e-07	1.0244071365382466e-06	-0.0005329540000022	-0.0004385129000005	1.9229356418693895e-07	2.840399659668686e-07	0.0001294590000002	-9.8199178482347e-17	-1.3857831349413968e-16	1.6759633889798563e-08	0.0301551431999997	-0.1057722848000003	-0.0829520600000015	0.0643662301000031	1
-0.0183300542632349	0.0117988000000018	0.0240639000000017	0.0005790712832107	0.0001392116814417	0.0625247999999995	0.0238816000000006	0.0005703308185596	0.0039093506150398	-0.0087647500000007	0.0036733500000004	1.349350022291699e-05	7.682084256182646e-05	-0.0008650020000002	0.0001471280000011	2.1646647574909543e-08	7.482284596299177e-07	0.0003958749999983	0.0009288290000014	8.627233122652807e-07	1.5671701419448997e-07	0.000129459	-5.433853317819276e-16	3.3430651037643613e-16	1.6759633944386336e-08	0.0274644637999996	-0.1083385854000002	-0.0767171099000013	0.0734616240000032	1
-0.0095764477295366	-0.0022201599999986	-0.0140189600000018	0.0001965312394815	4.929110424822605e-06	0.062678	0.0001532	2.347023933154418e-08	0.003928531684	0.0032973299999998	0.0120620800000008	0.0001454937739264	1.0872385128552202e-05	-0.00105806	-0.0001930580000003	3.727139087582567e-08	1.1194909628963466e-06	0.0005882760000002	0.0001924010000017	3.7018143115918276e-08	3.460686533864579e-07	0.0001294589999999	3.637101557505946e-16	3.1270753748285264e-16	1.6759632106902994e-08	0.0247593430999998	-0.1106770482000001	-0.0701192304000014	0.0819393791000033	1
-0.0040785735317108	0.0077636600000018	0.0099838200000005	9.967666179125096e-05	6.027441659773121e-05	0.0599846	-0.0026934	7.254403559626291e-06	0.0035981522371595	0.0164828000000006	0.0131854700000006	0.0001738566191213	0.0002716826958407	-0.0009766749999994	8.138500000024913e-05	6.623518646040325e-09	9.538940551423422e-07	0.0006344880000003	4.621199999921617e-05	2.135547594952861e-09	4.025750222018184e-07	0.0001294589999993	-1.529228494164273e-16	-2.8844328013052163e-16	1.675963187516277e-08	0.0220412032999997	-0.1127827554000001	-0.0631896345000012	0.0897282174000034	1
-0.0014908872853651	0.0077529700000023	-1.0690000000533776e-05	1.142744133704442e-10	6.010854382318948e-05	0.0357953999999988	-0.0241892000000003	0.0005851173966391	0.0012813106611603	0.0164812000000006	-1.6000000001933951e-06	2.5598920685453464e-12	0.0002716299534408	-0.0017148500000008	-0.0007381750000013	5.449023307120674e-07	2.9407105239866467e-06	0.0005572179999997	-7.727000000054371e-05	5.970652668914031e-09	3.1049189837780684e-07	0.0002687790000009	0.0001393200000013	1.9410062818409804e-08	7.224215261656358e-08	0.0193114736999996	-0.1146512788	-0.0559611043000012	0.0967626532000035	1
-0.0004704125597093	-0.0043324299999988	-0.0120854000000015	0.0001460568931605	1.8769949704188303e-05	0.0562965999999993	0.0205012000000009	0.0004202992014393	0.0031693071715602	0.0265241000000011	0.0100429000000003	0.00010085984041	0.0007035278808117	-0.0017299200000013	-1.506999999955626e-05	2.2710492818517262e-10	2.9926232076189384e-06	0.0005325760000002	-2.4641999999378544e-05	6.07227219004975e-10	2.83637196631524e-07	0.0001294590000002	-0.0001393200000015	1.941006376488384e-08	1.6759631691833778e-08	0.0165715896999995	-0.1162786887999999	-0.0484678362000011	0.1029835436000035	1
-0.0001042810675278	0.0027127200000011	0.0070451500000003	4.963413852195666e-05	7.358849798966533e-06	0.0645170000000001	0.0082204000000001	6.757497615990238e-05	0.0041624432889997	0.0164580000000008	-0.0100661000000007	0.0001013263692099	0.0002708657640008	-0.00107772	0.0006522000000014	4.2536484099602586e-07	1.161480397958229e-06	0.0006172960000004	8.471999999943187e-05	7.177477915843833e-09	3.8105435230757196e-07	0.0001294589999993	-1.5244743246214854e-16	-4.999250712270794e-16	1.6759632107660893e-08	0.0138229919999997	-0.1176615628	-0.040745279100001	0.1083385854000037	1
1.2857960491735418e-06	-0.0072053499999995	-0.0099180700000009	9.836811252473506e-05	5.1917068621449e-05	0.0457851999999995	-0.0187318000000003	0.0003508803312393	0.0020962845390398	0.0113082000000004	-0.0051498000000004	2.6520440039897167e-05	0.0001278753872399	-0.0008775209999994	0.0002001989999996	4.00796389907275e-08	7.700431040284148e-07	0.0007593440000017	0.0001420480000007	2.017763317256712e-08	5.766033128778416e-07	0.0001294589999994	4.895981581032161e-16	7.59994130745888e-17	1.6759631476744713e-08	0.0110671257999996	-0.1187969928000002	-0.032829966200001	0.1127827554000036	1
-5.961229231861219e-06	-0.0168930000000009	-0.0096876500000007	9.385056252281888e-05	0.0002853734489996	0.0670368999999999	0.0212517000000006	0.0004516347528895	0.0044939459616102	0.0064827000000001	-0.0048255000000001	2.3285450249600744e-05	4.2025399289522255e-05	-0.0010435100000001	-0.0001659890000001	2.755234805628067e-08	1.0889131191849064e-06	7.09917000010133e-05	-0.0006883523000019	4.738288910363448e-07	5.039820575900729e-09	5.179779999891758e-05	-7.766120000050333e-05	6.031262227909264e-09	2.683012233756095e-09	0.0083054402999996	-0.1196825909000002	-0.0247593431000009	0.1162786888000038	1
1.2222912565045771e-05	-0.0084176500000006	0.0084753500000008	7.183155762253587e-05	7.085683152147222e-05	0.0776091000000008	0.0105721999999999	0.00011177141284	0.00602317240281	0.0165081000000006	0.0100254000000005	0.0001005086451597	0.0002725173656102	-0.0012856100000003	-0.0002420999999998	5.861240978697994e-08	1.6527930728578925e-06	0.0001664470000003	9.54552999998347e-05	9.111713085296066e-09	2.77046033244262e-08	0.0001294589999993	7.766120000087314e-05	6.031261979674129e-09	1.6759632697337543e-08	0.0055393875999997	-0.1203164946000002	-0.0165715897000008	0.1187969928000038	1
-2.365707115326282e-05	-0.0119887000000004	-0.0035710499999998	1.2752398102112256e-05	0.0001437289276889	0.0463222	-0.0312869000000008	0.0009788701116099	0.0021457462128393	0.0165024000000006	-5.700000000180336e-06	3.2489385349591435e-11	0.0002723292057602	-0.0013115600000004	-2.595000000028649e-05	6.73401991330471e-10	1.7201896339237329e-06	0.0004045370000011	0.000238090000001	5.668684755449719e-08	1.636501846292199e-07	0.0001294589999996	3.3024027441635955e-16	-9.949198272993124e-17	1.6759632334889462e-08	0.0027704221999996	-0.1206973709000002	-0.0083054403000007	0.1203164946000038	1
3.885435855727623e-05	-0.0086659400000003	0.0033227600000001	1.104073401750321e-05	7.509851608289012e-05	0.0778985000000003	0.0315763000000006	0.0009970627216902	0.0060681763022499	0.0164317000000007	-7.070000000008475e-05	4.998489634724962e-09	0.0002700007648903	-0.0006362819999992	0.0006752780000013	4.560003782993462e-07	4.048547825702889e-07	0.0002433730000006	-0.0001611640000009	2.5973834672872165e-08	5.92304162986609e-08	0.0001294589999994	-1.6749484507027523e-16	-8.268139803466537e-17	1.6759633019948742e-08	-3.5428934161765514e-16	-0.1208244187000001	-6.211393478934654e-16	0.1208244187000038	1
-3.610627982860813e-05	-0.0069371899999999	0.0017287500000004	2.988576561778741e-06	4.812460509542666e-05	0.0451793999999998	-0.0327191000000007	0.0010705395048098	0.0020411781843594	0.0165042000000006	7.249999999981609e-05	5.256249518631986e-09	0.0002723886176402	-0.0014250299999999	-0.0007887480000016	6.221234073667297e-07	2.030710501446206e-06	0.0004341110000012	0.0001907380000004	3.6380983695980144e-08	1.8845236002035477e-07	0.0001294589999994	3.66424334667074e-16	-1.7664103562092875e-16	1.6759632140574072e-08	-0.0027704222000005	-0.1206973709000001	0.0083054402999993	0.1203164946000037	1
-7.116942638792448e-05	-0.0103000000000001	-0.0033628100000004	1.1308491096452034e-05	0.0001060899999995	0.0670747	0.0218953000000006	0.0004794041620896	0.0044990153800901	0.0308190000000013	0.0143148000000005	0.0002049134990399	0.0009498107610018	-0.0018839700000012	-0.00045894	2.1062592381698237e-07	3.549342963605065e-06	7.099180000033406e-05	-0.000363119200001	1.318555537715443e-07	5.039834698708706e-09	0.0001294589999996	-5.4976338357780054e-17	-3.289460378927729e-16	1.675963230279131e-08	-0.0055393876000004	-0.1203164946000001	0.0165715896999994	0.1187969928000038	1
0.0003634024505646	-0.0022516499999995	0.0080483500000008	6.477593772248027e-05	5.069927721916855e-06	0.0626654000000002	-0.0044093000000002	1.9441926489945245e-05	0.0039269523571594	0.0165556000000009	-0.0142634000000009	0.0002034445795599	0.0002740878913604	-0.0014294600000007	0.0004545100000011	2.0657934031189958e-07	2.043355892522924e-06	0.0004890910000006	0.0004180992000005	1.748069412301729e-07	2.392100066293093e-07	0.0001294589999995	-9.534679599574871e-17	-2.7936721512674643e-16	1.6759632391666994e-08	-0.0083054403000004	-0.1196825909000001	0.0247593430999995	0.1162786888000037	1
0.003937967469458	-0.0022567099999991	-5.060000000177175e-06	2.560309900657856e-11	5.09274002425041e-06	0.0670400000000002	0.0043746	1.9137125159768403e-05	0.0044943615999998	0.0165024000000007	-5.32000000001263e-05	2.8302394874231772e-09	0.0002723292057603	-0.0010883799999999	0.0003410800000007	1.1633556721720955e-07	1.184571024115294e-06	0.0001537019999999	-0.0003353890000011	1.1248578180310694e-07	2.3624303021798616e-08	0.0001294589999997	-8.033267376808873e-17	-1.9027980755876922e-16	1.6759633167789357e-08	-0.0110671258000005	-0.1187969928000001	0.0328299661999996	0.1127827554000037	1
0.1101663373311226	-0.0022379699999991	1.873999999966448e-05	3.511868665628093e-10	5.008509721083473e-06	0.0811215000000007	0.0140814999999999	0.0001982886422501	0.0065806977622501	0.0107483000000006	-0.0057541000000004	3.310966680934924e-05	0.0001155259528898	-0.0009288989999994	0.0001594810000001	2.5434189674980328e-08	8.628533516972664e-07	0.0003753620000003	0.0002216600000006	4.9133155522941744e-08	1.4089663017938157e-07	0.0001294589999997	1.9233431808081807e-16	-7.59726996216681e-17	1.6759632590217016e-08	-0.0138229920000005	-0.1176615627999999	0.0407452790999995	0.1083385854000039	1
0.152746952325913	-0.0174546000000005	-0.015216630000001	0.0002315458285575	0.0003046630611597	0.0484897999999999	-0.0326317000000008	0.0010648278448899	0.0023512607040395	0.0049457700000002	-0.0058025300000004	3.366935439969182e-05	2.446064089203806e-05	-0.0014126400000009	-0.0004837410000011	2.3400535491643745e-07	1.995551770101826e-06	-0.0001354889999993	-0.0005108510000008	2.609687440110904e-07	1.8357267370145324e-08	0.0001294590000003	5.467365661976185e-16	-3.6144248187544143e-16	1.6759632943595022e-08	-0.0165715897000007	-0.1162786887999999	0.0484678361999996	0.102983543600004	1
0.178046253381408	0.0002530330000007	0.0177076330000017	0.0003135602664629	6.402569799481908e-08	0.0395885999999986	-0.0089011999999999	7.923136143897971e-05	0.0015672572499601	-0.0035624200000003	-0.0085081900000004	7.238929707620721e-05	1.2690836255110968e-05	-0.0015629400000017	-0.0001502999999997	2.2590088507146125e-08	2.442781444443533e-06	0.0005965040000015	0.0007319930000004	5.358137528476381e-07	3.558170225569374e-07	0.0001294590000005	3.566505858457687e-16	1.4432440010354406e-17	1.6759632137210805e-08	-0.019311473700001	-0.1146512787999999	0.0559611042999995	0.0967626532000041	1
0.1604349214625241	-0.0022183499999991	-0.002471383000001	6.107733932137578e-06	4.921076722654991e-06	0.1129640000000011	0.0733754000000015	0.0053839493251622	0.0127608652960022	-0.0283236000000012	-0.0247611800000011	0.0006131160349919	0.0008022263169586	-0.001411240000002	0.0001517000000013	2.3012888786821574e-08	1.9915983381726484e-06	0.000496874000001	-9.96300000008017e-05	9.926137392310473e-09	2.468837734088775e-07	7.26587999995908e-05	-5.680020000039195e-05	3.226262287965941e-09	5.279300479126418e-09	-0.0220412033000007	-0.1127827554	0.0631896344999996	0.089728217400004	1
0.0617672689273757	-0.0238897000000009	-0.021671350000001	0.0004696474108236	0.0005707177660904	0.0262343000000002	-0.0867297000000021	0.007522040862092	0.0006882384964873	0.0165319000000002	0.0448555000000025	0.0020120158802526	0.0002733037176098	-0.0007953860000001	0.0006158539999999	3.7927614866681737e-07	6.32638888687778e-07	-0.0007969899999998	-0.0012938640000021	1.674084055946372e-06	6.351930601933806e-07	0.0001294590000004	5.680020000049411e-05	3.226263076256528e-09	1.6759632191031507e-08	-0.0247593431000006	-0.1106770482000001	0.0701192304	0.0819393791000035	1
0.1186615572064573	-0.0241501000000016	-0.0002603999999997	6.780815990884449e-08	0.0005832273300112	0.0629716999999994	0.0367374000000011	0.0013496365587599	0.0039654350008899	0.0165220000000008	-9.90000000003984e-06	9.800959091703007e-11	0.0002729764840002	-0.0008589769999999	-6.35909999998259e-05	4.043815081592601e-09	7.378414864766478e-07	-0.0008384660000012	-4.147599999974312e-05	1.7202584082342967e-09	7.030252344267198e-07	0.0001294590000003	-3.2233877067027224e-16	-1.6085508322722212e-17	1.6759632902932448e-08	-0.0274644638000008	-0.1083385853999999	0.0767171098999999	0.0734616240000036	1
0.2473210674720452	-0.0242366000000015	-8.64999999993895e-05	7.482249493945151e-09	0.0005874127795613	0.0505734999999997	-0.0123982000000003	0.0001537153632395	0.0025576789022495	0.0165446000000009	2.259999999980931e-05	5.107593346636884e-10	0.0002737237891602	-0.0007130449999997	0.0001459319999997	2.129614891130368e-08	5.084331713844672e-07	-0.0007614080000007	7.705800000029765e-05	5.937935084332668e-09	5.797421427814358e-07	4.3825199999604925e-05	-8.56338000006182e-05	7.333147914811213e-09	1.9206478102552803e-09	-0.0301551432000008	-0.1057722847999996	0.0829520599999998	0.0643662301000039	1
0.3053567884853385	-0.0151276000000006	0.009109000000001	8.297388100007036e-05	0.0002288442817594	0.0691650000000001	0.0185915000000003	0.00034564387225	0.0047837972249996	0.0164944000000011	-5.020000000018928e-05	2.5200393992942046e-09	0.0002720652313604	-0.0005605099999994	0.0001525350000003	2.3266926210824276e-08	3.14171459781108e-07	-0.0007841850000013	-2.277700000043823e-05	5.187910252672707e-10	6.149461147481584e-07	0.0001294590000001	8.563380000096696e-05	7.333147636636278e-09	1.67596324851489e-08	-0.0328299662000009	-0.1029835435999994	0.0887945848999998	0.0547296682000041	1
0.2144927015051139	-0.0175905000000006	-0.0024628999999999	6.065876409680041e-06	0.00030942569025	0.0663402000000004	-0.0028248000000002	7.979495039866778e-06	0.0044010221360394	0.016480600000001	-1.3800000000195992e-05	1.9043936885445163e-10	0.0002716101763604	-0.0003693219999985	0.0001911879999996	3.655285167860769e-08	1.363987391801014e-07	-0.0004584290000005	0.0003257560000015	1.0611697165330509e-07	2.1015714657924625e-07	0.0001294590000002	1.0899606847749891e-16	2.250322657927217e-16	1.6759633119225457e-08	-0.0354875265000008	-0.0999782262999997	0.0942170449	0.0446329589000035	1
0.1753449042677523	-0.0177239000000007	-0.0001333999999997	1.7795559598530462e-08	0.0003141366312101	0.0675133000000002	0.0011730999999997	1.3761636097245938e-06	0.0045580456768897	-0.0001371029999996	-0.016617703000001	0.0002761480529962	1.8797231918025532e-08	-0.0006293759999991	-0.0002600540000006	6.76280827833963e-08	3.9611414873784577e-07	-0.0004584289999999	3.363012759780535e-17	-4.773915613229563e-16	2.101571468112901e-07	7.890079999983258e-05	-5.055820000038341e-05	2.556131803263444e-09	6.225336559243804e-09	-0.0381264267000008	-0.0967626531999997	0.0991937878	0.0341609918000033	1
0.1285250001817164	-0.020872500000001	-0.0031485999999999	9.913681959898876e-06	0.0004356612562507	0.0739784000000006	0.0064651	4.179751800965449e-05	0.0054728036665596	0.0164606000000008	0.0165977030000009	0.0002754837448762	0.0002709513523602	-0.0003670969999987	0.000262279	6.879027437528734e-08	1.3476020716090122e-07	-0.0004584289999995	4.475860147626748e-16	-7.352647276846504e-16	2.101571470477741e-07	0.0001294590000001	5.055820000047534e-05	2.556131862476721e-09	1.6759632859036954e-08	-0.0407452791000007	-0.0933435867999998	0.1037012698000002	0.023401811400003	1
0.0349417122711284	-0.0131022000000003	0.0077703000000011	6.03775620898634e-05	0.0001716676448392	0.0557683999999999	-0.0182100000000004	0.0003316040999994	0.0031101144385594	-0.0094871000000002	-0.0259477000000014	0.000673283135291	9.0005066409126e-05	-0.0004468699999989	-7.977300000035189e-05	6.363730817620585e-09	1.9969279664713409e-07	-0.0008489420000013	-0.0003905130000014	1.525004030957778e-07	7.207025204708164e-07	0.0001294590000004	-5.279793687222364e-16	1.208860647129778e-16	1.675963326519346e-08	-0.0433427067000008	-0.0897282174	0.1077181673000004	0.0124458770000026	1
0.0998535597016841	-0.0191983000000006	-0.0060961000000005	3.716243520972426e-05	0.0003685747228898	0.071251	0.0154826000000003	0.0002397109027592	0.0050767050010001	-0.021757900000001	-0.0122708000000003	0.0001505725326397	0.0004734062124086	-0.0005838649999998	-0.0001369950000002	1.8767629400644672e-08	3.408983376874047e-07	-0.0004584290000003	0.000390513000002	1.5250040350580832e-07	2.1015714774115849e-07	5.488810000014776e-05	-7.45709000006395e-05	5.560820018252448e-09	3.012704297336522e-09	-0.0459173436000009	-0.0859241482	0.1112254773000003	0.0013853022000027	1
0.1235302377589017	-0.0130812000000004	0.0061171000000006	3.741891240981495e-05	0.0001711177934394	0.0951969000000011	0.0239459000000002	0.00057340612681	0.0090624497696109	-0.0208586000000009	0.0008993000000003	8.087404889368292e-07	0.0004350811939586	-0.0002970569999997	0.0002868080000007	8.225882881054101e-08	8.824286134768866e-08	-0.000458429	-2.7600243255988456e-16	-3.3198067842980244e-16	2.1015714823798413e-07	0.0001294590000005	7.4570900000685e-05	5.56081928204906e-09	1.675963330348681e-08	-0.0484678362000009	-0.0819393790999999	0.1142066075000003	-0.0096869197999973	1
0.158673584234751	-0.0110257000000001	0.0020554999999998	4.225080250291122e-06	0.0001215660604905	0.1332590000000026	0.0380620999999999	0.0014487234564101	0.0177579610810046	0.018064000000001	0.0389226000000022	0.0015149687907618	0.0003263080960009	-0.0006599509999992	-0.0003628940000011	1.3169205490749638e-07	4.355353208296137e-07	-0.000458429	3.4166886099514325e-16	-3.9921833359839652e-16	2.1015714791125858e-07	3.099279999909309e-05	-9.846620000102522e-05	9.695593305919709e-09	9.605534265014412e-10	-0.0509928433000004	-0.0777822901999997	0.1166474550000004	-0.0206776975999972	1
0.1380985311433861	-0.0131005000000002	-0.0020747999999998	4.304795039816295e-06	0.0001716231002495	0.1057460000000026	-0.0275130000000017	0.0007569651690006	0.0111822165160013	-0.0358951000000008	-0.053959100000003	0.0029115844728148	0.0012884582040097	-0.0015196400000007	-0.0008596890000016	7.390651759213333e-07	2.309305731332858e-06	-0.0006644770000006	-0.000206048	4.245577753940374e-08	4.415296840328341e-07	6.423699999935932e-05	3.324420000011664e-05	1.105176388136288e-09	4.126391988074873e-09	-0.0534910372000005	-0.0734616239999999	0.1185364727000004	-0.0314946247999974	1
0.051726114119511	-0.0219299000000001	-0.0088293999999994	7.79583043586667e-05	0.0004809205140094	-0.0382468000000027	-0.143992800000003	0.0207339264518448	0.0014628177102416	0.0051539299999997	0.0410490300000023	0.0016850228639415	2.656299444474565e-05	0.0007692820000001	0.0022889220000009	5.239163923104646e-06	5.917947944621293e-07	-0.000692056	-2.757899999881609e-05	7.605999214030377e-10	4.789415069312137e-07	0.000129459	6.522200000087943e-05	4.253908978043798e-09	1.6759632977046805e-08	-0.0559611043000013	-0.0689864668999998	0.1198647243000004	-0.0420467565999979	1
0.1278222333873889	-0.0233666000000006	-0.0014367000000006	2.064106889795334e-06	0.0005459979955614	0.0701792999999986	0.1084261000000035	0.0117562191612143	0.0049251341484882	-0.0055498399999999	-0.0107037700000003	0.0001145706922122	3.080072402557071e-05	-0.0006956329999997	-0.0014649150000014	2.1459759569622217e-06	4.83905271194702e-07	-0.0007753210000002	-8.326500000018359e-05	6.933059560488297e-09	6.011226536601468e-07	0.0001976250000009	6.816599999996894e-05	4.6466033551125506e-09	3.905564161119821e-08	-0.0584017457000012	-0.0643662300999995	0.1206259260000004	-0.0522453743999978	1
0.2436145514274651	-0.0192085000000006	0.0041581000000005	1.728979561013754e-05	0.0003689664722506	0.0836754000000007	0.0134960999999999	0.0001821447152097	0.0070015725651598	0.0106771000000009	0.0162269400000009	0.0002633135817632	0.0001140004644104	-0.0007145610000002	-1.8927999999773136e-05	3.5826988585682356e-10	5.105974229230998e-07	-0.0007920320000003	-1.6711000000240388e-05	2.792572256112e-10	6.273146905020401e-07	7.84086000005968e-05	-0.0001192164000013	1.4212550664439211e-08	6.1479075724361535e-09	-0.060811678200001	-0.0596106301999993	0.1208164769000003	-0.0620047318999974	1
0.1779136177992776	-0.0108562999999994	0.008352200000001	6.975924484028296e-05	0.0001178592496894	0.0564472000000002	-0.0272282000000006	0.0007413748752399	0.0031862863878387	0.0145718000000012	0.0038946999999999	1.516868808920383e-05	0.0002123373552409	-0.000766562	-5.200100000002194e-05	2.7041039581673566e-09	5.876173002548385e-07	-0.0008488440000013	-5.681200000037103e-05	3.227602653747584e-09	7.205361380272289e-07	0.0001294590000003	5.105040000032302e-05	2.606142724653684e-09	1.6759632240356433e-08	-0.063189634500001	-0.0547296681999993	0.1204354754000004	-0.0712427759999978	1
0.0649115176109663	-0.0081806899999988	0.0026756099999999	7.158888872343185e-06	6.692368887558838e-05	0.0600760999999995	0.0036289000000001	1.31689152092211e-05	0.0036091377912096	0.010746900000001	-0.0038249000000002	1.4629860009749731e-05	0.0001154958596109	-0.0011327900000005	-0.0003662280000002	1.3412294771929126e-07	1.283213184517122e-06	-0.000458429000001	0.0003904150000012	1.524238730518504e-07	2.1015714744148265e-07	0.0001294590000005	-2.872961301898799e-16	-5.707511306581503e-17	1.6759633401181318e-08	-0.065534364200001	-0.0497336087999994	0.1194847240000005	-0.0798818364999984	1
0.1319892488244957	-0.0237920000000001	-0.0156113100000013	0.0002437129999174	0.0005660592640006	0.045922899999999	-0.0141531999999999	0.0002003130702386	0.00210891274441	-0.0131775000000001	-0.0239244000000013	0.0005723769153606	0.0001736465062496	-0.0008962960000011	0.0002364940000002	5.592941145044893e-08	8.03346518989439e-07	-0.0005786379999997	-0.0001202089999995	1.4450202635676873e-08	3.348219349846608e-07	0.0001294590000009	-1.1145890611279763e-16	-7.763374399940477e-17	1.6759633515103573e-08	-0.0678446344000012	-0.0446329588999994	0.1179687204000004	-0.0878492793999981	1
0.2376311398362314	-0.0182022000000001	0.0055898000000004	3.124586404013795e-05	0.00033132008484	0.0667688999999995	0.0208460000000007	0.0004345557159993	0.0044580860072095	0.0048460300000005	0.0180235300000011	0.0003248476336611	2.348400676109684e-05	-0.0006529250000006	0.0002433710000009	5.9229444000129434e-08	4.2631105569068043e-07	-0.000794369	-0.000215731000001	4.653986445326376e-08	6.310221095099662e-07	0.0001294590000011	-3.43843287261258e-16	-2.811542362838391e-16	1.6759632159832736e-08	-0.0701192304000012	-0.0394384451999991	0.1158946366000003	-0.0950781171999978	1
0.183259336940761	-0.0181839	1.8300000000016616e-05	3.348900840294936e-10	0.00033065421921	0.0720942	0.0053252999999998	2.835882008955097e-05	0.0051975736736397	-0.0076112799999996	-0.0124573100000005	0.0001551845724356	5.793158323826148e-05	-0.0007465770000004	-9.365199999994325e-05	8.770696968486201e-09	5.57377217070021e-07	-0.0005421839999999	0.0002521850000005	6.359727469000455e-08	2.9396348999806546e-07	0.0001294590000007	-1.6016524166197183e-16	-2.742076914222429e-16	1.675963296907413e-08	-0.0723569560000011	-0.0341609917999992	0.1132722844000004	-0.1015075723999981	1
0.176905059208339	-0.008156649999999	0.0100272500000007	0.0001005457425629	6.653093922191431e-05	0.0792077000000004	0.0071135	5.06018822497198e-05	0.0062738597392896	0.0016945200000006	0.0093058000000004	8.659791363966583e-05	2.871398030703334e-06	-0.0006608320000001	8.574500000051192e-05	7.352205147421356e-09	4.366989322476435e-07	-0.000113430999999	0.0004287530000004	1.838291352783353e-07	1.2866590722467674e-08	0.0001294590000005	-1.5450440950845115e-16	-2.0627407811593624e-16	1.6759632799093223e-08	-0.0745566347000011	-0.0288116972999991	0.1101140695000002	-0.1070835885999983	1
0.1258985357263418	-0.0158211999999994	-0.007664550000001	5.874532670325414e-05	0.0002503103694404	0.0853122000000008	0.0061044999999998	3.726492024974453e-05	0.0072781714688401	0.0030947200000008	0.0014002	1.9605600390563102e-06	9.577291878971893e-06	-0.0003237429999994	0.0003370890000003	1.136289947358314e-07	1.0480952980424761e-07	-0.0004090399999994	-0.0002956090000006	8.738468137137027e-08	1.6731372136201045e-07	0.0001294590000003	-1.6260010715201243e-16	-4.834347699263909e-16	1.675963268769657e-08	-0.076717109900001	-0.0234018113999991	0.1064349327000003	-0.1117592845999985	1
0.0399102774082374	-0.0183968999999999	-0.0025756999999999	6.634230490080368e-06	0.0003384459296103	0.0568353	-0.0284769000000007	0.0008109338336096	0.0032302513260889	-0.0053047099999996	-0.0083994300000004	7.055042432443519e-05	2.813994818423872e-05	-0.0002696149999992	5.412799999967872e-05	2.9298402577955403e-09	7.269224835949976e-08	-0.0006149539999997	-0.0002059140000004	4.2400575382312374e-08	3.781684226267066e-07	0.0001294590000003	-3.0662700577003993e-16	-3.378942288759161e-16	1.6759632771708198e-08	-0.0788372454000011	-0.0179427110999993	0.1022522790000004	-0.1154953488999987	1
0.1305833982848556	-0.0116404999999992	0.0067564000000005	4.564894096008308e-05	0.0001355012402492	0.0636913999999994	0.0068561000000002	4.700610720914539e-05	0.0040565944339596	-0.0180928000000003	-0.0127880900000004	0.0001635352458482	0.0003273494118398	-0.000573743	-0.0003041280000002	9.249383981091835e-08	3.291810297390144e-07	-0.000458278	0.0001566759999999	2.4547368795873848e-08	2.1001872478817445e-07	0.0001294590000007	-2.4714616950073016e-16	-8.540226951776533e-17	1.6759633235689946e-08	-0.0809159264000014	-0.0124458769999991	0.0975858956000002	-0.1182603697999985	1
0.2390485543541335	-0.0159745999999993	-0.0043341000000005	1.8784422809844348e-05	0.0002551878451597	0.0725942999999998	0.0089029000000003	7.926162840936063e-05	0.0052699323924897	-0.0160765000000002	0.0020163000000002	4.0654656894703614e-06	0.0002584538522497	-0.0001952019999999	0.0003785410000006	1.43293289150671e-07	3.810382072447556e-08	-0.0006149540000002	-0.0001566760000003	2.4547369356032882e-08	3.781684224852787e-07	0.000129459000001	-4.891041942825923e-17	-2.9351274204771124e-16	1.6759632443846546e-08	-0.0829520600000014	-0.0069228689999988	0.0924578578	-0.1200311002999982	1
0.1837036194156801	-0.0116479999999992	0.0043266	1.8719467559869848e-05	0.0001356759039996	0.0840111000000005	0.0114168000000001	0.0001303433222396	0.00705786492321	-0.0161548000000001	-7.829999999983587e-05	6.130889429658487e-09	0.0002609775630398	-0.0001827019999994	1.2500000000142953e-05	1.5624997577810954e-10	3.3380021000506865e-08	-0.0006149540000006	-2.1388241759148188e-16	-5.601612660098496e-19	3.78168422691728e-07	0.0001294590000007	-2.0892979821363647e-16	-3.2768520123994383e-16	1.67596325153234e-08	-0.0849445755000013	-0.0013853021999989	0.0868924252	-0.1207926524999983	1
0.1803811692242815	-0.0146424999999993	-0.0029945000000004	8.967030249890884e-06	0.0002144028062499	0.0840191000000007	7.999999999759923e-06	6.399970808416838e-11	0.0070592091648099	-0.0105693999999998	0.0055854000000004	3.119669315940361e-05	0.0001117122163598	-0.0003853659999994	-0.0002026640000005	4.107269682559635e-08	1.4850695367096617e-07	-0.000145089999999	0.0004698640000017	2.207721795358142e-07	2.1051107444168552e-08	7.937739999995461e-05	-5.008160000025277e-05	2.5081667054975997e-09	6.3007711344014634e-09	-0.0868924252000012	0.0041551780000011	0.0809159263999999	-0.1205386236999983	1
0.1210180109357059	-0.0116100999999992	0.0030324	9.195449759998283e-06	0.0001347944220096	0.0840055000000006	-1.3600000000359852e-05	1.8495975409904175e-10	0.0070569240302498	-0.0168313000000001	-0.0062619000000002	3.9211391609583846e-05	0.0002832926596899	-0.0001318429999991	0.0002535230000001	6.427391146753256e-08	1.7382576675691256e-08	0.0001045220000019	0.0002496120000001	6.230615074473915e-08	1.0924848187170534e-08	0.0001294589999999	5.00816000005903e-05	2.508166349879407e-09	1.6759632238028743e-08	-0.0887945849000012	0.009686919800001	0.0745566347	-0.1192711495999985	1
0.0433420892278876	-0.0116349999999992	-2.4900000000235315e-05	6.200101109016591e-10	0.0001353732250001	0.0897292000000006	0.0057236999999997	3.2760741689642474e-05	0.0080513293326404	-0.0194682000000003	-0.0026368999999999	6.953241609340502e-06	0.0003790108112399	-0.0003237429999994	-0.0001919000000002	3.6825610147947456e-08	1.0480952965163369e-07	-0.0003303409999993	-0.0004348630000017	1.891058300722443e-07	1.0912517623063244e-07	5.552369999939171e-05	-7.393530000081196e-05	5.466428365406077e-09	3.082880899083505e-09	-0.0906500543000012	0.0151982898000009	0.0678446344	-0.1170008866999988	1
0.1152875604221821	-0.011653599999999	-1.8600000000174792e-05	3.4595977673537405e-10	0.0001358063929597	0.0793798000000006	-0.0103494000000002	0.0001071100803596	0.0063011526480396	-0.0162784000000001	0.0031898000000003	1.0174824039347284e-05	0.0002649863065599	-0.0004171889999997	-9.344600000018997e-05	8.732154806861274e-09	1.7404666149792338e-07	-0.0003940039999999	-6.366300000019429e-05	4.052977477785046e-09	1.552391520939521e-07	3.646109999915552e-05	-1.906259999991229e-05	3.6338201198279536e-10	1.3294112847915934e-09	-0.0924578578000013	0.0206776976000011	0.0608116781999998	-0.1137469224999985	1
0.1249251790069394	-0.0177179999999996	-0.0060644000000007	3.67769473600492e-05	0.000313927524	0.0791832000000002	-0.0001966000000001	3.8651559541322745e-08	0.0062699791622397	-0.0253073000000005	-0.0090289000000003	8.152103520971882e-05	0.00064045943329	0.0001840570000011	0.0006012460000005	3.61496752800109e-07	3.3876979816922636e-08	-0.0004281929999998	-3.4188999999682235e-05	1.168887668689468e-09	1.8334924529242446e-07	0.000129459	9.299790000100524e-05	8.648609394213992e-09	1.6759632355516977e-08	-0.0942170449000014	0.0261136199000011	0.0534910371999997	-0.1095366151999983	1
0.183210023720535	-0.0116376999999993	0.0060803000000003	3.697004808976412e-05	0.0001354360612895	0.0889882000000005	0.0098050000000001	9.61380249997685e-05	0.0079188997392403	-0.0321494000000008	-0.0068421000000001	4.681433240974803e-05	0.0010335839203601	6.733240000119779e-05	-0.0001167246000003	1.3624631873125977e-08	4.533652404435229e-09	-0.0003324199999997	9.577299999978224e-05	9.172467335060697e-09	1.1050305581173577e-07	0.0001294590000003	-5.50406235559108e-17	-2.675934411773456e-16	1.6759632438760652e-08	-0.0959266905000015	0.0314946248000013	0.0459173435999995	-0.1044053635999981	1
0.283853715236242	-0.0117120999999989	-7.44000000001403e-05	5.5353592239253505e-09	0.0001371732864098	0.0693592999999999	-0.0196289000000006	0.0003852937152098	0.0048107124964895	-0.0407650000000012	-0.0086156000000002	7.422856335947701e-05	0.0016617852250003	-0.0009078120000008	-0.0009751444000014	9.509066016096392e-07	8.241226264457645e-07	-0.0006694750000008	-0.0003370550000012	1.13606073709343e-07	4.481967764623585e-07	-0.0001760140000023	-0.0003054730000021	9.331375763195782e-08	3.0980930028532367e-08	-0.0975858956000017	0.0368093961000015	0.0381264266999994	-0.0983963092999977	1
0.2970938635999943	-0.0117026999999989	9.399999999486938e-06	8.835948690500336e-11	0.0001369531872892	0.0819359	0.0125766000000003	0.0001581708675594	0.0067134917088101	-0.0082695799999999	0.0324954200000021	0.0010559523209782	6.838595337631827e-05	-0.0019169600000027	-0.0010091480000007	1.0183796854460185e-06	3.674735644364328e-06	-0.0004229090000003	0.0002465660000008	6.079479209140116e-08	1.788520230263884e-07	-0.0001830240000032	-7.009999998555782e-06	4.913792809495824e-11	3.349778619761494e-08	-0.0991937878000015	0.0420467566000018	0.0301551431999991	-0.0915599742999974	1
0.1910364290456253	-0.0216497999999998	-0.0099471000000007	9.894479841018456e-05	0.0004687138400395	0.0534210999999993	-0.0285148000000005	0.0008130938190395	0.0028538139252089	-0.040336200000001	-0.0320666200000017	0.0010282681182264	0.0016270090304405	1.9580499997799817e-06	0.0019189180500028	3.68224648668228e-06	3.832889822849549e-12	-0.0003324199999997	9.048900000078082e-05	8.18825879069953e-09	1.1050305537419145e-07	4.514029999848624e-05	0.0002281643000029	5.205894932579916e-08	2.037645966958553e-09	-0.1007495216000017	0.0471956921000015	0.0220412032999993	-0.0839538360999977	1
0.1698083236802461	-0.0116365999999993	0.0100132000000007	0.0001002641742396	0.0001354104595588	0.0663884999999991	0.0129674000000006	0.0001681534627591	0.0044074329322497	-0.0329659000000011	0.0073703000000008	5.43213220905496e-05	0.0010867505628099	-0.0001045599999993	-0.00010651805	1.134609399405582e-08	1.0932793324451194e-08	-0.0002321259999994	0.0001002939999992	1.0058885588386577e-08	5.3882478799827555e-08	0.0001294590000002	8.431870000103096e-05	7.109643370307093e-09	1.675963233179113e-08	-0.102252279000002	0.0522453744000015	0.0138229919999992	-0.0756418441999978	1
0.1035603986287608	-0.0116486999999991	-1.2100000000420483e-05	1.4640952264503346e-10	0.0001356922116895	0.0826185999999999	0.0162301000000003	0.0002634161460094	0.0068258330659601	-0.0269284000000007	0.0060375000000005	3.64514062500697e-05	0.0007251387265599	-5.7873899998932727e-05	4.6686099999991394e-05	2.179591600636441e-09	3.349387855998432e-09	-0.0002185859999999	1.3540000000019042e-05	1.833315086666553e-10	4.777983864793647e-08	5.5174899999496e-05	-7.428410000058333e-05	5.5181277313851155e-09	3.044268871910054e-09	-0.1037012698000016	0.0571851838000015	0.0055393875999992	-0.0666938830999978	1
0.0102405463099099	-0.0216289	-0.0099802000000007	9.96043920402224e-05	0.0004678093152105	0.0603961999999995	-0.0222224000000003	0.0004938350617593	0.0036477009744396	-0.0301722000000009	-0.0032437999999998	1.0522238439583182e-05	0.0009103616528398	-0.0009635930000006	-0.0009057191000016	8.203270881233335e-07	9.285114697244851e-07	-0.000524389	-0.0003058030000003	9.35154745326332e-08	2.749838235387437e-07	0.000129459	7.428410000096669e-05	5.518127028813983e-09	1.675963228608922e-08	-0.1050957322000016	0.0620047319000013	-0.0027704222000007	-0.0571851837999981	1
-0.0238901886398435	-0.015122	0.0065069000000002	4.2339747610477176e-05	0.0002286748839991	0.1005820000000004	0.0401858000000009	0.0016148985216402	0.0101167387240012	-0.0272580000000008	0.0029142000000004	8.49256163952499e-06	0.0007429985639998	-0.0005692160000007	0.0003943770000014	1.5553321773371533e-07	3.240068544807084e-07	-0.000174846	0.0003495430000007	1.2218030963157033e-07	3.057112420959064e-08	0.0001294590000001	-3.603284534493776e-16	-3.715930437455225e-16	1.6759632811104233e-08	-0.1064349327000014	0.0666938831000013	-0.0110671258000006	-0.047195692099998	1
-0.0286279667458299	-0.0166191	-0.0014971	2.241308410001973e-06	0.0002761944848099	0.091478000000001	-0.0091040000000005	8.288281599992525e-05	0.0083682244840004	-0.0259795000000006	0.0012785000000002	1.6345622492027737e-06	0.0006749344202496	-0.0006671280000003	-9.79120000000633e-05	9.586759758985347e-09	4.450597684919609e-07	-0.0003661490000002	-0.0001913030000003	3.659683803105488e-08	1.340650905438346e-07	0.0001294589999999	-1.4266732284429499e-16	-6.844506010093257e-16	1.6759632352015337e-08	-0.1077181673000014	0.0712427760000014	-0.0193114737000007	-0.0368093960999979	1
-0.0211282349689719	-0.0262987000000009	-0.0096796000000005	9.369465616024817e-05	0.0006916216216917	0.0738024000000003	-0.0176756000000004	0.0003124268353597	0.0054467942457596	-0.0254183000000006	0.0005612000000001	3.149454393589459e-07	0.0006460899748896	-0.0005994810000002	6.764699999996929e-05	4.5761166636383594e-09	3.593774695175254e-07	-0.0005218590000001	-0.0001557099999996	2.424560359554644e-08	2.723368163535153e-07	0.0001294590000001	-1.3521311390813246e-16	-6.093183611614245e-16	1.675963226166069e-08	-0.1089447612000015	0.0756418442000014	-0.0274644638000008	-0.0261136198999977	1
-0.0122677716610762	-0.0262847000000013	1.4000000000302624e-05	1.9599982457642667e-10	0.0006908854540917	0.0824682000000001	0.0086658000000002	7.509608963959546e-05	0.0068010040112401	-0.0211266000000005	0.0042917000000004	1.8418688889777825e-05	0.0004463332275595	-0.000489901	0.0001095800000001	1.2007776418354184e-08	2.4000298987322e-07	-0.0004535659999998	6.829300000020179e-05	4.663933777973485e-09	2.0572211649932006e-07	0.000129459	-2.535395693704035e-16	-4.749759814243069e-16	1.675963227116254e-08	-0.1101140695000015	0.0798818365000016	-0.0354875265000009	-0.0151982897999976	1
-0.0057711537278205	-0.0180199000000006	0.0082648000000009	6.830691904032407e-05	0.0003247167960095	0.0911435000000006	0.0086752999999999	7.526083008991328e-05	0.0083071375922506	-0.0272286000000006	-0.0061020000000001	3.723440399976041e-05	0.0007413966579597	-0.0005514629999999	-6.156199999985282e-05	3.7898793565810936e-09	3.0411144024017293e-07	-0.0003074670000001	0.0001460989999998	2.134491742206685e-08	9.453595606487429e-08	0.0001294589999998	-2.110289121435738e-16	-5.510908667143469e-16	1.6759632468787252e-08	-0.1112254773000015	0.0839538361000016	-0.043342706700001	-0.0041551779999974	1
-0.0022728247014971	-0.028018900000001	-0.0099990000000003	9.998000099991466e-05	0.000785058757212	0.0491565999999993	-0.0419869000000008	0.0017628997716099	0.0024163713235591	-0.031399300000001	-0.0041706999999999	1.73947384894108e-05	0.0009859160404896	-0.0014018600000015	-0.0008503970000015	7.231750573551628e-07	1.965211460059127e-06	-0.000215174999999	9.229200000070464e-05	8.517812183271343e-09	4.6300280357377634e-08	-0.0001205410000026	-0.0002500000000017	6.25000023597152e-08	1.4530133257822029e-08	-0.1122784001000017	0.0878492794000016	-0.0509928433000012	0.0069228690000027	1
-0.0007522606998343	-0.0251850000000013	0.0028339000000003	8.030989210146846e-06	0.0006342842250009	0.0947214	0.0455648000000011	0.0020761509990403	0.0089721436179609	-0.0307523000000009	0.0006470000000002	4.186089994296189e-07	0.0009457039552896	-0.0008680940000016	0.0005337660000017	2.849061421441713e-07	7.535871931126809e-07	-0.0002151749999993	-6.286816384419373e-16	3.9717317520985847e-16	4.630028134476004e-08	0.0001294589999989	0.0002500000000027	6.250000211712408e-08	1.675963169136422e-08	-0.1132722844000016	0.0915599743000017	-0.0584017457000012	0.0179427111000029	1
-0.0002206956467239	-0.0180014000000005	0.007183600000001	5.1604108959684167e-05	0.0003240504019593	0.0626837	-0.0320377000000008	0.00102641422129	0.0039292462456884	-0.0067660099999999	0.0239862900000014	0.0005753421079652	4.577889131977483e-05	-0.0008680940000002	4.0457043695069573e-17	-3.8014628858387916e-16	7.535871936180782e-07	-0.0001733629999995	4.18119999997287e-05	1.7482419845818319e-09	3.005472815266549e-08	0.0002829750000015	0.000153516000001	2.3567163087292712e-08	8.007485240185252e-08	-0.1142066075000016	0.0950781172000018	-0.0655343642000012	0.0288116973000029	1
-4.480020019980469e-05	-0.0223056000000004	-0.0043042000000001	1.8526137640121087e-05	0.0004975397913607	0.0554407999999989	-0.0072428999999996	5.245960040917772e-05	0.0030736823046397	0.0018240400000006	0.0085900500000004	7.378895900275998e-05	3.3271219219372243e-06	-0.0016414800000014	-0.000773386000001	5.981259053713153e-07	2.694456591965117e-06	-0.0001825919999998	-9.229000000034384e-06	8.517413954375385e-11	3.333983708353128e-08	0.0001294590000004	-0.0001535160000015	2.3567163294484405e-08	1.6759631386669767e-08	-0.1150808781000017	0.098396309300002	-0.0723569560000014	0.0394384452000031	1
5.189350958763532e-06	-0.0179922000000004	0.0043134000000001	1.8605419560656568e-05	0.0003237192608397	0.0938864000000002	0.0384456000000008	0.0014780641593605	0.0088146561049606	0.0007541350000007	-0.0010699050000003	1.1446967086121083e-06	5.687195987359814e-07	-0.0009643230000009	0.0006771570000018	4.585416031789891e-07	9.299188481324308e-07	-6.997060000020638e-05	0.0001126213999997	1.268358016970702e-08	4.895884550973489e-09	0.0001294589999993	-2.0158879106238983e-16	-1.0274298334805605e-15	1.675963197353693e-08	-0.1158946366000015	0.1015075724000021	-0.0788372454000014	0.0497336088000032	1
-1.8345546542733744e-06	-0.0179922000000003	2.1243992559429822e-16	-4.163418829347692e-17	0.0003237192608398	0.0785933000000004	-0.0152931000000004	0.0002338789076102	0.0061769068048896	-0.0093331799999995	-0.0100873150000006	0.0001017539239089	8.710824891234705e-05	-0.0010405800000002	-7.62570000001158e-05	5.815129814419861e-09	1.0828067366130053e-06	-6.997049999999002e-05	9.999985159411707e-11	-1.848127205937347e-16	4.895870020724458e-09	0.0001294589999993	1.1127165368823215e-16	-9.515157716247666e-16	1.675963173858359e-08	-0.1166474550000016	0.1044053636000021	-0.0849445755000014	0.0596106302000033	1
6.906138065551822e-07	-0.0179994000000002	-7.199999999849257e-06	5.183978979557302e-11	0.0003239784003598	0.0693367999999998	-0.0092565000000001	8.568279224981825e-05	0.0048075918342393	-0.0041439999999995	0.0051891800000001	2.692758907237879e-05	1.7172735999998893e-05	-0.0006892529999998	0.0003513270000004	1.2343066122277745e-07	4.750696974917832e-07	-0.0003482750000009	-0.0002783045000008	7.74533950974059e-08	1.2129547460681808e-07	0.0001294589999995	-8.779313379134506e-18	-7.093811751598064e-16	1.6759631896823778e-08	-0.1173389375000016	0.1070835886000022	-0.0906500543000015	0.0689864669000034	1
-2.532662434148164e-07	-0.0180194000000002	-2.0000000000019863e-05	3.999998162986798e-10	0.0003246987763598	0.0786254999999999	0.0092887000000002	8.627994768989934e-05	0.00618196925025	-0.0093010299999996	-0.0051570300000003	2.65949584209564e-05	8.650915906082645e-05	-0.0006163169999994	7.293600000011744e-05	5.3196597726638535e-09	3.798466438447288e-07	-0.0004378040000016	-8.952900000007515e-05	8.015441874350416e-09	1.9167234172083678e-07	0.0001294589999994	-3.6624381281493075e-17	-5.622314594987279e-16	1.675963210446595e-08	-0.1179687204000017	0.1095366152000021	-0.0959266905000016	0.0777822902000035	1
8.989176684516919e-08	-0.0180309000000003	-1.1499999999903264e-05	1.3224969642391532e-10	0.0003251133548098	0.0719564999999999	-0.0066689999999999	4.447556099986159e-05	0.0051777378922496	-0.0021494699999994	0.0071515600000001	5.114481043365858e-05	4.62022128095074e-06	-0.0010363899999999	-0.0004200730000006	1.764613250626797e-07	1.0741042321367235e-06	-0.0004016790000015	3.612500000044597e-05	1.3050152155150883e-09	1.613460181340003e-07	0.0001294589999995	1.0432335792948647e-16	-6.059350671849439e-16	1.6759631764966242e-08	-0.1185364727000017	0.1117592846000022	-0.1007495216000017	0.0859241482000036	1
-3.1210669536255504e-08	-0.0180401000000003	-9.19999999998089e-06	8.463982149297489e-11	0.0003254452080097	0.0799637999999999	0.0080073000000001	6.41168532899868e-05	0.00639420931044	-0.0128972999999998	-0.0107478300000007	0.000115515849709	0.0001663403472898	-0.0006620109999997	0.0003743790000007	1.4015963563641366e-07	4.382585635651761e-07	-0.0005824220000023	-0.0001807430000001	3.266803243268302e-08	3.392153860928263e-07	0.0001294589999995	-1.3368975347613686e-16	-7.078399818723339e-16	1.67596320548541e-08	-0.1190418958000017	0.1137469225000022	-0.1050957322000016	0.0933435868000037	1
1.0567762283872737e-08	-0.0180271000000005	1.2999999999891255e-05	1.6899985939051818e-10	0.0003249763344099	0.0965884000000007	0.0166246000000002	0.0002763773251602	0.0093293190145608	0.0007759190000007	0.0136732190000006	0.000186956917822	6.020502947752477e-07	-0.000611261999999	5.074899999991624e-05	2.5754606714675243e-09	3.736412319598335e-07	-0.0002870710000015	0.0002953510000013	8.72322134241104e-08	8.240975810665094e-08	0.0001294589999992	5.087396207472502e-17	-3.4083018921925452e-16	1.6759631873441258e-08	-0.1194847240000016	0.1154953489000022	-0.1089447612000018	0.0999782263000039	1
-3.4566004024986e-09	-0.0179875000000006	3.959999999997292e-05	1.5681602259686502e-09	0.0003235501562503	0.1086670000000014	0.0120785999999997	0.0001458925779603	0.011808516889002	0.0008193430000009	4.342399999972092e-05	1.8856429062938024e-09	6.713229519393862e-07	-0.0009437999999997	-0.0003325380000006	1.1058152122342785e-07	8.907584400458826e-07	-0.000201184000001	8.588700000048999e-05	7.376577005881364e-09	4.047500069940365e-08	0.0003016340000007	0.0001721750000015	2.964423116172875e-08	9.09830723887784e-08	-0.1198647243000014	0.1170008867000023	-0.1122784001000017	0.1057722848000039	1
1.080667375378163e-09	-0.0008936479999989	0.0170938520000015	0.0002921997761987	7.986067474062331e-07	0.0851153000000009	-0.0235517000000009	0.0005546825728909	0.0072446142940892	0.0008141570000009	-5.186000000349019e-06	2.6894287737535944e-11	6.628516210559925e-07	-0.0011092999999996	-0.0001655000000001	2.7390249621175264e-08	1.2305464907987332e-06	0.0006984790000004	0.0008996630000016	8.093935158287699e-07	4.878729148356787e-07	0.0002675430000008	-3.409100000076604e-05	1.1621957513072236e-09	7.157925666503415e-08	-0.1201816970000015	0.1182603698000023	-0.1150808781000018	0.1106770482000039	1
-3.1564457753944186e-10	-0.0079806199999989	-0.0070869720000011	5.022517212875153e-05	6.369029558383583e-05	0.0873096000000003	0.0021942999999998	4.8149524901600645e-06	0.0076229662521604	-0.0163058999999998	-0.0171200570000011	0.0002930963516836	0.0002658823748098	-0.0010020099999997	0.0001072899999998	1.1511143865527393e-08	1.004024039707521e-06	0.000733547000001	3.506799999994686e-05	1.2297642804149683e-09	5.380912031664368e-07	0.000273840000001	6.296999999949425e-06	3.9651557026683096e-11	7.498834547918617e-08	-0.1204354754000016	0.1192711496000024	-0.1173389375000019	0.114651278800004	1
7.871978138562909e-11	-0.007290119999999	0.0006904999999998	4.767902494805247e-07	5.314584961387435e-05	0.0872971000000004	-1.25000000000948e-05	1.5625009904084366e-10	0.0076207836684099	0.0007425580000006	0.0170484580000008	0.0002906499201784	5.513923834661091e-07	-0.0006112619999988	0.0003907480000002	1.526839999783313e-07	3.7364123251851765e-07	0.000879912000002	0.0001463649999998	2.1422712717354857e-08	7.742451303155323e-07	0.0004355600000027	0.000161720000001	2.6153358948716987e-08	1.8971251847328866e-07	-0.1206259260000016	0.1200311003000023	-0.119041895800002	0.1176615628000039	1
-2.5714287129652848e-12	-0.0093218199999993	-0.0020317000000005	4.127804889974414e-06	8.689632811251271e-05	0.0976024000000007	0.0103053	0.0001061992080903	0.0095262284857609	0.0007761690000008	3.3610999999626296e-05	1.1296990472857911e-09	6.024383169157675e-07	-0.0008414279999989	-0.0002301660000006	5.297638818849236e-08	7.080010785398949e-07	0.0007150630000017	-0.0001648490000009	2.717519286220432e-08	5.113150952771414e-07	0.0003150350000017	-0.0001205250000016	1.4526276002853933e-08	9.92470520116506e-08	-0.1207529488000015	0.1205386237000024	-0.1201816970000019	0.119682590900004	1
-7.921549961126262e-11	-0.0090288199999993	0.0002929999999999	8.584899930752598e-08	8.151959059172565e-05	0.0677496	-0.0298528000000008	0.0008911896678405	0.0045900083001589	-0.0230878000000001	-0.0238639690000013	0.000569489016434	0.0005330465088396	-0.0011255299999998	-0.0002841020000008	8.07139460628757e-08	1.2668177808230083e-06	0.0005528740000012	-0.0001621890000011	2.6305271263498103e-08	3.0566965995377137e-07	0.0001857010000003	-0.0001293340000014	1.672728411165713e-08	3.448485967270929e-08	-0.1208164769000017	0.1207926525000023	-0.120752948800002	0.1206973709000041	1
