trial_type.negative_music	trial_type.positive_music	trial_type.response	trial_type.tones	trans_x	trans_x_derivative1	trans_x_derivative1_power2	trans_x_power2	trans_y	trans_y_derivative1	trans_y_derivative1_power2	trans_y_power2	trans_z	trans_z_derivative1	trans_z_derivative1_power2	trans_z_power2	rot_x	rot_x_derivative1	rot_x_derivative1_power2	rot_x_power2	rot_y	rot_y_derivative1	rot_y_derivative1_power2	rot_y_power2	rot_z	rot_z_derivative1	rot_z_derivative1_power2	rot_z_power2	cosine00	cosine01	cosine02	intercept
-6.065032015858219e-16	-5.000898113518222e-08	2.161119206172181e-07	-0.0090906756503185	-0.0307518999999994	5.461215355686371e-16	-5.0186797200959285e-17	0.0009456793536077	-0.0361151000000017	1.1058340644408788e-16	7.455132588515475e-16	0.0013043004480117	0.0539255000000018	1.1844050201353716e-15	-6.464959963774997e-16	0.0029079595502489	-0.0032506499999998	9.437925714810229e-16	1.4115144030248486e-15	1.0566725423944642e-05	0.00060452	-6.905610430045373e-16	8.692687985846055e-17	3.654444303626156e-07	-0.0009022990000001	-1.5185963087424806e-16	4.537915340485125e-16	8.141434854798936e-07	0.1379976685000005	0.1379513417000005	0.1378741418000012	1
-6.829705644856744e-17	1.612939449288958e-07	-6.693665113681694e-07	0.1118098873711332	-0.0399554000000011	-0.0092035000000015	8.470441224976253e-05	0.0015964339891618	-0.0086186599999979	0.0274964400000017	0.0007560542126727	7.428130019373307e-05	0.0301392999999994	-0.0237862000000008	0.0005657833104405	0.0009083774044903	-0.0030350200000007	0.0002156299999995	4.6496294935286855e-08	9.211346399072269e-06	0.0005528470000002	-5.1672999998621584e-05	2.6700986404053167e-09	3.056398062204044e-07	-0.0009198289999999	-1.752999999960713e-05	3.073003856008449e-10	8.460853892975814e-07	0.1378741418000011	0.1374575117000005	0.1367640603000014	1
3.754042535850044e-15	-4.981066929363368e-07	2.0062829693618827e-06	0.6623114881347634	-0.0381725000000008	0.0017829000000005	3.1787324098163656e-06	0.0014571397562503	-0.0197145999999987	-0.0110959400000006	0.0001231198844839	0.0003886654531594	0.0269379000000002	-0.0032013999999987	1.0248961959904398e-05	0.0007256504564095	-0.0033439500000004	-0.0003089300000013	9.543774631456944e-08	1.1182001600855376e-05	0.0003776029999985	-0.0001752440000013	3.0710459997359814e-08	1.425840222007843e-07	-0.0008692279999996	5.060099999980612e-05	2.560461126387597e-09	7.555573165397119e-07	0.1376271992000017	0.1364716194000012	0.134552835000002	1
6.7461669465269904e-15	1.4896641421308048e-06	-5.860054777176379e-06	1.0651478234062646	-0.0351678000000001	0.0030046999999999	9.028222088244698e-06	0.0012367741568387	-0.0051336799999986	0.0145809200000013	0.0002126032280456	2.6354670341878488e-05	0.019752	-0.0071859000000001	5.163715881056395e-05	0.0003901415039996	-0.003579770000002	-0.0002358200000016	5.561107275143296e-08	1.2814753252378475e-05	0.0006512430000002	0.0002736400000021	7.487885061437298e-08	4.241174447465888e-07	-0.0010059900000016	-0.0001367620000009	1.870384425266585e-08	1.0120158869224594e-06	0.1372570616000022	0.1349971942000014	0.1312582694000023	1
6.452772886828588e-15	-4.336745508404901e-06	1.672885958013419e-05	1.1430219437398812	-0.0359343000000002	-0.0007665000000004	5.875222482907063e-07	0.0012912739164892	-0.0064709499999986	-0.0013372699999998	1.7882910529718914e-06	4.187319390229144e-05	0.0241858000000003	0.0044338000000009	1.965858244009604e-05	0.0005849529216396	-0.0033208400000015	0.0002589300000011	6.704474403177055e-08	1.102797830314172e-05	0.000466558999999	-0.0001846840000012	3.4108179745703035e-08	2.176772972846368e-07	-0.0008142339999997	0.0001917560000014	3.6770363407270723e-08	6.629770071777674e-07	0.1367640603000024	0.1330395141000015	0.1269068893000022	1
8.696383581977169e-15	1.2338936813617104e-05	-4.679586298640553e-05	1.108554887269014	-0.0377792000000003	-0.0018449000000005	3.4036560103427214e-06	0.0014272679526392	-0.0215334	-0.0150624500000005	0.000226877400003	0.0004636873155607	0.0241141000000009	-7.169999999948729e-05	5.140890093001111e-09	0.0005814898188087	-0.0037868200000015	-0.0004659800000004	2.1713736328255297e-07	1.434000571332527e-05	0.0004665589999982	-7.944491717308133e-17	-1.1852331709373545e-15	2.176772981517706e-07	-0.0008142349999991	-9.999999603176852e-10	3.54918027076217e-16	6.629786338821499e-07	0.136148636700002	0.1306055871000015	0.1215337296000021	1
6.43500251659643e-16	-3.447697115579534e-05	0.0001287649056561	1.0539563204301845	-0.0307733999999996	0.0070058000000008	4.908123363871716e-05	0.000947002147557	-0.0167827000000003	0.0047507000000012	2.25691504898922e-05	0.0002816590192911	0.0306340000000016	0.0065199000000009	4.250909600961546e-05	0.0009384419559988	-0.0035215100000018	0.0002653100000012	7.038939547900773e-08	1.2401032680834024e-05	0.000777325000001	0.0003107660000013	9.657550746844489e-08	6.042341591188697e-07	-0.0008142339999997	9.99999434767395e-10	-4.764104001163967e-16	6.62977005895719e-07	0.1354113416000018	0.1277041259000013	0.115182051800002	1
2.308259035332816e-14	9.4761919755883e-05	-0.0003489970505878	1.0208007298945478	-0.0396657000000006	-0.0088923000000017	7.90729992908784e-05	0.0015733677564898	-0.0167712	1.1500000000595335e-05	1.3225016203151138e-10	0.0002812731494406	0.0286896000000011	-0.0019443999999998	3.780691360318136e-06	0.000823093148159	-0.0037220100000008	-0.0002004999999998	4.0200250398973465e-08	1.3853358440894288e-05	0.0007564550000019	-2.087000000027363e-05	4.355566751637848e-10	5.722241703798101e-07	-0.0009539590000014	-0.0001397249999998	1.9523075693284344e-08	9.100377766297718e-07	0.1345528350000017	0.124345517200001	0.1079029959000017	1
-4.23334879747034e-14	-0.0002560347268167	0.0009302848440768	1.0053606024037691	-0.0459474000000018	-0.006281700000001	3.9459754890366176e-05	0.0021111635667627	-0.0167805999999997	-9.399999999643548e-06	8.8359946858838e-11	0.0002815885363599	0.0270034000000011	-0.0016861999999997	2.843270440046656e-06	0.0007291836115593	-0.00356031	0.0001617000000008	2.6146888959068284e-08	1.2675807296399282e-05	0.0004665589999996	-0.0002898960000013	8.40396925819041e-08	2.1767729920221066e-07	-0.0008142339999998	0.0001397250000016	1.9523075703945296e-08	6.629770047471481e-07	0.1335738854000015	0.1205417837000009	0.0997551684000014	1
1.4092724754335758e-13	0.0006816635060517	-0.0024099412162129	1.0031472028821398	-0.0543871000000033	-0.0084397000000008	7.122853609232273e-05	0.0029579566464164	-0.0167835999999999	-2.99999999972958e-06	9.000360107709557e-12	0.0002816892289597	0.0345388000000014	0.0075354000000007	5.678225315983008e-05	0.0011929287054398	-0.0035752499999975	-1.4939999999644411e-05	2.2320335335896475e-10	1.2782412564463306e-05	0.0005224969999993	5.593800000170959e-05	3.129059230337854e-09	2.7300311698960405e-07	-0.0008142339999997	-4.5649932052175786e-17	-4.502104940983623e-16	6.62977002674445e-07	0.1324753691000014	0.1163065419000008	0.0908041710000013	1
-3.643735309513632e-13	-0.0017545615798843	0.0059776771005533	0.9959625222178272	-0.0404184000000017	0.0139687000000026	0.0001951245796916	0.0016336470585604	-0.0332034000000012	-0.0164197999999998	0.0002696098320402	0.0011024657715611	0.0241872000000023	-0.0103515999999991	0.0001071556225606	0.0005850206438382	-0.0032873199999979	0.0002879299999995	8.29036826909175e-08	1.0806472782655124e-05	0.0004665590000002	-5.593800000156931e-05	3.1290591561837083e-09	2.176772991871177e-07	-0.0008142339999998	-1.0795857985028706e-15	-5.96581493741276e-16	6.629770066572466e-07	0.1312582694000012	0.1116549529000006	0.0811220718000011	1
1.0064336968894096e-12	0.0042987437078623	-0.0146123225361105	1.0103058052986138	-0.0404184000000017	2.408011963073325e-16	-4.8992380690014335e-16	0.0016336470585609	-0.0167715000000005	0.0164319000000018	0.0002700073376095	0.0002812832122504	0.0242069000000013	1.9699999999921068e-05	3.88090193563417e-10	0.0005859740076095	-0.0033965400000001	-0.0001092200000007	1.1929008609935751e-08	1.153648397241418e-05	0.000466559	5.4146727721775714e-17	-7.559108524575692e-16	2.1767729913193925e-07	-0.0008142340000009	5.303348045308602e-16	4.663119420141804e-17	6.629770068167328e-07	0.1299236757000011	0.1066036682000006	0.0707868253000011	1
-2.6521453489268918e-12	-0.0104270615309872	0.1615728247346038	0.8488572230356026	-0.0403913000000023	2.70999999996824e-05	7.344092503196315e-10	0.0016314571156917	-0.016794299999999	-2.2799999999280068e-05	5.198393576455355e-10	0.0002820485124887	0.0061363700000003	-0.0180705300000004	0.0003265440544816	3.765503677646996e-05	-0.0032888300000011	0.0001077099999993	1.1601444775602785e-08	1.0816402767960711e-05	0.0006085000000015	0.0001419410000012	2.0147247778577985e-08	3.702722521882482e-07	-0.0008142340000008	2.9602823494581953e-16	3.8944031086433484e-16	6.629770065351518e-07	0.1284727828000015	0.1011707700000004	0.0598816450000008	1
6.960463078186705e-12	0.1550234970617439	0.5660876206917839	0.2788876897029935	-0.0258697000000006	0.0145216000000013	0.0002108768665614	0.0006692413780877	-0.046579200000002	-0.0297849000000012	0.000887140268011	0.0021696218726417	-0.0015282099999978	-0.0076645799999989	5.8745786575692174e-05	2.3354258024828125e-06	-0.0029050100000016	0.0003838200000007	1.473177916106864e-07	8.439083098669898e-06	0.0006862370000021	7.773699999857191e-05	6.0430403453698685e-09	4.709212230395827e-07	-0.0007576370000001	5.6596999999614485e-05	3.2032216722209157e-09	5.740138244572237e-07	0.1269068893000008	0.0953757067000005	0.0484943329000005	1
-1.7913039815019965e-11	0.7263313167052056	0.3571243058663735	-0.0834551640502882	0.0157523000000019	0.0416220000000051	0.0017323908840053	0.0002481349552891	0.0415127000000029	0.0880919000000057	0.0077601828456082	0.0017233042612876	-0.0254063000000021	-0.023878090000002	0.0005701631820474	0.0006454800796916	0.0019594400000011	0.004864450000006	2.3662873806028305e-05	3.839405114371521e-06	4.813459999965531e-05	-0.0006381024000022	4.0717467258430177e-07	2.3169395154943704e-09	-0.0005204610000007	0.0002371759999994	5.6252454818935785e-08	2.7087965250670925e-07	0.125227397000002	0.0892392231000014	0.0367165729000004	1
4.5333554640643407e-11	1.0849429770578989	0.0576369917746471	-0.1425801361442636	0.0228897000000038	0.0071373999999995	5.094247875765802e-05	0.0005239383660903	-0.0143268999999975	-0.0558396000000034	0.0031180609281611	0.0002052600636086	-0.0435937000000015	-0.0181873999999978	0.0003307815187593	0.0019004106796887	0.002419780000005	0.0004603400000001	2.119129149002869e-07	5.8553352539301e-06	4.813460000098139e-05	-3.4266711936956256e-16	-2.931943388746056e-15	2.3169398235128314e-09	9.903099999757442e-05	0.0006194920000035	3.8377033982418594e-07	9.80714166021172e-09	0.1234358092000016	0.0827832863000016	0.0246431927000003	1
-1.1248896776175804e-10	1.1424986955056449	-0.0397512559671207	-0.1027473794081968	0.0033476300000019	-0.0195420700000032	0.0003818924998874	1.1206626616780224e-05	0.012978100000001	0.0273050000000007	0.0007455630250006	0.0001684310796097	-0.0069528800000004	0.0366408200000012	0.0013425496902701	4.834254029537155e-05	0.0008532840000019	-0.0015664960000044	2.4539097203802657e-06	7.280935840502369e-07	-0.0004380170000028	-0.000486151600002	2.3634338024298026e-07	1.918588921341025e-07	-0.0001166940000007	-0.0002157250000011	4.653727459560761e-08	1.3617491027739737e-08	0.1215337296000012	0.0760310067000013	0.0123713999999999	1
2.7320402423034653e-10	1.1021913829321222	-0.0526219204891615	-0.0495694839017317	0.0228396000000033	0.0194919700000027	0.0003799368944818	0.0005216473281582	-0.0037668900000003	-0.0167449900000005	0.0002803946901001	1.4189460272229316e-05	-0.005703999999999	0.0012488800000014	1.559701254132463e-06	3.253561599887791e-05	0.0008551380000015	1.853999998917816e-06	3.4335483130226157e-12	7.312610003419428e-07	0.0001735670000001	0.0006115840000034	3.740349938492898e-07	3.0125504142529865e-08	0.000190308	0.0003070020000006	9.425022605632581e-08	3.62171321930627e-08	0.1195228609000011	0.0690065559000011	-1.6819742921347252e-16	1
-6.460753972142602e-10	1.049224990709022	-0.0308973459244195	-0.018327636778828	-9.720039999864496e-05	-0.022936800400005	0.0005260968125932	9.44791693700759e-09	0.0074717500000013	0.0112386400000013	0.0001263070290489	5.582704806073504e-05	-0.0219175000000006	-0.0162135000000011	0.00026287758225	0.0004803768062497	0.000435439	-0.0004196990000011	1.7614724668281125e-07	1.896071209081696e-07	0.0001990380000026	2.5471000002451592e-05	6.487684946996073e-10	3.961612705294065e-08	-0.0001164770000001	-0.0003067850000012	9.41170365601241e-08	1.3566891006938752e-08	0.117405003100001	0.0617350796000008	-0.0123714000000004	1
1.4767209758754656e-09	1.018044337389764	-0.0127063153456886	-0.0053380259567598	-0.0001032009999996	-6.000600000042328e-06	3.6004815728161205e-11	1.06504455292042e-08	-0.0037524799999988	-0.0112242300000005	0.0001259833390928	1.408110614841765e-05	-0.0219314000000004	-1.3899999998918658e-05	1.9320960608719462e-10	0.0004809863059601	0.0002389799999989	-0.0001964590000006	3.8596139625432576e-08	5.7111437112183265e-08	-0.0001223629999995	-0.0003214010000027	1.0329860311608681e-07	1.4972703067665732e-08	0.0001903080000029	0.0003067850000014	9.411703790758213e-08	3.621713072843527e-08	0.1151820518000008	0.0542426077000005	-0.0246431927000007	1
-3.224666638409121e-09	1.005386415325887	-0.004327267709414	-0.0010591435769279	-0.0001391559999997	-3.59549999994195e-05	1.2927603806437083e-09	1.9364390934939587e-08	-0.0037880500000009	-3.557000000013712e-05	1.265225361157988e-09	1.4349322802425375e-05	0.0053101300000014	0.0272415300000017	0.0007421009567398	2.8197480616996764e-05	-0.0001092079999994	-0.0003481879999998	1.2123488550073366e-07	1.1926386763683146e-08	0.0001863550000017	0.0003087180000016	9.530680403660117e-08	3.4728186399805287e-08	-5.458439999953317e-05	-0.0002448924000033	5.997228948346087e-08	2.979455689464072e-09	0.1128559971000005	0.0465559613000004	-0.036716572900001	1
6.569531797961573e-09	1.001080080567346	-0.0007190731800918	-0.0003610142108162	-0.0028334500000004	-0.0026942940000004	7.259220155562707e-06	8.028438901342706e-06	0.0107195	0.0145075500000016	0.0002104690070014	0.0001149076802482	-9.287069999913951e-05	-0.0054030007000005	2.919241656458145e-05	8.624966942803163e-09	4.758370000006451e-05	0.0001567916999998	2.4583635672268692e-08	2.2642073072539595e-09	-0.0001040199999985	-0.0002903750000019	8.431764092736365e-08	1.0820158909086456e-08	1.0512800000743089e-05	6.509720000042347e-05	4.237643519880737e-09	1.1051809290963984e-10	0.1104289209000006	0.0387026567000002	-0.0484943329000011	1
-1.1861984209833826e-08	1.0004038827229735	-0.0006059673214678	0.0002020965680964	-0.0071461100000011	-0.00431266	1.859903627472925e-05	5.1066888131872734e-05	0.0014522399999993	-0.0092672600000002	8.588210790769396e-05	2.1090010162703267e-06	0.0066916100000013	0.0067844807000007	4.602917836864166e-05	4.4777644391970354e-05	-0.0001092079999993	-0.0001567916999998	2.4583637140108938e-08	1.1926386924500529e-08	-0.0004380170000022	-0.0003339970000015	1.115539976878516e-07	1.9185889086973112e-07	-1.5949399999098442e-05	-2.646220000082372e-05	7.002476728517719e-10	2.5438387170961185e-10	0.1079029959000003	0.0307108065999998	-0.0598816450000015	1
1.6175996441697792e-08	0.9690265970877266	0.0314837873813291	-0.0005104006288464	-0.0143413000000021	-0.0071951900000009	5.1770759136355415e-05	0.0002056728856908	-0.0067498700000007	-0.0082021099999994	6.727460845159388e-05	4.55607450150544e-05	-0.0064070199999986	-0.0130986300000004	0.0001715741078775	4.104990528004671e-05	-0.0003956379999998	-0.0002864300000005	8.204214666180697e-08	1.5652942690150926e-07	-0.0004380170000031	2.2037100403683488e-15	-1.1039646999813606e-15	1.9185889129652567e-07	-9.62519999999287e-05	-8.030260000056058e-05	6.4485090354527735e-09	9.264447309371028e-09	0.1052804829999999	0.0226090196999995	-0.0707868253000018	1
-1.33672632529843e-09	0.5175640753426396	0.4496772201763585	0.0327587058386327	-0.0001195650000013	0.0142217350000022	0.0002022577464101	1.4295788281057213e-08	-0.0037903900000006	0.0029594800000004	8.758521870009451e-06	1.4367056350587934e-05	-0.004637609999999	0.0017694100000003	3.1308117478652413e-06	2.150742651241488e-05	-0.0001092079999995	0.0002864299999991	8.204214047230662e-08	1.1926388767933009e-08	-0.0003616330000028	7.63840000008964e-05	5.8345127849364265e-09	1.3077842568670892e-07	6.954960000205328e-05	0.0001658015999994	2.7490170407061672e-08	4.837146611211782e-09	0.1025637299000001	0.0144262984999992	-0.0811220718000016	1
-1.0797596205912493e-07	0.0090919457314066	0.5027417599988596	0.4881664022416825	0.0143333000000016	0.0144528649999989	0.0002088853067063	0.0002054434888875	-0.0813356000000003	-0.0775452100000012	0.0060132595939427	0.0066154798273594	-0.1061580000000007	-0.1015203900000017	0.0103063895857544	0.0112695209639956	0.0007836580000005	0.0008928660000012	7.972096956850028e-07	6.141198607987772e-07	-0.0002443660000035	0.0001172670000018	1.3751548374245286e-08	5.971474107418259e-08	0.0001903080000025	0.000120758399999	1.4582589813746278e-08	3.6217134430546194e-08	0.0997551684	0.0061919348999986	-0.0908041710000007	1
5.764579228345529e-07	-0.138316396972481	0.1445772239120047	0.9937385965968988	0.0228053000000019	0.008472000000001	7.177478399710727e-05	0.0005200817080904	-0.016811299999998	0.0645243000000033	0.0041633852904896	0.0002826198076889	-0.0729078000000034	0.0332502000000015	0.0011055758000359	0.0053155473008423	0.0003636459999954	-0.0004200120000025	1.7641007862508125e-07	1.3223841235217966e-07	0.0001165469999993	0.0003609130000023	1.3025819197245738e-07	1.3583203847924196e-08	0.0001903079999998	-4.78863615107241e-16	-4.47826242518547e-16	3.621713341090145e-08	0.0968573125000002	-0.002064594300001	-0.0997551684000006	1
-2.2807988496487677e-06	-0.123882751391893	-0.0147273160122142	1.138612348208439	0.0271864000000028	0.0043811	1.919403720848578e-05	0.0007391003449597	-0.0380494999999995	-0.0212382000000012	0.0004510611392405	0.0014477644502509	-0.0541915000000015	0.0187163000000029	0.0003502998856876	0.0029367186722486	0.0004878589999992	0.0001242130000024	1.54288714383096e-08	2.38006402870862e-07	0.0003793190000027	0.0002627720000001	6.904912392229981e-08	1.438829073345703e-07	0.0003314839999995	0.0001411760000006	1.99306619573544e-08	1.0988163976004649e-07	0.0938727561000001	-0.0103137328000012	-0.1079029959000006	1
7.972831348242618e-06	-0.0684730858999128	-0.0550048288067781	1.123469941891739	0.0107485000000014	-0.0164379000000035	0.0002702045564116	0.0001155302522491	-0.0358522000000002	0.002197300000001	4.828127289814641e-06	0.0012853802448407	-0.0542706000000011	-7.909999999939718e-05	6.256808635469269e-09	0.0029452980243586	0.0003429239999997	-0.0001449349999986	2.1006152324103937e-08	1.175968694512219e-07	-9.44296999993502e-05	-0.0004737487000028	2.244378354177144e-07	8.916967336514842e-09	0.0001903080000004	-0.0001411759999997	1.9930663561795737e-08	3.621713536987719e-08	0.0908041709999997	-0.0185259507000016	-0.1151820518000009	1
-2.5944213920380268e-05	-0.0279863625130929	-0.0398943957717094	1.0679067024747977	-8.136120000062244e-05	-0.0108298612000018	0.0001172858936118	6.619645268675166e-09	-0.0358646999999998	-1.2499999999050033e-05	1.5624967249444015e-10	0.0012862767060896	-0.0542716000000008	-9.99999999185538e-07	9.987644590324306e-13	0.0029454065665592	0.0003610400000009	1.8116000001076237e-05	3.2819000087155465e-10	1.3034988222138304e-07	-9.44296999995948e-05	9.824468447800405e-16	-1.074030929104944e-15	8.916968156925421e-09	0.0001903080000004	6.235331223524192e-16	-2.9598467086594235e-16	3.621713473994187e-08	0.0876543037999993	-0.026671850600002	-0.1215337296000012	1
8.03966247580351e-05	-0.0088606794047359	-0.0191913036531052	1.0279715864621446	-8.136120000130891e-05	2.3917593117055507e-16	-9.926109959262978e-16	6.6196453252016085e-09	-0.0358748000000001	-1.0099999999003948e-05	1.0200941710934808e-10	0.0012870012750391	-0.054291600000001	-1.9999999998978185e-05	3.9999887045496815e-10	0.0029475778305595	0.0002779400000011	-8.310000000054354e-05	6.905611743477848e-09	7.725064380199632e-08	-9.442969999848395e-05	-3.0921391289046976e-16	-6.877289680681913e-16	8.91696847594659e-09	0.0001903080000001	-1.4601353423215547e-16	1.2733982867679752e-16	3.6217134864099386e-08	0.0844259740999991	-0.0347222722000022	-0.1269068893000013	1
-0.0002413561342883	-0.0022254938074764	-0.0055766633609939	1.008043513276566	-8.136120000137117e-05	5.818094241475614e-16	-7.630640703052375e-17	6.6196451200785265e-09	-0.0358758000000012	-9.999999992097644e-07	9.99793125307376e-13	0.0012870730256401	-0.0398456	0.0144460000000015	0.0002086869159985	0.0015876718393593	3.428430013498986e-07	-0.0002775971570003	7.70601840458192e-08	1.1805018569309132e-13	-9.442969999839491e-05	-8.35708290642151e-16	-3.7665093983614175e-16	8.916968176184262e-09	0.0001903079999998	1.0884998361492723e-16	1.1660584738747159e-15	3.621713449281891e-08	0.0811220717999989	-0.0426483970000023	-0.1312582694000017	1
0.0007081563418042	-0.0003845648014276	-0.0045077655184475	1.0041841739961015	-8.744510000157583e-05	-6.083900000018776e-06	3.7012507036994085e-11	7.646646022565926e-09	-0.0358452000000007	3.060000000162994e-05	9.36358770450674e-10	0.0012848783630389	-0.0542761000000005	-0.0144304999999997	0.0002082393302495	0.002945895031209	0.0003197580000011	0.0003194151570006	1.0202604331987825e-07	1.0224517986830749e-07	-9.442969999797088e-05	3.850645259721838e-18	-2.9977148804001554e-16	8.916968635591014e-09	0.0002463860000002	5.607800000065573e-05	3.144742129468929e-09	6.070606139487144e-08	0.0777455541999987	-0.0504218517000027	-0.1345528350000015	1
-0.0019804721591486	-1.475530151569351e-06	0.0066795550734642	0.995302392650576	-0.0001056250000019	-1.8179899999838327e-05	3.3050684595665696e-10	1.1156642355304517e-08	-0.0358064	3.8800000001348586e-05	1.5054389109143336e-09	0.0012820982809582	-0.0642147000000013	-0.0099385999999992	9.877576995923702e-05	0.0041235276960897	0.000669879000001	0.0003501210000003	1.2258471334916612e-07	4.4873787718956053e-07	-0.0004264620000003	-0.0003320323000017	1.1024545106055633e-07	1.8186983775512227e-07	0.0001903079999999	-5.607800000063893e-05	3.144741306229869e-09	3.6217139158514415e-08	0.0742994437999987	-0.0580148092000028	-0.1367640603000015	1
0.0050585435063866	-2.310359402456817e-06	-0.0143953358554734	1.009339102717536	0.0266991000000021	0.0268047250000019	0.0007184932823308	0.0007128419408103	-0.1320590000000024	-0.0962526000000008	0.0092645630067601	0.0174395794810019	-0.1682860000000014	-0.1040712999999992	0.0108308354836893	0.0283201777959951	0.0009281219999978	0.0002582429999987	6.668944619921132e-08	8.614104444457455e-07	-0.0002410910000023	0.0001853710000006	3.436240621009718e-08	5.8124868718544505e-08	0.0002681359999976	7.78280000004516e-05	6.057197286387426e-09	7.189691575211497e-08	0.0707868252999977	-0.0654000887000031	-0.137874141800001	1
-0.0090731723138218	9.507565411480876e-07	0.2605030800340442	0.7485691415369425	0.1765820000000007	0.1498829000000002	0.0224648837124099	0.0311812027240001	-0.958386000000004	-0.826327000000003	0.6828163109290027	0.9185037249960042	-1.327010000000006	-1.1587240000000043	1.342641308176007	1.7609555401000083	0.0153852	0.014457078	0.0002090071042979	0.00023670437904	-0.0016323699999999	-0.001391279	1.93565725592772e-06	2.664631816930688e-06	0.00254471	0.0022765739999999	5.18278917752869e-06	6.4755489840470365e-06	0.0672108431000008	-0.0725512529000001	-0.1378741418000004	1
0.256244772135175	-3.171873924295643e-07	0.576761752183764	0.1669937928900401	0.1114520000000005	-0.0651300000000003	0.0042419168999995	0.012421548304	-0.0663340000000001	0.8920520000000054	0.7957567707040081	0.0044001995559989	-0.2688970000000014	1.058113000000006	1.1196031207690076	0.0723055966089986	0.004313	-0.0110722000000001	0.0001225936128399	1.860196899995144e-05	-0.0009838949999999	0.0006484749999999	4.2051982562969997e-07	9.68049371027949e-07	0.00172172	-0.00082299	6.773125400589256e-07	2.9643197584197582e-06	0.063574698	-0.0794427025000006	-0.1367640603000004	1
0.8374364508564267	9.13869204721214e-08	0.2744446625480587	-0.1118812048208459	0.0569891000000005	-0.0544629000000011	0.0029662074764108	0.0032477575188098	0.2014500000000008	0.2677840000000003	0.0717082706559907	0.0405821025000027	0.2022030000000009	0.4711000000000079	0.2219352100000042	0.0408860532090029	-0.0020697100000001	-0.0063827099999998	4.073898694421784e-05	4.283699484142876e-06	-0.0007022500000003	0.0002816449999999	7.932390560562673e-08	4.931550624079728e-07	0.0010945499999996	-0.0006271699999998	3.933422088730424e-07	1.1980397026852035e-06	0.0598816450000013	-0.0860497678000006	-0.1345528350000012	1
1.1128398481604185	-2.3845680939887767e-08	0.0259499953050143	-0.1387898196153274	0.0709407000000021	0.0139516000000025	0.0001946471425618	0.0050325829164933	0.2115310000000019	0.0100810000000002	0.0001016265610007	0.0447453639610004	0.2194480000000018	0.0172450000000008	0.0002973900249991	0.0481574247039999	-0.0030303800000008	-0.0009606700000032	9.228868508725208e-07	9.183202944537757e-06	-0.0001837480000001	0.0005185020000021	2.68844327714188e-07	3.376332881008455e-08	0.0012889600000037	0.0001944100000001	3.7795248626335146e-08	1.6614178834589386e-06	0.0561349898000023	-0.0923487972000009	-0.1312582694000013	1
1.1385777528400731	4.832433990070049e-09	-0.0481138482274749	-0.0904639094353897	0.0640712000000019	-0.0068695000000009	4.719003024878329e-05	0.004105118669441	0.2182630000000015	0.0067320000000001	4.531982400109798e-05	0.0476387371690008	0.2352310000000022	0.0157830000000003	0.000249103088999	0.055333623361	-0.0028478000000005	0.0001825800000025	3.3335455186725286e-08	8.109964839685077e-06	-0.0002813229999997	-9.757500000064616e-05	9.52087954658894e-09	7.914262956325475e-08	0.0009407600000024	-0.0003482000000035	1.212432432742966e-07	8.85029378125598e-07	0.0523380862000022	-0.098317242000001	-0.1269068893000012	1
1.0898677176101434	9.461672935057416e-11	-0.0488471917783059	-0.0410205258838628	0.0661260000000019	0.0020548000000003	4.222203038824242e-06	0.0043726478760015	0.2182370000000013	-2.5999999999695022e-05	6.760005113736458e-10	0.0476273881690001	0.2352500000000025	1.899999999993045e-05	3.609999569090714e-10	0.0553425624999995	-0.0029162599999999	-6.84599999998222e-05	4.686772344074151e-09	8.504572386341988e-06	-0.0002813229999987	-8.85132999308103e-16	-1.4480185797143013e-15	7.914262975860783e-08	0.0010181000000009	7.73400000005738e-05	5.981473491838529e-09	1.0365276099291583e-06	0.0484943329000021	-0.1039337365000012	-0.1215337296000013	1
1.0408310407076329	-1.5954769709269366e-09	-0.0265146580933332	-0.0143163809757978	0.0708914000000023	0.0047654000000006	2.2709037159205697e-05	0.0050255905939633	0.2033640000000006	-0.0148730000000004	0.0002212061290004	0.0413569164959991	0.235197000000003	-5.299999999975384e-05	2.809000137227055e-09	0.0553176288089998	-0.00269829	0.0002179700000014	4.7510920340127194e-08	7.280768923432463e-06	-0.0002813229999991	-7.096315778528388e-16	-1.1410633475986349e-15	7.914263003189258e-08	0.0010185400000004	4.3999999952507643e-07	1.9095737393630458e-13	1.03742373233657e-06	0.0446071706000016	-0.1091781752000014	-0.1151820518000011	1
1.013782391655093	3.3337741616229934e-09	-0.0096645897308207	-0.0041178052292898	0.0670928000000025	-0.0037986000000013	1.4429361960342413e-05	0.0045014438118422	0.1751819999999999	-0.0281820000000003	0.0007942251239994	0.0306887331239979	0.2095790000000031	-0.0256180000000011	0.000656281924002	0.0439233572409985	-0.002687910000001	1.0380000001495996e-05	1.0774526025310642e-10	7.224860168807734e-06	-0.0002813229999988	2.7603459996707756e-16	1.4859783919366223e-16	7.914263009861028e-08	0.0008380339999986	-0.0001805060000004	3.258241661044503e-08	7.023009843973685e-07	0.0406800789000009	-0.1140317844000018	-0.107902995900001	1
1.0049404288833046	-7.704401140232405e-09	-0.0045694375517773	-0.000370983633589	0.0567513000000014	-0.0103415000000013	0.0001069466222501	0.0032207100516898	0.2257330000000003	0.050551000000003	0.0025554036010007	0.0509553872890019	0.2353680000000025	0.0257889999999995	0.0006650725209981	0.0553980954240004	-0.003219190000001	-0.0005312800000008	2.822584374107728e-07	1.0363184257187962e-05	-0.0006021620000011	-0.0003208390000019	1.0293766454472995e-07	3.625990736178558e-07	0.0006002209999973	-0.0002378129999996	5.6555025188742946e-08	3.602652470517183e-07	0.0367165729000013	-0.1184771894000015	-0.099755168400001	1
0.998438001377796	1.8715623770683852e-08	0.0027273464169182	-0.0011653665135572	0.0501220999999999	-0.0066292000000004	4.394629264028931e-05	0.0025122249084083	0.2110680000000011	-0.0146650000000006	0.0002150622250008	0.0445497006239981	0.2412600000000026	0.0058920000000005	3.471566399989237e-05	0.0582063876000008	-0.0031944600000013	2.4730000000946643e-05	6.115730771789464e-10	1.0204574691677089e-05	-0.0006481130000007	-4.595099999938361e-05	2.1114943735241223e-09	4.2005045934092163e-07	0.0004958849999967	-0.0001043359999994	1.0886000852368304e-08	2.459019334006495e-07	0.0327202007000012	-0.1224984768000019	-0.090804171000001	1
1.006237634964095	-4.5343897983960736e-08	-0.0087305053999587	0.0024929158004536	0.0500955999999999	-2.6499999999431363e-05	7.022484302925502e-10	0.0025095691393583	0.2211300000000006	0.0100620000000011	0.000101243844	0.0488984768999991	0.2437600000000028	0.0024999999999997	6.249999999896241e-06	0.0594189376000005	-0.0029282999999996	0.0002661600000003	7.084114500505431e-08	8.574940889475043e-06	-0.0007993770000016	-0.0001512640000004	2.288079760425684e-08	6.39003589028885e-07	0.0006502049999978	0.0001543200000023	2.381466183324451e-08	4.227665422776387e-07	0.028694539400001	-0.126081251400002	-0.0811220718000008	1
0.9156379777201245	1.0749310543901154e-07	0.0907969282167452	-0.0064350133976944	0.0454203999999997	-0.0046752000000006	2.1857495039081577e-05	0.0020630127361583	0.2335180000000018	0.0123880000000013	0.0001534625439999	0.0545306563240003	0.2339110000000019	-0.0098490000000009	9.700280100037904e-05	0.0547143559209995	-0.0029117999999981	1.6499999999340254e-05	2.7225080291328164e-10	8.478579239368314e-06	-0.0007903760000015	9.001000001508975e-06	8.101770353019847e-11	6.246942226928042e-07	0.0004958849999971	-0.00015432	2.3814662716419464e-08	2.459019337357793e-07	0.0246431927000012	-0.129212687900002	-0.0707868253000007	1
0.3863256346100682	-2.467454328762885e-07	0.5264221700730114	0.0872524420971093	0.0460918999999999	0.0006714999999993	4.5091224951381337e-07	0.0021244632456096	0.2469680000000026	0.0134500000000002	0.0001809025000001	0.0609931930240011	0.2300940000000016	-0.0038170000000008	1.4569488999723024e-05	0.0529432488359997	-0.0031123299999991	-0.0002005300000015	4.02122822491085e-08	9.686598028535143e-06	-0.0007095280000013	8.08480000007317e-05	6.536398270042476e-09	5.034299842116079e-07	0.000751564	0.0002556790000024	6.537175269951055e-08	5.64848445374238e-07	0.0205697870000017	-0.1318815765000019	-0.059881645000001	1
-0.0478882986495921	5.420708352028698e-07	0.4286205760019089	0.6192671805902131	0.0494067000000006	0.0033148	1.0987899039493552e-05	0.0024410220048909	0.2465820000000031	-0.0003860000000007	1.489960005108269e-07	0.0608026827240005	0.2360670000000018	0.0059730000000003	3.567672899949808e-05	0.0557276284890001	-0.002952999999999	0.0001593300000004	2.538604897930879e-08	8.720208999204671e-06	-0.0004848349999995	0.0002246930000011	5.0486944714830225e-08	2.3506497669414698e-07	0.0008470230000012	9.545899999980508e-05	9.11241950532506e-09	7.174479633113986e-07	0.0164779685000018	-0.1340783633000019	-0.048494332900001	1
-0.1427018419848313	-1.1155157986717817e-06	0.0927372153415287	1.0499657421670383	0.0368162999999999	-0.012590400000002	0.0001585181721627	0.0013554399456885	0.2354260000000032	-0.0111560000000008	0.0001244563360002	0.0554254014759991	0.2301250000000018	-0.005942	3.5307364000568896e-05	0.0529575156249996	-0.0032329400000002	-0.0002799400000001	7.836640324180794e-08	1.0451901043013194e-05	-0.0006878309999992	-0.000202996000001	4.1207376956563843e-08	4.731114855578899e-07	0.0008494440000029	2.4210000003577463e-06	5.861218733513382e-12	7.215551097947286e-07	0.0123714000000015	-0.1357951844000021	-0.0367165729000008	1
-0.1129973273748097	2.0500531272050323e-06	-0.0297917086145825	1.1427869859422053	0.0477522000000009	0.0109359000000019	0.00011959390881	0.0022802726048403	0.2562680000000032	0.0208420000000013	0.0004343889639994	0.0656732878240019	0.2302140000000012	8.900000000006724e-05	7.920999832570483e-09	0.0529984857959989	-0.0036268900000001	-0.000393950000002	1.5519660094552108e-07	1.31543310734582e-05	-0.0006873880000007	4.429999988909342e-07	1.943783954179759e-13	4.725022628722992e-07	0.0007641420000004	-8.530200000110009e-05	7.276430216924368e-09	5.839129947437038e-07	0.0082537574000018	-0.1370258939000019	-0.0246431927000004	1
-0.0578356810545366	-2.938485968243816e-06	-0.0546550320503665	1.1124936516491646	0.0419892000000003	-0.0057630000000001	3.321216900003908e-05	0.0017630929166392	0.253847000000003	-0.0024210000000008	5.861241001045966e-06	0.0644382994090004	0.2531550000000016	0.0229410000000017	0.0005262894809987	0.0640874540250006	-0.0036660900000013	-3.919999999828208e-05	1.5366392971082131e-09	1.3440215889052485e-05	-0.0007642660000016	-7.687800000027699e-05	5.910226304951574e-09	5.841025182900488e-07	0.0007144300000005	-4.9712000000476e-05	2.4712818206109908e-09	5.104102251997242e-07	0.0041287266000016	-0.137766086300002	-0.0123714000000004	1
-0.0224320523162442	1.0107601930414164e-06	-0.0349479532867091	1.0573789948722234	0.0337685999999996	-0.0082206000000008	6.757826436041265e-05	0.0011403183459578	0.258857000000003	0.0050100000000004	2.510010000035324e-05	0.0670069464490007	0.253185000000002	3.0000000000198105e-05	8.999997099180005e-10	0.0641026442249998	-0.0037084799999994	-4.2389999999824135e-05	1.796912355092748e-09	1.3752823911314795e-05	-0.0007340650000003	3.020100000102444e-05	9.121002222097967e-10	5.388514234907298e-07	0.0004958859999988	-0.0002185440000011	4.776148119447303e-08	2.459029244973252e-07	1.4456782582150412e-15	-0.1380131119000022	-2.905599268364454e-16	1
-0.0067235902897387	1.551909338357396e-05	-0.01560132597898	1.0223093972189392	0.0252841999999984	-0.0084844000000007	7.19850433608829e-05	0.0006392907696374	0.2588820000000033	2.499999999996487e-05	6.250004275406366e-10	0.067019889924	0.2531640000000016	-2.0999999999632888e-05	4.4099977070100893e-10	0.0640920108960002	-0.0036311999999983	7.727999999983758e-05	5.972198820551298e-09	1.3185613439457729e-05	-0.0007340649999991	6.222330316583281e-16	1.1410109002010099e-16	5.38851423615067e-07	0.0004958859999991	6.913695012436362e-16	-9.463568060931678e-16	2.459029243332988e-07	-0.0041287265999987	-0.1377660863000023	0.0123713999999998	1
-0.0016116632257783	-8.959535701775265e-05	-0.0045481512110795	1.006249409780685	0.0364752999999996	0.011191100000002	0.00012524071921	0.0013304475100888	0.2589320000000035	5.000000000042208e-05	2.499999268310321e-09	0.0670457806240006	0.2354180000000009	-0.0177460000000001	0.0003149205160008	0.0554216347239985	-0.0034462299999978	0.0001849699999983	3.421389921930432e-08	1.1876501211618368e-05	-0.0007340649999993	-8.008362670873114e-16	-4.732882700779486e-16	5.388514244767178e-07	0.0006567429999996	0.000160857000001	2.587497320536049e-08	4.313113671129118e-07	-0.0082537573999988	-0.1370258939000021	0.0246431927000002	1
-0.0002313255056885	0.0003680445770055	-0.0030372738919288	1.0029005548374323	0.028886699999999	-0.0075886000000005	5.75868499609585e-05	0.0008344414368884	0.2589290000000031	-3.000000000516626e-06	9.000772878667049e-12	0.0670442270410004	0.250836000000001	0.0154180000000013	0.000237714723999	0.0629186988960004	-0.0034462299999983	4.044710178188112e-16	4.3826036367511553e-16	1.1876501211740012e-05	-0.0007340649999997	1.9885312262748544e-16	-2.973041161149743e-16	5.388514245799742e-07	0.000763139000002	0.0001063960000005	1.1320108015260292e-08	5.82381133833646e-07	-0.012371399999999	-0.1357951844000023	0.0367165729000003	1
7.1267733782009246e-06	-0.0012575691592446	0.0044529251615428	0.9967975172407876	0.0327783999999993	0.003891700000001	1.5145328890304752e-05	0.0010744235065584	0.2409160000000028	-0.0180130000000007	0.0003244681689997	0.0580405190559981	0.2405190000000016	-0.0103169999999993	0.0001064404890006	0.057849389361	-0.0036595299999992	-0.0002133000000017	4.5496890891367054e-08	1.3392159821323986e-05	-0.0007340649999989	-4.489888067190209e-16	6.491599331290656e-16	5.388514245794686e-07	0.0004958859999993	-0.0002672530000027	7.142416856968681e-08	2.459029248458517e-07	-0.0164779684999994	-0.1340783633000024	0.0484943329000005	1
-3.1314196408784616e-06	0.0032950673153961	0.0008374008392479	0.9958706632937636	0.0369999999999999	0.0042216000000012	1.782190656121914e-05	0.0013689999999985	0.2146550000000013	-0.026261000000001	0.0006896401209996	0.0460767690249962	0.2392910000000022	-0.0012279999999988	1.5079840004883073e-06	0.0572601826810009	-0.0039151200000028	-0.0002555900000009	6.532624793570485e-08	1.532816461723633e-05	-0.0007340649999997	-4.133287192549324e-16	1.1964458569595872e-16	5.388514235280212e-07	0.0005537819999987	5.78960000008824e-05	3.3519465013756923e-09	3.0667450285672746e-07	-0.0205697870000002	-0.1318815765000025	0.0598816450000008	1
1.2432290353561102e-06	0.0051127998158653	0.3657176619695313	0.6291682950115766	0.0350247000000003	-0.0019753000000008	3.901810089247668e-06	0.001226729610089	0.2458870000000011	0.0312320000000021	0.0009754378239991	0.0604604167690005	0.2384310000000021	-0.0008600000000009	7.395999995822043e-07	0.0568493417610003	-0.0035197399999998	0.0003953800000007	1.5632534372332018e-07	1.238856966967146e-05	-0.0003902499999982	0.0003438150000027	1.1820875624168196e-07	1.5229506036422857e-07	0.0006964820000007	0.0001427000000016	2.0363289736049583e-08	4.850871755626518e-07	-0.0246431927000001	-0.1292126879000024	0.0707868253000009	1
-4.640278291633698e-07	0.3763483360703134	0.5500797623197365	0.0735723656691452	0.0357862000000001	0.0007614999999992	5.798822482799024e-07	0.0012806521104405	0.2673610000000018	0.021474000000001	0.0004611326759999	0.0714819043210021	0.2383960000000014	-3.500000000053681e-05	1.224999088699753e-09	0.0568326528159996	-0.0034064299999987	0.0001133099999994	1.2839154765535705e-08	1.1603765344686686e-05	-0.0007340659999995	-0.0003438160000029	1.182094446299449e-07	5.388528929754834e-07	0.0004958859999993	-0.0002005960000018	4.023875559655069e-08	2.4590292576017985e-07	-0.0286945393999997	-0.1260812514000019	0.0811220718000007	1
1.633726499742954e-07	0.9300541828611606	0.1995345547952387	-0.1295889010366555	0.0252841999999987	-0.010502000000001	0.0001102920040013	0.0006392907696401	0.2672910000000014	-7.000000000042645e-05	4.9000010316367165e-09	0.0714444786810005	0.2554120000000022	0.0170160000000009	0.0002895442559983	0.0652352897440008	-0.0036117000000007	-0.0002052699999996	4.213577338434037e-08	1.3044376889383866e-05	-0.000734065999999	5.5300897854400295e-16	-5.400994677745801e-16	5.388528917379222e-07	0.000495885999998	1.0197610480327429e-15	-1.059744054498054e-15	2.459029256219402e-07	-0.0327202007000003	-0.1224984768000017	0.0908041710000003	1
-5.63938622552819e-08	1.1301672085640706	0.0016822253280533	-0.1318493775078668	0.0340110999999998	0.0087269000000016	7.615878360909135e-05	0.0011567549232108	0.2673440000000013	5.3000000000953584e-05	2.8089992994701134e-09	0.0714728143360011	0.238346000000002	-0.0170660000000001	0.0002912483560004	0.0568088157159988	-0.0034297500000009	0.0001819499999999	3.31058011792071e-08	1.176318506138714e-05	-0.0009043560000004	-0.0001702900000016	2.89986840399086e-08	8.178597769850916e-07	0.0007432979999995	0.0002474120000022	6.121269805590224e-08	5.52491917496816e-07	-0.0367165729000004	-0.1184771894000016	0.0997551684000005	1
1.88428335333432e-08	1.1315111075017752	-0.0531463373683939	-0.0783647889464033	0.0253342999999993	-0.0086768000000008	7.52868582409029e-05	0.0006418267564904	0.2748870000000015	0.0075430000000004	5.689684900048483e-05	0.0755628627690018	0.2473660000000019	0.0090200000000007	8.1360399998846e-05	0.0611899379559996	-0.0037668800000012	-0.0003371299999993	1.1365663869914158e-07	1.4189384934888138e-05	-0.0007340659999999	0.0001702900000018	2.8998683713763644e-08	5.388528921989662e-07	0.0006592369999998	-8.406100000009409e-05	7.0662516094510664e-09	4.345934224211579e-07	-0.0406800789000004	-0.1140317844000015	0.1079029959000007	1
-5.756652438062227e-09	1.077767966423335	-0.044184254857827	-0.0335837057781811	0.0253445999999989	1.0300000000383348e-05	1.0609096682234355e-10	0.0006423487491599	0.2400050000000015	-0.0348820000000013	0.0012167539239994	0.0576024000249974	0.2257300000000016	-0.0216359999999996	0.0004681164960013	0.0509540328999994	-0.0038934800000039	-0.0001265999999995	1.6027561072833086e-08	1.5159186511685236e-05	-0.0007340659999987	3.280705564277733e-17	1.6191326369699947e-16	5.388528925038416e-07	0.0007122440000011	5.300700000050865e-05	2.8097423074023952e-09	5.072915159632935e-07	-0.0446071706000011	-0.1091781752000018	0.1151820518000009	1
6.661965664447478e-10	1.0335084852191256	-0.0224614425933364	-0.011047043249239	0.0193933999999987	-0.0059511999999999	3.541678143917225e-05	0.0003761039635602	0.2721830000000009	0.0321780000000019	0.0010354236840002	0.074083585489002	0.2461760000000019	0.0204460000000006	0.0004180389159982	0.0606026229760004	-0.0037668800000008	0.0001266000000013	1.6027558688153248e-08	1.4189384935649973e-05	-0.0007340659999997	5.5710440604694495e-16	-1.176435967710218e-15	5.388528914863233e-07	0.0004958859999994	-0.0002163580000014	4.6810785120826625e-08	2.45902925591536e-07	-0.0484943329000008	-0.1039337365000015	0.121533729600001	1
3.015884705433974e-09	1.0103188759238522	-0.0071511296202658	-0.0031677493118101	0.0252841999999992	0.0058908000000013	3.470152463919637e-05	0.0006392907696405	0.2721830000000018	4.0803599884177416e-16	-2.679702488795634e-16	0.0740835854890012	0.2401870000000015	-0.0059889999999994	3.586812099978441e-05	0.0576897949689992	-0.00376688	-5.958836925517671e-16	2.431099885407374e-16	1.4189384933354134e-05	-0.0007340659999987	-5.832109104184905e-16	-5.068650389040279e-16	5.388528916214037e-07	0.0004958859999977	2.2699764863338853e-16	-1.770011477021793e-15	2.459029248623464e-07	-0.0523380862000006	-0.0983172420000014	0.1269068893000011	1
-9.732015569734872e-09	1.0046757105676527	-0.0048154624709865	0.0001397616138663	0.0254338999999992	0.0001497000000005	2.2410089873304295e-08	0.0006468832692104	0.2560480000000015	-0.0161350000000007	0.0002603382250002	0.0655605783039992	0.2423550000000018	0.0021680000000011	4.7002239996840696e-06	0.0587359460250001	-0.0037668800000022	8.2911604420085745e-16	1.3859950085826892e-16	1.4189384933964462e-05	-0.0009428660000009	-0.0002088000000013	4.359744078814919e-08	8.889962964850962e-07	0.0006992580000003	0.0002033720000016	4.136017094283876e-08	4.8896175102414e-07	-0.056134989800001	-0.0923487972000014	0.1312582694000012	1
2.676325132873844e-08	0.9961024246393456	0.0057480422870138	-0.0018504936355873	0.0254197999999995	-1.4099999999449146e-05	1.9880912785207723e-10	0.0006461662320402	0.2721980000000008	0.0161500000000013	0.0002608225	0.0740917512040016	0.2512980000000022	0.0089430000000006	7.99772489988119e-05	0.0631506848040001	-0.0037062800000004	6.0600000000823576e-05	3.672360777376365e-09	1.3736511438600324e-05	-0.0007340660000003	0.0002088000000014	4.3597439543829286e-08	5.388528925580661e-07	0.0008721420000023	0.0001728840000008	2.9888877139790924e-08	7.606316694466822e-07	-0.059881645000001	-0.0860497678000012	0.1345528350000012	1
-7.154404806747845e-08	1.0106983598287524	-0.0152174412439146	0.0045191529793121	0.0308013000000006	0.0053815000000002	2.8960542248774152e-05	0.0009487200816911	0.2721770000000022	-2.099999999889612e-05	4.4099855145350516e-10	0.0740803193290021	0.2192300000000007	-0.0320680000000009	0.0010283566240014	0.0480617928999972	-0.0037668800000001	-6.0600000000297535e-05	3.6723608542750917e-09	1.4189384933999215e-05	-0.0005925509999986	0.0001415150000005	2.0026495119751985e-08	3.511166869681935e-07	0.0007452490000006	-0.0001268930000012	1.6101832600833792e-08	5.553960719664495e-07	-0.0635746980000007	-0.0794427025000011	0.1367640603000015	1
1.8779479581410768e-07	0.8362724679533062	0.1744802358925105	-0.010752891641475	0.0252842000000004	-0.0055171000000019	3.043839240938942e-05	0.0006392907696422	0.2721830000000039	5.9999999999929605e-06	3.599915727008093e-11	0.0740835854890026	0.1994459999999992	-0.0197840000000002	0.0003914066560005	0.039778706915997	-0.0037668800000006	1.2971373370274584e-15	8.938796397071864e-17	1.4189384933424248e-05	-0.0007340670000007	-0.0001415160000001	2.0026778932129057e-08	5.388543605302941e-07	0.000495885999999	-0.0002493630000014	6.218190750266379e-08	2.459029249992981e-07	-0.0672108431000006	-0.072551252900001	0.1378741418000016	1
-4.852545395066694e-07	0.2623360578770634	0.5698929892249096	0.1677714381345927	0.0252727999999995	-1.1400000000069529e-05	1.2995989821414578e-10	0.0006387144198416	0.2721160000000033	-6.700000000193063e-05	4.4890013254520035e-09	0.0740471174560015	0.2367019999999995	0.0372560000000026	0.0013880095359974	0.0560278368040004	-0.0041158799999998	-0.0003490000000002	1.218010005135505e-07	1.694046817464273e-05	-0.0006740220000007	6.004499999995857e-05	3.605401304645577e-09	4.543056555596868e-07	0.0004958869999994	9.999990859028147e-10	-1.9007217909646388e-15	2.459039163453164e-07	-0.0707868253000003	-0.065400088700001	0.1378741418000018	1
1.2333486373512824e-06	-0.0881719680158394	0.3453829421864108	0.7427877924788333	0.0280258	0.0027529999999998	7.579009000914501e-06	0.0007854454656402	0.2331700000000025	-0.0389460000000027	0.0015167909160003	0.0543682488999972	0.2317500000000006	-0.0049519999999983	2.4522304000065992e-05	0.0537080625000003	-0.0037668799999993	0.0003490000000005	1.218009999477055e-07	1.418938493311244e-05	-0.0007340670000002	-6.004500000022972e-05	3.605402727009813e-09	5.388543605048037e-07	0.0004958869999995	-1.0303618003054873e-15	-1.054286872197211e-15	2.459039164470452e-07	-0.0742994438000009	-0.0580148092000014	0.1367640603000021	1
-3.076268916189864e-06	-0.1422700421463391	0.0526732392090147	1.089599879187268	0.0384987000000017	0.0104729000000015	0.0001096816344108	0.0014821499016903	0.2331610000000013	-8.999999999522052e-06	8.099927051060241e-11	0.0543640519209988	0.2369000000000014	0.005150000000001	2.652249999977306e-05	0.0561216100000002	-0.0037028599999994	6.401999999928958e-05	4.098558659231378e-09	1.3711172178722444e-05	-0.0005710639999995	0.000163003	2.6569978039279785e-08	3.261140912077088e-07	0.0010379000000024	0.0005420130000037	2.9377810048491124e-07	1.0772364108676938e-06	-0.0777455542000012	-0.0504218517000013	0.1345528350000022	1
7.507019982752668e-06	-0.1010532438952379	-0.0411220678875709	1.142167804782006	0.0420028000000023	0.0035041000000006	1.2278716808718164e-05	0.001764235207841	0.2332860000000005	0.0001250000000004	1.5624999625555966e-08	0.054422357795999	0.2502930000000021	0.0133930000000013	0.0001793724489991	0.0626465858490007	-0.003398589999998	0.0003042700000011	9.258023159462035e-08	1.1550413986758028e-05	-0.0005977689999997	-2.670500000071817e-05	7.131566091038e-10	3.573277766824348e-07	0.0007700030000007	-0.0002678970000037	7.176880300407825e-08	5.929046209662097e-07	-0.0811220718000013	-0.0426483970000011	0.1312582694000023	1
-1.7868601998640172e-05	-0.0482918624511311	-0.0521722026445403	1.1004819337295304	0.0407210000000024	-0.0012818000000002	1.6430112396803576e-06	0.0016581998410002	0.2331630000000003	-0.0001229999999988	1.5128999441107762e-08	0.0543649845689988	0.2531070000000025	0.0028140000000006	7.918595999558663e-06	0.0640631534490005	-0.0037668799999988	-0.0003682900000012	1.3563752548719152e-07	1.4189384933561005e-05	-0.0007340670000002	-0.0001362980000013	1.857714473657532e-08	5.388543608551792e-07	0.0006830269999982	-8.697600000035502e-05	7.5648229987084e-09	4.665258815347901e-07	-0.0844259741000014	-0.0347222722000009	0.1269068893000021	1
4.1208172459939744e-05	-0.0177627456679858	-0.0302651098460552	1.0479866473622987	0.044499100000003	0.0037780999999996	1.4274039609366869e-05	0.001980169900811	0.2331450000000005	-1.7999999998616762e-05	3.2399866561881125e-10	0.0543565910249995	0.2382710000000021	-0.0148360000000003	0.0002201068960007	0.0567730694409993	-0.0037668799999998	8.038619235040876e-17	-1.6594235284616344e-16	1.4189384934328066e-05	-0.0007340670000017	-4.394139922433169e-18	-9.204685568935462e-16	5.388543609648966e-07	0.0009430470000003	0.0002600200000024	6.761040024702083e-08	8.893376442639154e-07	-0.0876543038000014	-0.0266718506000008	0.1215337296000021	1
-9.110680640572122e-05	-0.0050551614070903	-0.0122580063749222	1.0174042746031544	0.0408453000000027	-0.0036538000000009	1.3350254439596665e-05	0.0016683385320909	0.2388730000000006	0.005728000000001	3.2809983999531715e-05	0.057060310129	0.2446230000000019	0.0063520000000004	4.034790399935561e-05	0.0598404121290001	-0.0037668799999998	1.33401428014596e-15	-3.0213475313409963e-16	1.4189384934660663e-05	-0.0007340670000022	4.772659470709148e-16	-1.2999357011570185e-15	5.388543610430283e-07	0.0009553630000019	1.2315999999628571e-05	1.516817267270813e-10	9.127184631780508e-07	-0.0908041710000013	-0.0185259507000006	0.115182051800002	1
0.0001889596660924	-0.0011467007060983	-0.0043377087527073	1.0052954498235986	0.0315142000000012	-0.0093311000000011	8.706942721073305e-05	0.0009931448016392	0.2405140000000001	0.0016410000000004	2.692881000524202e-06	0.0578469841959988	0.2676230000000028	0.0230000000000014	0.0005289999999982	0.0716220701290019	-0.0038463899999989	-7.950999999932887e-05	6.321839639551456e-09	1.4794716031725934e-05	-0.0007340670000007	6.121264401973309e-16	-9.846482560165893e-16	5.388543607697128e-07	0.0007479620000008	-0.0002074010000022	4.301517480774421e-08	5.594471537181398e-07	-0.0938727561000015	-0.0103137328000005	0.1079029959000016	1
-0.0003395404597515	-0.0001251904104355	-0.0002673330661234	1.000732063935195	0.0328226000000015	0.0013083999999995	1.7119105589989943e-06	0.0010773230707592	0.2331460000000006	-0.0073679999999987	5.4287423998538696e-05	0.0543570573159986	0.2410280000000026	-0.0265950000000008	0.0007072940250013	0.0580944967839994	-0.0037504899999981	9.589999999929643e-05	9.196810212967348e-09	1.4066175239091567e-05	-0.0008786230000013	-0.0001445560000006	2.089643748541264e-08	7.71978378811188e-07	0.0007227719999996	-2.5190000000256835e-05	6.345343859406987e-10	5.223993631783661e-07	-0.0968573125000015	-0.0020645943000005	0.0997551684000015	1
0.0004892202608019	6.992515100212888e-06	-0.001650748308245	1.0011545355370512	0.0346260000000016	0.0018034	3.2522515598269294e-06	0.0011989598759997	0.2460020000000008	0.0128560000000015	0.0001652767359995	0.0605169840040002	0.2471650000000019	0.0061370000000005	3.766276899919688e-05	0.0610905372250003	-0.0041252399999993	-0.0003747500000012	1.4043756424285862e-07	1.7017605058011902e-05	-0.0006775140000009	0.0002011090000011	4.044482932558213e-08	4.590252201554674e-07	0.0008988450000005	0.0001760730000013	3.100170077079252e-08	8.079223331513974e-07	-0.0997551684000014	0.0061919348999998	0.0908041710000014	1
-0.0012820425790541	-2.418386901787657e-06	0.038184373484317	0.9631000874816482	0.0323695000000016	-0.002256500000001	5.091792249448804e-06	0.0010477845302499	0.2400230000000016	-0.0059789999999994	3.57484409991228e-05	0.0576110405289995	0.2314060000000015	-0.0157590000000001	0.0002483460810005	0.0535487368359992	-0.0042262499999999	-0.00010101	1.0203020362823688e-08	1.7861189063641923e-05	-0.0007340680000011	-5.6553999999842704e-05	3.198354813036271e-09	5.388558287584613e-07	0.0006037999999989	-0.0002950450000022	8.705155446539255e-08	3.645744385752688e-07	-0.1025637299000013	0.0144262984999997	0.0811220718000013	1
0.0388496176129719	9.873285063690632e-07	0.4619808383916092	0.4991685566656703	0.0379864000000016	0.0056168999999997	3.154956561010664e-05	0.001442966584961	0.233046000000001	-0.006977	4.867852899965896e-05	0.054310438115999	0.2288790000000017	-0.0025269999999995	6.385728999863252e-06	0.0523855966410002	-0.0040762200000006	0.0001500300000001	2.2509000812876062e-08	1.661556948881123e-05	-0.0003182459999984	0.0004158220000025	1.7290793923154542e-07	1.0128051447730165e-07	0.0007936829999993	0.0001898830000011	3.605555349660592e-08	6.299327031175419e-07	-0.1052804830000015	0.0226090196999999	0.0707868253000011	1
0.5065732717661194	-3.979209687988592e-07	0.4933774308396742	4.9695343592350336e-05	0.0359911000000012	-0.0019953000000012	3.981222089556384e-06	0.0012953592792102	0.2329960000000006	-4.999999999977711e-05	2.49999989570166e-09	0.0542871360159994	0.2289690000000016	9.000000000003806e-05	8.099999425529994e-09	0.0524268029610003	-0.0042672400000006	-0.0001910200000007	3.64886402535582e-08	1.8209337218592312e-05	-0.0004884179999985	-0.0001701720000017	2.8958509785587973e-08	2.385521415420142e-07	0.0006389459999988	-0.0001547370000009	2.39435388775457e-08	4.0825198980195924e-07	-0.1079029959000019	0.0307108065999999	0.0598816450000011	1
1.0026997895554095	1.5291745298493276e-07	0.1365695607916824	-0.1392695032442178	0.0252769999999996	-0.0107141000000018	0.0001147919388111	0.0006389267289989	0.2331250000000004	0.0001290000000003	1.6641000226888674e-08	0.0543472656249994	0.2326300000000011	0.0036610000000002	1.3402920999390035e-05	0.0541167169000003	-0.0039332199999986	0.0003340200000013	1.1156935998175361e-07	1.5470219566344885e-05	-0.0004884179999982	7.367796287829489e-16	-4.476022399458421e-16	2.385521414084541e-07	0.000787236	0.0001482900000017	2.198992337198123e-08	6.197405196582707e-07	-0.1104289209000022	0.0387026567	0.0484943329000013	1
1.1395262009692884	-5.7740578067816983e-08	-0.0170685482396921	-0.1224575949424522	0.0295756999999999	0.0042987000000005	1.8478821689799896e-05	0.0008747220304885	0.2421960000000012	0.0090710000000015	8.228304099934355e-05	0.0586589024160004	0.2199650000000003	-0.0126650000000001	0.0001604022250002	0.0483846012249989	-0.004443979999999	-0.0005107600000031	2.6087577971595145e-07	1.974895824028129e-05	-0.0005620429999982	-7.362500000171898e-05	5.420639730403397e-09	3.158923340177807e-07	0.0009264230000011	0.0001391870000013	1.937302037456236e-08	8.582595743615276e-07	-0.112855997100002	0.0465559613000001	0.0367165729000014	1
1.12202855593707	2.1494284692275496e-08	-0.0551056556390094	-0.0669229218085662	0.0328068000000003	0.0032311000000004	1.04400072095373e-05	0.0010762861262392	0.2442060000000019	0.0020100000000006	4.04009999982478e-06	0.0596365704360007	0.2170269999999996	-0.0029379999999992	8.63184399972799e-06	0.0471007187289989	-0.004732480000001	-0.0002885000000007	8.323225063392415e-08	2.2396366952754255e-05	-0.0004884179999993	7.362499999992924e-05	5.420639507000198e-09	2.385521412469724e-07	0.0008325430000004	-9.388000000088666e-05	8.813453397603426e-09	6.931278462813597e-07	-0.1151820518000018	0.0542426077000004	0.0246431927000013	1
1.0663733634779329	-7.882940159648346e-09	-0.0391957296193858	-0.0271776258624522	0.021819799999999	-0.0109870000000011	0.0001207141690013	0.0004761036720384	0.2485600000000017	0.004354	1.895731600105732e-05	0.0617820736000005	0.2381460000000006	0.0211190000000016	0.0004460121609983	0.0567135173160004	-0.0047324800000008	1.3876674997720734e-15	-1.51602526162627e-15	2.2396366952370546e-05	-0.0005518499999994	-6.343200000007035e-05	4.023617338545526e-09	3.0453842089300173e-07	0.0008984230000021	6.588000000058177e-05	4.3401727526235456e-09	8.071638875190099e-07	-0.1174050031000019	0.0617350796000005	0.0123714000000008	1
1.0271340667751934	2.8373320989101403e-09	-0.0186775043967009	-0.0084565655673574	0.0138042999999981	-0.0080155000000011	6.424824025069484e-05	0.0001905586984881	0.2556520000000021	0.0070920000000009	5.029646400012808e-05	0.0653579451040007	0.2292420000000003	-0.0089039999999999	7.928121599982094e-05	0.0525518945639993	-0.0047324799999988	-3.467581989140367e-16	-1.9705530222666968e-16	2.2396366952180664e-05	-0.0006986279999998	-0.0001467780000004	2.154378078702849e-08	4.880810835280832e-07	0.0009368710000037	3.844800000005848e-05	1.4782476758817539e-09	8.777272706952586e-07	-0.1195228609000016	0.0690065559000004	4.580507184901898e-16	1
1.0077389679958026	-1.003233941525836e-09	-0.0053806316493205	-0.0023583342443379	0.025239499999999	0.0114352000000019	0.0001307637990404	0.000637032360249	0.2458130000000028	-0.0098389999999998	9.68059209993917e-05	0.0604240309689999	0.2068869999999995	-0.0223549999999998	0.0004997460250009	0.0428022307689983	-0.0047324799999996	-1.6995536916767817e-15	-1.506753091989203e-15	2.2396366952029916e-05	-0.0004884179999985	0.0002102100000008	4.41882444963417e-08	2.385521415949634e-07	0.0006673099999995	-0.000269561000003	7.266313456729202e-08	4.4530263474485766e-07	-0.1215337296000016	0.0760310067000006	-0.0123713999999995	1
1.0040571363766009	3.478115032586378e-10	-0.0043813915047104	0.0003242515889214	0.0186124999999988	-0.006627000000001	4.391712900019746e-05	0.0003464251562494	0.250360000000003	0.0045470000000002	2.0675209000191083e-05	0.0626801296000012	0.2068729999999992	-1.3999999999398676e-05	1.9599959129675999e-10	0.0427964381289988	-0.0047324800000007	6.991853062137442e-16	-1.2075739565964422e-15	2.23963669514454e-05	-0.0008384460000018	-0.0003500280000015	1.2251960326091868e-07	7.029916964606215e-07	0.0007618200000002	9.45100000014178e-05	8.932139740737576e-09	5.803697115940637e-07	-0.1234358092000015	0.0827832863000008	-0.0246431926999997	1
0.9953346857247588	-1.1764674554346976e-10	0.0066088108205773	-0.0019434870975344	0.0226403999999987	0.0040279000000008	1.6223978409520842e-05	0.0005125877121601	0.2271040000000028	-0.0232560000000012	0.000540841536	0.0515762268159986	0.1982459999999995	-0.0086269999999987	7.442512900055962e-05	0.0393014765159991	-0.0041498900000002	0.0005825900000021	3.394111071374644e-07	1.7221587010747976e-05	-0.0009518990000035	-0.0001134529999993	1.2871583507389136e-08	9.06111709785063e-07	0.0006635439999993	-9.82760000014852e-05	9.658172860653596e-09	4.402906402948709e-07	-0.1252273970000019	0.0892392231000007	-0.0367165729	1
1.0083694468124156	3.8551216068814e-11	-0.0133507380543205	0.0049812645673907	0.025438899999999	0.0027985000000009	7.831602249558265e-06	0.0006471376332101	0.2272020000000014	9.8000000000044e-05	9.604000164128654e-09	0.0516207488039994	0.2097340000000004	0.0114880000000011	0.0001319741439994	0.043988350756	-0.0037331799999982	0.0004167100000012	1.7364722469861e-07	1.3936632908839776e-05	-0.000670218000001	0.0002816810000028	7.934418739774117e-08	4.4919216778949886e-07	0.0008777919999991	0.0002142480000012	4.5902206768488544e-08	7.705187968217797e-07	-0.1269068893000021	0.0953757067000009	-0.0484943329000001	1
0.7328883727926535	-1.214287671912786e-11	0.2751272423050124	-0.0080155403844693	0.0332226999999997	0.0077838000000016	6.05875424405087e-05	0.0011037477952901	0.2270730000000005	-0.0001289999999999	1.6641000540145936e-08	0.0515621473289991	0.2265240000000019	0.0167900000000012	0.0002819040999987	0.0513131225760012	-0.0041688299999991	-0.0004356500000026	1.8979092334306573e-07	1.7379143567572402e-05	-0.0005387409999985	0.0001314769999996	1.7286200828189873e-08	2.902418651583014e-07	0.0008130479999985	-6.474400000112501e-05	4.191785147632753e-09	6.610470502533102e-07	-0.1284727828000021	0.1011707700000011	-0.0598816450000007	1
0.1527955611053332	3.6257818535946387e-12	0.5751676607785312	0.272036572495657	0.0294350000000001	-0.0037877000000014	1.4346671290020429e-05	0.000866419225	0.2270460000000002	-2.699999999983561e-05	7.290002903575526e-10	0.0515498861159989	0.2294530000000031	0.0029289999999997	8.579040999413297e-06	0.0526486792090011	-0.0042623100000006	-9.348000000039598e-05	8.738509732575286e-09	1.816728653665452e-05	-0.0007533430000007	-0.000214602000001	4.605401882984514e-08	5.675256772536929e-07	0.0007639059999992	-4.914200000044032e-05	2.414936117230887e-09	5.835523765730912e-07	-0.1299236757000019	0.1066036682000013	-0.0707868253000015	1
-0.1149333654787524	-9.75220524310971e-13	0.263395318338294	0.8515386034719669	0.0279300000000005	-0.0015050000000004	2.265024999380513e-06	0.0007800848999998	0.2617160000000011	0.0346700000000023	0.0012020089000005	0.0684952646560028	0.2422670000000027	0.012814	0.0001641985959983	0.0586932992890005	-0.0042332699999981	2.9039999999793903e-05	8.433221260043161e-10	1.7920574891716288e-05	-0.0006632860000007	9.005700000043656e-05	8.110261550689542e-09	4.399483180535781e-07	0.001056600000001	0.0002926940000023	8.566977953098468e-08	1.116403560783615e-06	-0.131258269400001	0.1116549529000017	-0.0811220718000019	1
-0.1379895002973508	2.25670966116572e-13	0.0221739100404339	1.1158141083181046	0.0253576	-0.0025724000000003	6.617241760725042e-06	0.0006430078777595	0.2435830000000023	-0.0181330000000005	0.0003288056890002	0.0593326778889996	0.2315870000000023	-0.0106799999999995	0.0001140624000003	0.0536325385689997	-0.0044954699999993	-0.0002622000000006	6.874884198410067e-08	2.020925052032424e-05	-0.0006926069999995	-2.9321000000379765e-05	8.597206972423703e-10	4.797044574108595e-07	0.0009367820000009	-0.0001198180000015	1.4356353642513512e-08	8.775605154480223e-07	-0.1324753691000009	0.1163065419000017	-0.0908041710000018	1
-0.0887651558320335	-1.9871954976957994e-14	-0.0490131260954916	1.1377821708966422	0.0254631	0.0001055000000002	1.1130249802645518e-08	0.0006483694616093	0.2434410000000018	-0.0001419999999995	2.016400016529039e-08	0.059263520481	0.2332670000000025	0.0016800000000005	2.822399999776699e-06	0.0544134932890004	-0.0047950600000012	-0.0002995900000005	8.97541677816986e-08	2.2992600405950614e-05	-0.0009518990000025	-0.0002592920000017	6.72323417679106e-08	9.061117097224856e-07	0.0009111810000005	-2.560100000044707e-05	6.554108504624233e-10	8.302508144339601e-07	-0.1335738854000011	0.1205417837000017	-0.099755168400002	1
-0.03988623345182	-5.8528446392806675e-15	-0.0482110165725941	1.0880872069825247	0.0252999	-0.0001631999999997	2.6634239522219137e-08	0.0006400849400094	0.252460000000002	0.009019000000001	8.134236100007203e-05	0.0637360516000012	0.2327220000000024	-0.0005449999999996	2.9702499970063466e-07	0.0541595292839999	-0.0046266099999997	0.000168450000001	2.8375403298468983e-08	2.1405520093311357e-05	-0.0005126959999999	0.0004392030000035	1.928992789497157e-07	2.628571865125257e-07	0.0009054659999995	-5.7150000001892826e-06	3.2660859900572624e-11	8.198686767697691e-07	-0.134552835000001	0.1243455172000018	-0.107902995900002	1
-0.0138970769782956	1.8327687759410603e-14	-0.0260349731719035	1.0399575206157456	0.0253722000000001	7.229999999950929e-05	5.227289608326125e-09	0.0006437485328397	0.2435150000000031	-0.0089449999999997	8.001302499917036e-05	0.0592995552250004	0.2060030000000013	-0.0267190000000006	0.0007139049610015	0.0424372360089983	-0.0046266100000002	5.4032831921892165e-18	3.809554183241783e-16	2.1405520091928027e-05	-0.0005579509999985	-4.525500000062188e-05	2.0480148713269998e-09	3.1130931753741605e-07	0.0009140909999997	8.625000000448404e-06	7.438984655414736e-11	8.355623555551076e-07	-0.135411341600001	0.1277041259000018	-0.115182051800002	1
-0.0037689522987519	-1.8230844768706306e-15	-0.0089099639451896	1.012615524379623	0.0280121000000003	0.0026399000000004	6.9690720090676825e-06	0.0007846777464109	0.2435530000000031	3.800000000000593e-05	1.4439999079007643e-09	0.0593180638090008	0.2059380000000011	-6.49999999992913e-05	4.22500007640289e-09	0.0424104598439992	-0.0045043100000004	0.0001223000000008	1.4957288944196737e-08	2.0288808575536685e-05	-0.000624293	-6.634200000057563e-05	4.401260753434598e-09	3.897417485730706e-07	0.0006707579999969	-0.0002433330000017	5.921095079203136e-08	4.499162933945543e-07	-0.136148636700001	0.1306055871000018	-0.1215337296000022	1
-0.0007947119843717	9.694779002888828e-15	-0.005825524712545	1.0067741620289268	0.0254446	-0.0025675000000003	6.592056250138029e-06	0.0006474276691605	0.2404120000000029	-0.0031410000000002	9.865881000171388e-06	0.0577979297440004	0.2089170000000013	0.0029790000000006	8.8744409999478e-06	0.0436463128889996	-0.0045723200000011	-6.800999999916153e-05	4.6253600684862425e-09	2.090611018181633e-05	-0.0007145780000007	-9.02850000003915e-05	8.15138090549482e-09	5.106217176475006e-07	0.0007958109999974	0.0001250530000019	1.5638252843867246e-08	6.333151464410517e-07	-0.136764060300001	0.1330395141000019	-0.1269068893000022	1
-5.660648061201219e-05	3.928212724592509e-15	0.0069401502480408	0.9927490768767642	0.0254955999999997	5.100000000051574e-05	2.600999842879649e-09	0.00065002561936	0.2435110000000023	0.003099	9.603801000573926e-06	0.0592976071210005	0.224373000000002	0.0154560000000011	0.000238887935999	0.0503432431290004	-0.0046266100000009	-5.428999999923481e-05	2.9474036985477892e-09	2.140552009255368e-05	-0.0006985100000008	1.606799999999575e-05	2.5817950928221425e-10	4.879162197091146e-07	0.0009280929999993	0.000132282000001	1.7498527296646782e-08	8.613566168109291e-07	-0.1372570616000012	0.1349971942000021	-0.1312582694000024	1
3.393212740218319e-06	6.67968684901217e-15	-0.0207903714819139	1.0217134311885354	0.0253963999999997	-9.91999999997834e-05	9.840639620056329e-09	0.0006449771329598	0.239429000000002	-0.0040819999999998	1.666272400015579e-05	0.057326246041	0.2242380000000024	-0.0001349999999993	1.822500003470897e-08	0.050282680644	-0.0042493199999993	0.0003772900000015	1.4234774440932586e-07	1.8056720460555114e-05	-0.000547759999999	0.0001507500000009	2.272556257292263e-08	3.000410165616803e-07	0.0010082600000004	8.016700000016456e-05	6.426747525857191e-09	1.0165882290433762e-06	-0.1376271992000012	0.136471619400002	-0.1345528350000026	1
-1.3180434557412198e-06	5.113517688624967e-15	0.1338634557441058	0.8629399239117999	0.0381776000000009	0.0127812000000019	0.0001633590734409	0.0014575291417611	0.2352730000000017	-0.0041559999999996	1.727233599979189e-05	0.0553533845290001	0.2184600000000025	-0.0057779999999996	3.338528400018532e-05	0.0477247715999996	-0.0041802399999994	6.907999999911737e-05	4.772044137556622e-09	1.7474406455445418e-05	-0.0004046399999975	0.0001431199999993	2.0483333607689315e-08	1.6373352874410474e-07	0.0011199000000003	0.0001116399999999	1.2463488312934945e-08	1.2541760124415562e-06	-0.1378741418000013	0.137457511700002	-0.1367640603000025	1
2.0060251068598767e-06	5.23192600354605e-15	0.3288738199237107	0.6530044307845858	0.0398602000000016	0.0016825999999988	2.8311427605837505e-06	0.0015888355440412	0.226704000000002	-0.0085689999999999	7.342776099935125e-05	0.0513947036159997	0.1978370000000019	-0.0206230000000006	0.0004253081290009	0.039139478568999	-0.0048626200000036	-0.0006823800000014	4.656424660450706e-07	2.364507326755664e-05	-0.0004198699999986	-1.5230000001224523e-05	2.3195185053507704e-10	1.762908165073238e-07	0.0011589300000014	3.903000000059177e-05	1.523340774136149e-09	1.3431187466125437e-06	-0.1379976685000014	0.137951341700002	-0.1378741418000024	1
